student_id,risk_score,risk_band,simulated_support_need,actual_positive,predicted_positive
STU000001,32.0,Moderate,Moderate,False,False
STU000002,18.0,Low,Moderate,False,False
STU000003,48.0,Moderate,Moderate,False,False
STU000004,65.0,High,Moderate,False,True
STU000005,32.0,Moderate,High,True,False
STU000006,7.0,Low,Moderate,False,False
STU000007,57.0,Moderate,High,True,False
STU000008,32.0,Moderate,Moderate,False,False
STU000009,74.0,High,High,True,True
STU000010,33.0,Moderate,Moderate,False,False
STU000011,61.0,High,High,True,True
STU000012,35.0,Moderate,Moderate,False,False
STU000013,35.0,Moderate,Moderate,False,False
STU000014,73.0,High,High,True,True
STU000015,18.0,Low,Low,False,False
STU000016,35.0,Moderate,Moderate,False,False
STU000017,51.0,Moderate,Moderate,False,False
STU000018,13.0,Low,Moderate,False,False
STU000019,47.0,Moderate,High,True,False
STU000020,28.0,Low,Moderate,False,False
STU000021,17.0,Low,Moderate,False,False
STU000022,46.0,Moderate,Low,False,False
STU000023,25.0,Low,Moderate,False,False
STU000024,38.0,Moderate,Low,False,False
STU000025,28.0,Low,Low,False,False
STU000026,32.0,Moderate,Moderate,False,False
STU000027,40.0,Moderate,Moderate,False,False
STU000028,48.0,Moderate,Moderate,False,False
STU000029,51.0,Moderate,High,True,False
STU000030,50.0,Moderate,High,True,False
STU000031,8.0,Low,Low,False,False
STU000032,55.0,Moderate,High,True,False
STU000033,15.0,Low,High,True,False
STU000034,10.0,Low,Low,False,False
STU000035,8.0,Low,Low,False,False
STU000036,53.0,Moderate,Moderate,False,False
STU000037,52.0,Moderate,Moderate,False,False
STU000038,65.0,High,Moderate,False,True
STU000039,16.0,Low,Low,False,False
STU000040,61.0,High,High,True,True
STU000041,27.0,Low,Low,False,False
STU000042,22.0,Low,Moderate,False,False
STU000043,32.0,Moderate,Moderate,False,False
STU000044,13.0,Low,Low,False,False
STU000045,40.0,Moderate,Low,False,False
STU000046,32.0,Moderate,Moderate,False,False
STU000047,49.0,Moderate,Moderate,False,False
STU000048,32.0,Moderate,Low,False,False
STU000049,47.0,Moderate,Moderate,False,False
STU000050,41.0,Moderate,Moderate,False,False
STU000051,35.0,Moderate,Moderate,False,False
STU000052,35.0,Moderate,Moderate,False,False
STU000053,17.0,Low,Low,False,False
STU000054,44.0,Moderate,Moderate,False,False
STU000055,42.0,Moderate,Moderate,False,False
STU000056,40.0,Moderate,Low,False,False
STU000057,25.0,Low,Moderate,False,False
STU000058,34.0,Moderate,Moderate,False,False
STU000059,44.0,Moderate,High,True,False
STU000060,35.0,Moderate,Low,False,False
STU000061,42.0,Moderate,Moderate,False,False
STU000062,61.0,High,High,True,True
STU000063,64.0,High,Moderate,False,True
STU000064,43.0,Moderate,Moderate,False,False
STU000065,77.0,High,High,True,True
STU000066,52.0,Moderate,High,True,False
STU000067,38.0,Moderate,Moderate,False,False
STU000068,18.0,Low,Moderate,False,False
STU000069,46.0,Moderate,High,True,False
STU000070,69.0,High,Critical,True,True
STU000071,35.0,Moderate,Moderate,False,False
STU000072,67.0,High,Moderate,False,True
STU000073,61.0,High,High,True,True
STU000074,22.0,Low,Moderate,False,False
STU000075,42.0,Moderate,Moderate,False,False
STU000076,35.0,Moderate,Moderate,False,False
STU000077,72.0,High,High,True,True
STU000078,46.0,Moderate,Moderate,False,False
STU000079,37.0,Moderate,High,True,False
STU000080,55.0,Moderate,Moderate,False,False
STU000081,25.0,Low,Moderate,False,False
STU000082,7.0,Low,Low,False,False
STU000083,17.0,Low,Moderate,False,False
STU000084,50.0,Moderate,Moderate,False,False
STU000085,8.0,Low,Low,False,False
STU000086,70.0,High,High,True,True
STU000087,15.0,Low,Low,False,False
STU000088,25.0,Low,Low,False,False
STU000089,41.0,Moderate,Moderate,False,False
STU000090,62.0,High,High,True,True
STU000091,35.0,Moderate,Low,False,False
STU000092,66.0,High,High,True,True
STU000093,21.0,Low,Moderate,False,False
STU000094,41.0,Moderate,Moderate,False,False
STU000095,82.0,Critical,High,True,True
STU000096,32.0,Moderate,Moderate,False,False
STU000097,61.0,High,Moderate,False,True
STU000098,33.0,Moderate,Moderate,False,False
STU000099,49.0,Moderate,Moderate,False,False
STU000100,28.0,Low,Moderate,False,False
STU000101,41.0,Moderate,High,True,False
STU000102,81.0,Critical,High,True,True
STU000103,30.0,Moderate,Moderate,False,False
STU000104,28.0,Low,Low,False,False
STU000105,57.0,Moderate,High,True,False
STU000106,44.0,Moderate,Moderate,False,False
STU000107,32.0,Moderate,Moderate,False,False
STU000108,15.0,Low,Low,False,False
STU000109,42.0,Moderate,High,True,False
STU000110,44.0,Moderate,Moderate,False,False
STU000111,35.0,Moderate,High,True,False
STU000112,51.0,Moderate,Moderate,False,False
STU000113,46.0,Moderate,Moderate,False,False
STU000114,40.0,Moderate,Moderate,False,False
STU000115,74.0,High,High,True,True
STU000116,32.0,Moderate,Moderate,False,False
STU000117,51.0,Moderate,Moderate,False,False
STU000118,49.0,Moderate,High,True,False
STU000119,34.0,Moderate,Moderate,False,False
STU000120,25.0,Low,Moderate,False,False
STU000121,25.0,Low,Moderate,False,False
STU000122,17.0,Low,Low,False,False
STU000123,40.0,Moderate,Moderate,False,False
STU000124,41.0,Moderate,Moderate,False,False
STU000125,51.0,Moderate,High,True,False
STU000126,24.0,Low,Low,False,False
STU000127,50.0,Moderate,High,True,False
STU000128,20.0,Low,Low,False,False
STU000129,34.0,Moderate,Low,False,False
STU000130,46.0,Moderate,Moderate,False,False
STU000131,41.0,Moderate,Moderate,False,False
STU000132,3.0,Low,Low,False,False
STU000133,58.0,Moderate,High,True,False
STU000134,68.0,High,Moderate,False,True
STU000135,62.0,High,High,True,True
STU000136,50.0,Moderate,Moderate,False,False
STU000137,65.0,High,High,True,True
STU000138,18.0,Low,High,True,False
STU000139,27.0,Low,Low,False,False
STU000140,10.0,Low,Moderate,False,False
STU000141,0.0,Low,Low,False,False
STU000142,40.0,Moderate,High,True,False
STU000143,72.0,High,High,True,True
STU000144,56.0,Moderate,High,True,False
STU000145,13.0,Low,Low,False,False
STU000146,17.0,Low,Moderate,False,False
STU000147,70.0,High,Critical,True,True
STU000148,10.0,Low,Moderate,False,False
STU000149,15.0,Low,Low,False,False
STU000150,41.0,Moderate,Moderate,False,False
STU000151,34.0,Moderate,Moderate,False,False
STU000152,32.0,Moderate,Low,False,False
STU000153,62.0,High,High,True,True
STU000154,43.0,Moderate,Moderate,False,False
STU000155,55.0,Moderate,Moderate,False,False
STU000156,60.0,High,High,True,True
STU000157,59.0,Moderate,Moderate,False,False
STU000158,27.0,Low,Moderate,False,False
STU000159,0.0,Low,Low,False,False
STU000160,62.0,High,Moderate,False,True
STU000161,73.0,High,Critical,True,True
STU000162,41.0,Moderate,Moderate,False,False
STU000163,27.0,Low,Low,False,False
STU000164,52.0,Moderate,Moderate,False,False
STU000165,32.0,Moderate,Low,False,False
STU000166,25.0,Low,Moderate,False,False
STU000167,6.0,Low,Low,False,False
STU000168,49.0,Moderate,Moderate,False,False
STU000169,41.0,Moderate,Moderate,False,False
STU000170,8.0,Low,Low,False,False
STU000171,23.0,Low,Moderate,False,False
STU000172,37.0,Moderate,Moderate,False,False
STU000173,65.0,High,High,True,True
STU000174,40.0,Moderate,Moderate,False,False
STU000175,28.0,Low,Low,False,False
STU000176,60.0,High,Moderate,False,True
STU000177,49.0,Moderate,High,True,False
STU000178,34.0,Moderate,Moderate,False,False
STU000179,30.0,Moderate,Low,False,False
STU000180,35.0,Moderate,Moderate,False,False
STU000181,56.0,Moderate,Moderate,False,False
STU000182,21.0,Low,Moderate,False,False
STU000183,67.0,High,High,True,True
STU000184,22.0,Low,Moderate,False,False
STU000185,41.0,Moderate,High,True,False
STU000186,44.0,Moderate,High,True,False
STU000187,32.0,Moderate,Moderate,False,False
STU000188,8.0,Low,Moderate,False,False
STU000189,40.0,Moderate,Moderate,False,False
STU000190,49.0,Moderate,Moderate,False,False
STU000191,10.0,Low,Low,False,False
STU000192,15.0,Low,Moderate,False,False
STU000193,46.0,Moderate,Moderate,False,False
STU000194,48.0,Moderate,Moderate,False,False
STU000195,51.0,Moderate,High,True,False
STU000196,25.0,Low,Low,False,False
STU000197,24.0,Low,Moderate,False,False
STU000198,46.0,Moderate,Moderate,False,False
STU000199,49.0,Moderate,High,True,False
STU000200,52.0,Moderate,Moderate,False,False
STU000201,58.0,Moderate,Moderate,False,False
STU000202,10.0,Low,Moderate,False,False
STU000203,25.0,Low,Moderate,False,False
STU000204,25.0,Low,Moderate,False,False
STU000205,74.0,High,High,True,True
STU000206,56.0,Moderate,High,True,False
STU000207,34.0,Moderate,Moderate,False,False
STU000208,32.0,Moderate,Low,False,False
STU000209,74.0,High,High,True,True
STU000210,55.0,Moderate,Moderate,False,False
STU000211,47.0,Moderate,Moderate,False,False
STU000212,32.0,Moderate,Moderate,False,False
STU000213,20.0,Low,Low,False,False
STU000214,15.0,Low,Moderate,False,False
STU000215,40.0,Moderate,Low,False,False
STU000216,30.0,Moderate,Low,False,False
STU000217,7.0,Low,Low,False,False
STU000218,7.0,Low,Moderate,False,False
STU000219,41.0,Moderate,Moderate,False,False
STU000220,56.0,Moderate,Moderate,False,False
STU000221,48.0,Moderate,Moderate,False,False
STU000222,62.0,High,High,True,True
STU000223,25.0,Low,Moderate,False,False
STU000224,84.0,Critical,High,True,True
STU000225,7.0,Low,Moderate,False,False
STU000226,42.0,Moderate,Moderate,False,False
STU000227,51.0,Moderate,Moderate,False,False
STU000228,57.0,Moderate,Moderate,False,False
STU000229,16.0,Low,Low,False,False
STU000230,55.0,Moderate,High,True,False
STU000231,49.0,Moderate,High,True,False
STU000232,76.0,High,High,True,True
STU000233,0.0,Low,Low,False,False
STU000234,0.0,Low,Low,False,False
STU000235,40.0,Moderate,Moderate,False,False
STU000236,34.0,Moderate,Low,False,False
STU000237,21.0,Low,Moderate,False,False
STU000238,25.0,Low,Low,False,False
STU000239,20.0,Low,Moderate,False,False
STU000240,38.0,Moderate,Moderate,False,False
STU000241,42.0,Moderate,Moderate,False,False
STU000242,33.0,Moderate,Moderate,False,False
STU000243,65.0,High,Moderate,False,True
STU000244,49.0,Moderate,Moderate,False,False
STU000245,53.0,Moderate,High,True,False
STU000246,70.0,High,High,True,True
STU000247,44.0,Moderate,Low,False,False
STU000248,51.0,Moderate,Moderate,False,False
STU000249,55.0,Moderate,High,True,False
STU000250,34.0,Moderate,Moderate,False,False
STU000251,25.0,Low,Moderate,False,False
STU000252,24.0,Low,Moderate,False,False
STU000253,72.0,High,High,True,True
STU000254,18.0,Low,Low,False,False
STU000255,43.0,Moderate,Moderate,False,False
STU000256,35.0,Moderate,Moderate,False,False
STU000257,35.0,Moderate,Moderate,False,False
STU000258,65.0,High,Moderate,False,True
STU000259,42.0,Moderate,Moderate,False,False
STU000260,15.0,Low,Low,False,False
STU000261,11.0,Low,Low,False,False
STU000262,38.0,Moderate,Moderate,False,False
STU000263,38.0,Moderate,Moderate,False,False
STU000264,25.0,Low,Moderate,False,False
STU000265,27.0,Low,Moderate,False,False
STU000266,42.0,Moderate,Moderate,False,False
STU000267,25.0,Low,Moderate,False,False
STU000268,18.0,Low,Moderate,False,False
STU000269,59.0,Moderate,Moderate,False,False
STU000270,81.0,Critical,High,True,True
STU000271,55.0,Moderate,Moderate,False,False
STU000272,20.0,Low,Low,False,False
STU000273,55.0,Moderate,Moderate,False,False
STU000274,15.0,Low,Moderate,False,False
STU000275,18.0,Low,Low,False,False
STU000276,44.0,Moderate,Moderate,False,False
STU000277,34.0,Moderate,Moderate,False,False
STU000278,46.0,Moderate,Moderate,False,False
STU000279,85.0,Critical,High,True,True
STU000280,57.0,Moderate,High,True,False
STU000281,49.0,Moderate,Moderate,False,False
STU000282,33.0,Moderate,Moderate,False,False
STU000283,77.0,High,High,True,True
STU000284,7.0,Low,Low,False,False
STU000285,52.0,Moderate,Moderate,False,False
STU000286,25.0,Low,Moderate,False,False
STU000287,17.0,Low,Moderate,False,False
STU000288,44.0,Moderate,Moderate,False,False
STU000289,69.0,High,Moderate,False,True
STU000290,52.0,Moderate,Moderate,False,False
STU000291,47.0,Moderate,High,True,False
STU000292,18.0,Low,Moderate,False,False
STU000293,37.0,Moderate,Moderate,False,False
STU000294,70.0,High,High,True,True
STU000295,17.0,Low,Moderate,False,False
STU000296,10.0,Low,Low,False,False
STU000297,7.0,Low,Low,False,False
STU000298,10.0,Low,Low,False,False
STU000299,46.0,Moderate,High,True,False
STU000300,30.0,Moderate,Moderate,False,False
STU000301,20.0,Low,Low,False,False
STU000302,36.0,Moderate,High,True,False
STU000303,28.0,Low,Moderate,False,False
STU000304,17.0,Low,Moderate,False,False
STU000305,35.0,Moderate,Low,False,False
STU000306,42.0,Moderate,High,True,False
STU000307,28.0,Low,Moderate,False,False
STU000308,49.0,Moderate,High,True,False
STU000309,41.0,Moderate,Moderate,False,False
STU000310,50.0,Moderate,Moderate,False,False
STU000311,14.0,Low,Moderate,False,False
STU000312,48.0,Moderate,Moderate,False,False
STU000313,46.0,Moderate,Moderate,False,False
STU000314,66.0,High,Moderate,False,True
STU000315,49.0,Moderate,Moderate,False,False
STU000316,11.0,Low,Moderate,False,False
STU000317,3.0,Low,Moderate,False,False
STU000318,62.0,High,Moderate,False,True
STU000319,44.0,Moderate,High,True,False
STU000320,53.0,Moderate,High,True,False
STU000321,62.0,High,High,True,True
STU000322,46.0,Moderate,Moderate,False,False
STU000323,22.0,Low,Low,False,False
STU000324,21.0,Low,Low,False,False
STU000325,85.0,Critical,High,True,True
STU000326,70.0,High,Moderate,False,True
STU000327,68.0,High,High,True,True
STU000328,17.0,Low,Low,False,False
STU000329,35.0,Moderate,Low,False,False
STU000330,35.0,Moderate,Moderate,False,False
STU000331,73.0,High,Critical,True,True
STU000332,17.0,Low,Low,False,False
STU000333,50.0,Moderate,Moderate,False,False
STU000334,40.0,Moderate,Moderate,False,False
STU000335,35.0,Moderate,Moderate,False,False
STU000336,40.0,Moderate,Moderate,False,False
STU000337,57.0,Moderate,High,True,False
STU000338,59.0,Moderate,High,True,False
STU000339,17.0,Low,Moderate,False,False
STU000340,50.0,Moderate,Moderate,False,False
STU000341,72.0,High,High,True,True
STU000342,49.0,Moderate,High,True,False
STU000343,30.0,Moderate,Moderate,False,False
STU000344,41.0,Moderate,Moderate,False,False
STU000345,55.0,Moderate,Moderate,False,False
STU000346,35.0,Moderate,Moderate,False,False
STU000347,13.0,Low,Moderate,False,False
STU000348,35.0,Moderate,Low,False,False
STU000349,80.0,Critical,High,True,True
STU000350,25.0,Low,Moderate,False,False
STU000351,65.0,High,High,True,True
STU000352,53.0,Moderate,Moderate,False,False
STU000353,60.0,High,High,True,True
STU000354,21.0,Low,Low,False,False
STU000355,52.0,Moderate,High,True,False
STU000356,27.0,Low,Low,False,False
STU000357,63.0,High,Moderate,False,True
STU000358,46.0,Moderate,High,True,False
STU000359,15.0,Low,Moderate,False,False
STU000360,35.0,Moderate,Moderate,False,False
STU000361,46.0,Moderate,Moderate,False,False
STU000362,44.0,Moderate,Moderate,False,False
STU000363,32.0,Moderate,Moderate,False,False
STU000364,29.0,Low,Low,False,False
STU000365,52.0,Moderate,Moderate,False,False
STU000366,32.0,Moderate,Moderate,False,False
STU000367,32.0,Moderate,High,True,False
STU000368,6.0,Low,Low,False,False
STU000369,51.0,Moderate,Moderate,False,False
STU000370,27.0,Low,Moderate,False,False
STU000371,14.0,Low,Low,False,False
STU000372,40.0,Moderate,High,True,False
STU000373,35.0,Moderate,Moderate,False,False
STU000374,61.0,High,High,True,True
STU000375,35.0,Moderate,Moderate,False,False
STU000376,32.0,Moderate,Moderate,False,False
STU000377,32.0,Moderate,High,True,False
STU000378,31.0,Moderate,High,True,False
STU000379,57.0,Moderate,Moderate,False,False
STU000380,64.0,High,Moderate,False,True
STU000381,50.0,Moderate,Moderate,False,False
STU000382,34.0,Moderate,Moderate,False,False
STU000383,59.0,Moderate,High,True,False
STU000384,62.0,High,Moderate,False,True
STU000385,44.0,Moderate,High,True,False
STU000386,33.0,Moderate,Moderate,False,False
STU000387,64.0,High,High,True,True
STU000388,35.0,Moderate,Moderate,False,False
STU000389,42.0,Moderate,Moderate,False,False
STU000390,55.0,Moderate,High,True,False
STU000391,17.0,Low,Low,False,False
STU000392,8.0,Low,Moderate,False,False
STU000393,17.0,Low,Moderate,False,False
STU000394,35.0,Moderate,Moderate,False,False
STU000395,32.0,Moderate,Moderate,False,False
STU000396,34.0,Moderate,Moderate,False,False
STU000397,59.0,Moderate,High,True,False
STU000398,28.0,Low,Low,False,False
STU000399,15.0,Low,Low,False,False
STU000400,55.0,Moderate,Moderate,False,False
STU000401,46.0,Moderate,Moderate,False,False
STU000402,7.0,Low,Low,False,False
STU000403,72.0,High,High,True,True
STU000404,7.0,Low,Low,False,False
STU000405,35.0,Moderate,High,True,False
STU000406,48.0,Moderate,Moderate,False,False
STU000407,40.0,Moderate,Moderate,False,False
STU000408,44.0,Moderate,Moderate,False,False
STU000409,8.0,Low,Low,False,False
STU000410,67.0,High,High,True,True
STU000411,38.0,Moderate,Moderate,False,False
STU000412,25.0,Low,Low,False,False
STU000413,70.0,High,Moderate,False,True
STU000414,38.0,Moderate,Low,False,False
STU000415,56.0,Moderate,Moderate,False,False
STU000416,3.0,Low,Low,False,False
STU000417,32.0,Moderate,Moderate,False,False
STU000418,7.0,Low,Low,False,False
STU000419,38.0,Moderate,Moderate,False,False
STU000420,10.0,Low,Low,False,False
STU000421,59.0,Moderate,High,True,False
STU000422,59.0,Moderate,High,True,False
STU000423,31.0,Moderate,Low,False,False
STU000424,23.0,Low,Low,False,False
STU000425,51.0,Moderate,Moderate,False,False
STU000426,59.0,Moderate,High,True,False
STU000427,7.0,Low,Moderate,False,False
STU000428,35.0,Moderate,Moderate,False,False
STU000429,30.0,Moderate,Low,False,False
STU000430,31.0,Moderate,Moderate,False,False
STU000431,3.0,Low,Low,False,False
STU000432,61.0,High,Moderate,False,True
STU000433,15.0,Low,Moderate,False,False
STU000434,28.0,Low,Low,False,False
STU000435,35.0,Moderate,Moderate,False,False
STU000436,27.0,Low,Moderate,False,False
STU000437,10.0,Low,Moderate,False,False
STU000438,66.0,High,High,True,True
STU000439,10.0,Low,Moderate,False,False
STU000440,0.0,Low,Moderate,False,False
STU000441,55.0,Moderate,Moderate,False,False
STU000442,25.0,Low,Moderate,False,False
STU000443,51.0,Moderate,High,True,False
STU000444,35.0,Moderate,Moderate,False,False
STU000445,13.0,Low,Low,False,False
STU000446,0.0,Low,Low,False,False
STU000447,65.0,High,High,True,True
STU000448,15.0,Low,Moderate,False,False
STU000449,41.0,Moderate,Moderate,False,False
STU000450,35.0,Moderate,Low,False,False
STU000451,21.0,Low,Moderate,False,False
STU000452,60.0,High,High,True,True
STU000453,15.0,Low,Low,False,False
STU000454,37.0,Moderate,Moderate,False,False
STU000455,17.0,Low,Low,False,False
STU000456,6.0,Low,Low,False,False
STU000457,3.0,Low,Moderate,False,False
STU000458,35.0,Moderate,Moderate,False,False
STU000459,42.0,Moderate,High,True,False
STU000460,31.0,Moderate,Moderate,False,False
STU000461,7.0,Low,Moderate,False,False
STU000462,6.0,Low,Low,False,False
STU000463,21.0,Low,Low,False,False
STU000464,25.0,Low,Moderate,False,False
STU000465,55.0,Moderate,High,True,False
STU000466,52.0,Moderate,Moderate,False,False
STU000467,21.0,Low,Moderate,False,False
STU000468,8.0,Low,Low,False,False
STU000469,35.0,Moderate,Low,False,False
STU000470,35.0,Moderate,Moderate,False,False
STU000471,46.0,Moderate,High,True,False
STU000472,3.0,Low,Low,False,False
STU000473,57.0,Moderate,High,True,False
STU000474,41.0,Moderate,Moderate,False,False
STU000475,59.0,Moderate,Moderate,False,False
STU000476,44.0,Moderate,Moderate,False,False
STU000477,63.0,High,High,True,True
STU000478,25.0,Low,Moderate,False,False
STU000479,63.0,High,High,True,True
STU000480,58.0,Moderate,Moderate,False,False
STU000481,49.0,Moderate,High,True,False
STU000482,28.0,Low,Low,False,False
STU000483,52.0,Moderate,High,True,False
STU000484,25.0,Low,Moderate,False,False
STU000485,51.0,Moderate,Moderate,False,False
STU000486,70.0,High,High,True,True
STU000487,56.0,Moderate,Moderate,False,False
STU000488,25.0,Low,Moderate,False,False
STU000489,69.0,High,High,True,True
STU000490,55.0,Moderate,Moderate,False,False
STU000491,20.0,Low,Low,False,False
STU000492,34.0,Moderate,Low,False,False
STU000493,28.0,Low,Moderate,False,False
STU000494,34.0,Moderate,Moderate,False,False
STU000495,6.0,Low,Low,False,False
STU000496,25.0,Low,Moderate,False,False
STU000497,61.0,High,Moderate,False,True
STU000498,23.0,Low,Moderate,False,False
STU000499,23.0,Low,Low,False,False
STU000500,40.0,Moderate,Moderate,False,False
STU000501,58.0,Moderate,Low,False,False
STU000502,15.0,Low,Moderate,False,False
STU000503,30.0,Moderate,Low,False,False
STU000504,13.0,Low,Moderate,False,False
STU000505,50.0,Moderate,Moderate,False,False
STU000506,48.0,Moderate,Moderate,False,False
STU000507,46.0,Moderate,High,True,False
STU000508,57.0,Moderate,High,True,False
STU000509,57.0,Moderate,Low,False,False
STU000510,3.0,Low,Low,False,False
STU000511,41.0,Moderate,Moderate,False,False
STU000512,32.0,Moderate,Moderate,False,False
STU000513,36.0,Moderate,Moderate,False,False
STU000514,44.0,Moderate,High,True,False
STU000515,76.0,High,High,True,True
STU000516,49.0,Moderate,Moderate,False,False
STU000517,43.0,Moderate,Moderate,False,False
STU000518,72.0,High,High,True,True
STU000519,25.0,Low,Moderate,False,False
STU000520,40.0,Moderate,Moderate,False,False
STU000521,42.0,Moderate,Moderate,False,False
STU000522,34.0,Moderate,Low,False,False
STU000523,41.0,Moderate,Moderate,False,False
STU000524,17.0,Low,Low,False,False
STU000525,68.0,High,High,True,True
STU000526,25.0,Low,Moderate,False,False
STU000527,24.0,Low,Moderate,False,False
STU000528,32.0,Moderate,Moderate,False,False
STU000529,74.0,High,High,True,True
STU000530,44.0,Moderate,Moderate,False,False
STU000531,17.0,Low,Low,False,False
STU000532,42.0,Moderate,Moderate,False,False
STU000533,10.0,Low,Low,False,False
STU000534,17.0,Low,Moderate,False,False
STU000535,27.0,Low,Moderate,False,False
STU000536,63.0,High,High,True,True
STU000537,46.0,Moderate,Low,False,False
STU000538,55.0,Moderate,Moderate,False,False
STU000539,7.0,Low,Low,False,False
STU000540,46.0,Moderate,High,True,False
STU000541,78.0,High,High,True,True
STU000542,64.0,High,High,True,True
STU000543,59.0,Moderate,High,True,False
STU000544,65.0,High,High,True,True
STU000545,40.0,Moderate,Moderate,False,False
STU000546,32.0,Moderate,Low,False,False
STU000547,54.0,Moderate,Moderate,False,False
STU000548,62.0,High,Moderate,False,True
STU000549,57.0,Moderate,Moderate,False,False
STU000550,38.0,Moderate,Moderate,False,False
STU000551,27.0,Low,Low,False,False
STU000552,43.0,Moderate,Moderate,False,False
STU000553,65.0,High,High,True,True
STU000554,8.0,Low,Low,False,False
STU000555,37.0,Moderate,High,True,False
STU000556,43.0,Moderate,Moderate,False,False
STU000557,62.0,High,High,True,True
STU000558,35.0,Moderate,Moderate,False,False
STU000559,14.0,Low,Moderate,False,False
STU000560,55.0,Moderate,Moderate,False,False
STU000561,43.0,Moderate,High,True,False
STU000562,70.0,High,Moderate,False,True
STU000563,7.0,Low,Low,False,False
STU000564,25.0,Low,Moderate,False,False
STU000565,25.0,Low,Moderate,False,False
STU000566,17.0,Low,Low,False,False
STU000567,51.0,Moderate,Moderate,False,False
STU000568,35.0,Moderate,Moderate,False,False
STU000569,18.0,Low,Low,False,False
STU000570,70.0,High,High,True,True
STU000571,63.0,High,Moderate,False,True
STU000572,28.0,Low,Moderate,False,False
STU000573,46.0,Moderate,Moderate,False,False
STU000574,60.0,High,Moderate,False,True
STU000575,25.0,Low,Moderate,False,False
STU000576,35.0,Moderate,Moderate,False,False
STU000577,68.0,High,Moderate,False,True
STU000578,27.0,Low,Moderate,False,False
STU000579,25.0,Low,Low,False,False
STU000580,42.0,Moderate,Moderate,False,False
STU000581,59.0,Moderate,High,True,False
STU000582,59.0,Moderate,Moderate,False,False
STU000583,0.0,Low,Low,False,False
STU000584,66.0,High,High,True,True
STU000585,51.0,Moderate,High,True,False
STU000586,50.0,Moderate,Low,False,False
STU000587,25.0,Low,Moderate,False,False
STU000588,33.0,Moderate,Moderate,False,False
STU000589,70.0,High,High,True,True
STU000590,37.0,Moderate,High,True,False
STU000591,40.0,Moderate,Moderate,False,False
STU000592,38.0,Moderate,Moderate,False,False
STU000593,48.0,Moderate,Moderate,False,False
STU000594,49.0,Moderate,High,True,False
STU000595,55.0,Moderate,High,True,False
STU000596,17.0,Low,Low,False,False
STU000597,32.0,Moderate,Low,False,False
STU000598,7.0,Low,Low,False,False
STU000599,25.0,Low,Moderate,False,False
STU000600,32.0,Moderate,Moderate,False,False
STU000601,25.0,Low,Low,False,False
STU000602,28.0,Low,Low,False,False
STU000603,36.0,Moderate,Moderate,False,False
STU000604,27.0,Low,Low,False,False
STU000605,32.0,Moderate,Moderate,False,False
STU000606,40.0,Moderate,Moderate,False,False
STU000607,25.0,Low,Low,False,False
STU000608,14.0,Low,Moderate,False,False
STU000609,24.0,Low,Moderate,False,False
STU000610,28.0,Low,Moderate,False,False
STU000611,30.0,Moderate,Moderate,False,False
STU000612,21.0,Low,Moderate,False,False
STU000613,32.0,Moderate,Moderate,False,False
STU000614,25.0,Low,Moderate,False,False
STU000615,8.0,Low,Low,False,False
STU000616,41.0,Moderate,High,True,False
STU000617,44.0,Moderate,Moderate,False,False
STU000618,72.0,High,High,True,True
STU000619,25.0,Low,Low,False,False
STU000620,49.0,Moderate,Moderate,False,False
STU000621,53.0,Moderate,Moderate,False,False
STU000622,15.0,Low,Low,False,False
STU000623,34.0,Moderate,Moderate,False,False
STU000624,60.0,High,High,True,True
STU000625,63.0,High,Moderate,False,True
STU000626,52.0,Moderate,High,True,False
STU000627,25.0,Low,Moderate,False,False
STU000628,38.0,Moderate,Low,False,False
STU000629,50.0,Moderate,Moderate,False,False
STU000630,44.0,Moderate,High,True,False
STU000631,15.0,Low,Moderate,False,False
STU000632,15.0,Low,Moderate,False,False
STU000633,10.0,Low,Low,False,False
STU000634,49.0,Moderate,High,True,False
STU000635,46.0,Moderate,Low,False,False
STU000636,59.0,Moderate,Moderate,False,False
STU000637,35.0,Moderate,Moderate,False,False
STU000638,40.0,Moderate,Moderate,False,False
STU000639,44.0,Moderate,Moderate,False,False
STU000640,55.0,Moderate,Moderate,False,False
STU000641,38.0,Moderate,Moderate,False,False
STU000642,37.0,Moderate,Moderate,False,False
STU000643,52.0,Moderate,Moderate,False,False
STU000644,17.0,Low,Low,False,False
STU000645,63.0,High,High,True,True
STU000646,15.0,Low,Low,False,False
STU000647,47.0,Moderate,Moderate,False,False
STU000648,44.0,Moderate,High,True,False
STU000649,44.0,Moderate,High,True,False
STU000650,25.0,Low,Low,False,False
STU000651,41.0,Moderate,Moderate,False,False
STU000652,80.0,Critical,High,True,True
STU000653,25.0,Low,Low,False,False
STU000654,55.0,Moderate,Moderate,False,False
STU000655,35.0,Moderate,Moderate,False,False
STU000656,89.0,Critical,High,True,True
STU000657,18.0,Low,Low,False,False
STU000658,32.0,Moderate,Moderate,False,False
STU000659,47.0,Moderate,Moderate,False,False
STU000660,17.0,Low,Moderate,False,False
STU000661,49.0,Moderate,High,True,False
STU000662,28.0,Low,Moderate,False,False
STU000663,40.0,Moderate,Moderate,False,False
STU000664,40.0,Moderate,Moderate,False,False
STU000665,33.0,Moderate,Moderate,False,False
STU000666,0.0,Low,Low,False,False
STU000667,24.0,Low,Moderate,False,False
STU000668,24.0,Low,Moderate,False,False
STU000669,44.0,Moderate,High,True,False
STU000670,0.0,Low,Low,False,False
STU000671,50.0,Moderate,Moderate,False,False
STU000672,25.0,Low,Low,False,False
STU000673,18.0,Low,Low,False,False
STU000674,59.0,Moderate,High,True,False
STU000675,33.0,Moderate,Moderate,False,False
STU000676,14.0,Low,Low,False,False
STU000677,63.0,High,High,True,True
STU000678,56.0,Moderate,High,True,False
STU000679,49.0,Moderate,High,True,False
STU000680,25.0,Low,Moderate,False,False
STU000681,47.0,Moderate,Moderate,False,False
STU000682,67.0,High,High,True,True
STU000683,3.0,Low,Low,False,False
STU000684,89.0,Critical,High,True,True
STU000685,25.0,Low,Moderate,False,False
STU000686,55.0,Moderate,High,True,False
STU000687,44.0,Moderate,Moderate,False,False
STU000688,32.0,Moderate,Moderate,False,False
STU000689,53.0,Moderate,High,True,False
STU000690,40.0,Moderate,Moderate,False,False
STU000691,31.0,Moderate,Low,False,False
STU000692,8.0,Low,Low,False,False
STU000693,21.0,Low,Low,False,False
STU000694,42.0,Moderate,High,True,False
STU000695,55.0,Moderate,Moderate,False,False
STU000696,32.0,Moderate,Low,False,False
STU000697,27.0,Low,Low,False,False
STU000698,40.0,Moderate,Moderate,False,False
STU000699,70.0,High,Moderate,False,True
STU000700,31.0,Moderate,Moderate,False,False
STU000701,28.0,Low,Low,False,False
STU000702,72.0,High,High,True,True
STU000703,47.0,Moderate,Moderate,False,False
STU000704,32.0,Moderate,Moderate,False,False
STU000705,25.0,Low,Moderate,False,False
STU000706,49.0,Moderate,High,True,False
STU000707,59.0,Moderate,High,True,False
STU000708,17.0,Low,Low,False,False
STU000709,0.0,Low,Low,False,False
STU000710,28.0,Low,Moderate,False,False
STU000711,61.0,High,High,True,True
STU000712,35.0,Moderate,Moderate,False,False
STU000713,50.0,Moderate,Moderate,False,False
STU000714,34.0,Moderate,Moderate,False,False
STU000715,24.0,Low,Low,False,False
STU000716,35.0,Moderate,Low,False,False
STU000717,38.0,Moderate,High,True,False
STU000718,60.0,High,High,True,True
STU000719,62.0,High,High,True,True
STU000720,28.0,Low,Moderate,False,False
STU000721,15.0,Low,Low,False,False
STU000722,40.0,Moderate,Low,False,False
STU000723,50.0,Moderate,High,True,False
STU000724,28.0,Low,Moderate,False,False
STU000725,25.0,Low,Moderate,False,False
STU000726,42.0,Moderate,Moderate,False,False
STU000727,30.0,Moderate,Moderate,False,False
STU000728,52.0,Moderate,Moderate,False,False
STU000729,43.0,Moderate,Moderate,False,False
STU000730,20.0,Low,Moderate,False,False
STU000731,50.0,Moderate,Moderate,False,False
STU000732,32.0,Moderate,Moderate,False,False
STU000733,32.0,Moderate,Low,False,False
STU000734,40.0,Moderate,Moderate,False,False
STU000735,25.0,Low,Moderate,False,False
STU000736,18.0,Low,Moderate,False,False
STU000737,42.0,Moderate,Moderate,False,False
STU000738,35.0,Moderate,Moderate,False,False
STU000739,25.0,Low,Moderate,False,False
STU000740,28.0,Low,Moderate,False,False
STU000741,58.0,Moderate,High,True,False
STU000742,55.0,Moderate,Moderate,False,False
STU000743,10.0,Low,Low,False,False
STU000744,51.0,Moderate,High,True,False
STU000745,10.0,Low,Low,False,False
STU000746,0.0,Low,Low,False,False
STU000747,63.0,High,High,True,True
STU000748,70.0,High,High,True,True
STU000749,18.0,Low,Moderate,False,False
STU000750,47.0,Moderate,Moderate,False,False
STU000751,20.0,Low,Moderate,False,False
STU000752,25.0,Low,Low,False,False
STU000753,46.0,Moderate,High,True,False
STU000754,35.0,Moderate,Moderate,False,False
STU000755,55.0,Moderate,Moderate,False,False
STU000756,42.0,Moderate,Moderate,False,False
STU000757,21.0,Low,Moderate,False,False
STU000758,17.0,Low,Moderate,False,False
STU000759,40.0,Moderate,Moderate,False,False
STU000760,59.0,Moderate,High,True,False
STU000761,42.0,Moderate,Low,False,False
STU000762,51.0,Moderate,High,True,False
STU000763,24.0,Low,High,True,False
STU000764,43.0,Moderate,Moderate,False,False
STU000765,22.0,Low,Moderate,False,False
STU000766,15.0,Low,Low,False,False
STU000767,46.0,Moderate,Moderate,False,False
STU000768,35.0,Moderate,Low,False,False
STU000769,32.0,Moderate,Moderate,False,False
STU000770,52.0,Moderate,High,True,False
STU000771,0.0,Low,Low,False,False
STU000772,32.0,Moderate,Moderate,False,False
STU000773,35.0,Moderate,Moderate,False,False
STU000774,32.0,Moderate,Moderate,False,False
STU000775,66.0,High,High,True,True
STU000776,48.0,Moderate,High,True,False
STU000777,8.0,Low,Low,False,False
STU000778,41.0,Moderate,Moderate,False,False
STU000779,35.0,Moderate,Moderate,False,False
STU000780,39.0,Moderate,Moderate,False,False
STU000781,53.0,Moderate,Moderate,False,False
STU000782,50.0,Moderate,Moderate,False,False
STU000783,17.0,Low,Moderate,False,False
STU000784,24.0,Low,Moderate,False,False
STU000785,40.0,Moderate,Moderate,False,False
STU000786,54.0,Moderate,Moderate,False,False
STU000787,10.0,Low,Moderate,False,False
STU000788,25.0,Low,Moderate,False,False
STU000789,20.0,Low,Moderate,False,False
STU000790,35.0,Moderate,High,True,False
STU000791,47.0,Moderate,High,True,False
STU000792,48.0,Moderate,Moderate,False,False
STU000793,22.0,Low,Moderate,False,False
STU000794,40.0,Moderate,Low,False,False
STU000795,14.0,Low,Moderate,False,False
STU000796,11.0,Low,Moderate,False,False
STU000797,82.0,Critical,High,True,True
STU000798,46.0,Moderate,Moderate,False,False
STU000799,17.0,Low,Low,False,False
STU000800,28.0,Low,Moderate,False,False
STU000801,55.0,Moderate,Moderate,False,False
STU000802,51.0,Moderate,Moderate,False,False
STU000803,29.0,Low,Moderate,False,False
STU000804,38.0,Moderate,Moderate,False,False
STU000805,22.0,Low,High,True,False
STU000806,36.0,Moderate,Moderate,False,False
STU000807,39.0,Moderate,Low,False,False
STU000808,61.0,High,Moderate,False,True
STU000809,57.0,Moderate,Moderate,False,False
STU000810,17.0,Low,Moderate,False,False
STU000811,28.0,Low,Moderate,False,False
STU000812,15.0,Low,Low,False,False
STU000813,30.0,Moderate,Low,False,False
STU000814,52.0,Moderate,High,True,False
STU000815,23.0,Low,Moderate,False,False
STU000816,35.0,Moderate,Moderate,False,False
STU000817,45.0,Moderate,Moderate,False,False
STU000818,55.0,Moderate,Moderate,False,False
STU000819,58.0,Moderate,Moderate,False,False
STU000820,73.0,High,High,True,True
STU000821,0.0,Low,Low,False,False
STU000822,32.0,Moderate,Moderate,False,False
STU000823,10.0,Low,Low,False,False
STU000824,54.0,Moderate,High,True,False
STU000825,68.0,High,Critical,True,True
STU000826,35.0,Moderate,Moderate,False,False
STU000827,51.0,Moderate,Moderate,False,False
STU000828,41.0,Moderate,Moderate,False,False
STU000829,25.0,Low,Moderate,False,False
STU000830,25.0,Low,Low,False,False
STU000831,58.0,Moderate,High,True,False
STU000832,32.0,Moderate,Moderate,False,False
STU000833,32.0,Moderate,Moderate,False,False
STU000834,20.0,Low,Moderate,False,False
STU000835,38.0,Moderate,Moderate,False,False
STU000836,44.0,Moderate,Moderate,False,False
STU000837,51.0,Moderate,High,True,False
STU000838,53.0,Moderate,Moderate,False,False
STU000839,15.0,Low,Moderate,False,False
STU000840,61.0,High,Moderate,False,True
STU000841,25.0,Low,Moderate,False,False
STU000842,21.0,Low,Moderate,False,False
STU000843,39.0,Moderate,Moderate,False,False
STU000844,35.0,Moderate,Moderate,False,False
STU000845,28.0,Low,High,True,False
STU000846,55.0,Moderate,Moderate,False,False
STU000847,0.0,Low,Low,False,False
STU000848,42.0,Moderate,Moderate,False,False
STU000849,25.0,Low,Moderate,False,False
STU000850,53.0,Moderate,Moderate,False,False
STU000851,44.0,Moderate,Low,False,False
STU000852,43.0,Moderate,Moderate,False,False
STU000853,34.0,Moderate,Low,False,False
STU000854,47.0,Moderate,High,True,False
STU000855,47.0,Moderate,Moderate,False,False
STU000856,0.0,Low,Moderate,False,False
STU000857,70.0,High,High,True,True
STU000858,17.0,Low,Low,False,False
STU000859,47.0,Moderate,Moderate,False,False
STU000860,63.0,High,Moderate,False,True
STU000861,80.0,Critical,High,True,True
STU000862,18.0,Low,Moderate,False,False
STU000863,15.0,Low,Moderate,False,False
STU000864,25.0,Low,Moderate,False,False
STU000865,47.0,Moderate,Moderate,False,False
STU000866,0.0,Low,Low,False,False
STU000867,25.0,Low,Moderate,False,False
STU000868,43.0,Moderate,High,True,False
STU000869,18.0,Low,Moderate,False,False
STU000870,3.0,Low,Moderate,False,False
STU000871,22.0,Low,Low,False,False
STU000872,32.0,Moderate,Low,False,False
STU000873,61.0,High,High,True,True
STU000874,51.0,Moderate,Moderate,False,False
STU000875,24.0,Low,Moderate,False,False
STU000876,10.0,Low,Moderate,False,False
STU000877,59.0,Moderate,High,True,False
STU000878,32.0,Moderate,Moderate,False,False
STU000879,40.0,Moderate,High,True,False
STU000880,58.0,Moderate,High,True,False
STU000881,25.0,Low,Moderate,False,False
STU000882,43.0,Moderate,Moderate,False,False
STU000883,50.0,Moderate,Moderate,False,False
STU000884,16.0,Low,Low,False,False
STU000885,25.0,Low,Moderate,False,False
STU000886,44.0,Moderate,Moderate,False,False
STU000887,20.0,Low,Moderate,False,False
STU000888,42.0,Moderate,Moderate,False,False
STU000889,6.0,Low,Low,False,False
STU000890,33.0,Moderate,Moderate,False,False
STU000891,40.0,Moderate,High,True,False
STU000892,69.0,High,High,True,True
STU000893,47.0,Moderate,Moderate,False,False
STU000894,65.0,High,High,True,True
STU000895,14.0,Low,Low,False,False
STU000896,15.0,Low,Moderate,False,False
STU000897,30.0,Moderate,Moderate,False,False
STU000898,70.0,High,Moderate,False,True
STU000899,35.0,Moderate,Moderate,False,False
STU000900,46.0,Moderate,Low,False,False
STU000901,35.0,Moderate,Low,False,False
STU000902,41.0,Moderate,Moderate,False,False
STU000903,10.0,Low,Low,False,False
STU000904,49.0,Moderate,High,True,False
STU000905,38.0,Moderate,Moderate,False,False
STU000906,10.0,Low,Moderate,False,False
STU000907,0.0,Low,Low,False,False
STU000908,44.0,Moderate,Moderate,False,False
STU000909,25.0,Low,Low,False,False
STU000910,13.0,Low,Moderate,False,False
STU000911,32.0,Moderate,Low,False,False
STU000912,55.0,Moderate,Moderate,False,False
STU000913,58.0,Moderate,High,True,False
STU000914,42.0,Moderate,Moderate,False,False
STU000915,49.0,Moderate,High,True,False
STU000916,41.0,Moderate,Moderate,False,False
STU000917,0.0,Low,Low,False,False
STU000918,25.0,Low,Moderate,False,False
STU000919,30.0,Moderate,Moderate,False,False
STU000920,56.0,Moderate,High,True,False
STU000921,39.0,Moderate,Moderate,False,False
STU000922,72.0,High,High,True,True
STU000923,40.0,Moderate,High,True,False
STU000924,8.0,Low,Moderate,False,False
STU000925,49.0,Moderate,Moderate,False,False
STU000926,15.0,Low,Moderate,False,False
STU000927,44.0,Moderate,Moderate,False,False
STU000928,62.0,High,High,True,True
STU000929,65.0,High,High,True,True
STU000930,44.0,Moderate,Moderate,False,False
STU000931,37.0,Moderate,Moderate,False,False
STU000932,22.0,Low,Moderate,False,False
STU000933,40.0,Moderate,Moderate,False,False
STU000934,35.0,Moderate,High,True,False
STU000935,52.0,Moderate,Moderate,False,False
STU000936,10.0,Low,Low,False,False
STU000937,52.0,Moderate,High,True,False
STU000938,15.0,Low,Moderate,False,False
STU000939,49.0,Moderate,High,True,False
STU000940,32.0,Moderate,Moderate,False,False
STU000941,61.0,High,High,True,True
STU000942,40.0,Moderate,Moderate,False,False
STU000943,65.0,High,Moderate,False,True
STU000944,27.0,Low,Moderate,False,False
STU000945,18.0,Low,Moderate,False,False
STU000946,66.0,High,Moderate,False,True
STU000947,47.0,Moderate,Moderate,False,False
STU000948,36.0,Moderate,Moderate,False,False
STU000949,61.0,High,Moderate,False,True
STU000950,57.0,Moderate,High,True,False
STU000951,35.0,Moderate,Moderate,False,False
STU000952,42.0,Moderate,Moderate,False,False
STU000953,35.0,Moderate,Moderate,False,False
STU000954,41.0,Moderate,Moderate,False,False
STU000955,42.0,Moderate,Moderate,False,False
STU000956,32.0,Moderate,Moderate,False,False
STU000957,15.0,Low,Moderate,False,False
STU000958,23.0,Low,Low,False,False
STU000959,28.0,Low,Moderate,False,False
STU000960,44.0,Moderate,High,True,False
STU000961,32.0,Moderate,Moderate,False,False
STU000962,42.0,Moderate,Moderate,False,False
STU000963,61.0,High,High,True,True
STU000964,31.0,Moderate,Moderate,False,False
STU000965,70.0,High,High,True,True
STU000966,44.0,Moderate,Moderate,False,False
STU000967,58.0,Moderate,High,True,False
STU000968,38.0,Moderate,Moderate,False,False
STU000969,17.0,Low,Moderate,False,False
STU000970,62.0,High,Moderate,False,True
STU000971,43.0,Moderate,Moderate,False,False
STU000972,28.0,Low,Moderate,False,False
STU000973,63.0,High,Moderate,False,True
STU000974,47.0,Moderate,High,True,False
STU000975,44.0,Moderate,Moderate,False,False
STU000976,15.0,Low,Moderate,False,False
STU000977,42.0,Moderate,Moderate,False,False
STU000978,72.0,High,High,True,True
STU000979,32.0,Moderate,Moderate,False,False
STU000980,66.0,High,Moderate,False,True
STU000981,25.0,Low,Moderate,False,False
STU000982,31.0,Moderate,Moderate,False,False
STU000983,41.0,Moderate,High,True,False
STU000984,25.0,Low,Low,False,False
STU000985,32.0,Moderate,Moderate,False,False
STU000986,65.0,High,High,True,True
STU000987,72.0,High,High,True,True
STU000988,59.0,Moderate,Moderate,False,False
STU000989,15.0,Low,Moderate,False,False
STU000990,10.0,Low,Low,False,False
STU000991,15.0,Low,Moderate,False,False
STU000992,46.0,Moderate,High,True,False
STU000993,31.0,Moderate,Moderate,False,False
STU000994,31.0,Moderate,High,True,False
STU000995,0.0,Low,Low,False,False
STU000996,61.0,High,High,True,True
STU000997,56.0,Moderate,High,True,False
STU000998,31.0,Moderate,Moderate,False,False
STU000999,45.0,Moderate,Moderate,False,False
STU001000,35.0,Moderate,Moderate,False,False
STU001001,28.0,Low,Moderate,False,False
STU001002,27.0,Low,Moderate,False,False
STU001003,56.0,Moderate,High,True,False
STU001004,18.0,Low,Moderate,False,False
STU001005,50.0,Moderate,High,True,False
STU001006,15.0,Low,Low,False,False
STU001007,22.0,Low,Moderate,False,False
STU001008,46.0,Moderate,Moderate,False,False
STU001009,43.0,Moderate,Moderate,False,False
STU001010,13.0,Low,Low,False,False
STU001011,13.0,Low,Moderate,False,False
STU001012,65.0,High,High,True,True
STU001013,15.0,Low,Moderate,False,False
STU001014,71.0,High,High,True,True
STU001015,58.0,Moderate,High,True,False
STU001016,7.0,Low,Low,False,False
STU001017,65.0,High,High,True,True
STU001018,34.0,Moderate,Moderate,False,False
STU001019,15.0,Low,Moderate,False,False
STU001020,35.0,Moderate,Low,False,False
STU001021,11.0,Low,Moderate,False,False
STU001022,44.0,Moderate,Moderate,False,False
STU001023,50.0,Moderate,Moderate,False,False
STU001024,20.0,Low,Low,False,False
STU001025,42.0,Moderate,Moderate,False,False
STU001026,35.0,Moderate,Low,False,False
STU001027,52.0,Moderate,High,True,False
STU001028,8.0,Low,Low,False,False
STU001029,65.0,High,Moderate,False,True
STU001030,42.0,Moderate,High,True,False
STU001031,49.0,Moderate,Moderate,False,False
STU001032,7.0,Low,Low,False,False
STU001033,65.0,High,High,True,True
STU001034,32.0,Moderate,Moderate,False,False
STU001035,42.0,Moderate,Moderate,False,False
STU001036,0.0,Low,Low,False,False
STU001037,34.0,Moderate,Moderate,False,False
STU001038,0.0,Low,Low,False,False
STU001039,42.0,Moderate,High,True,False
STU001040,18.0,Low,Moderate,False,False
STU001041,56.0,Moderate,Moderate,False,False
STU001042,0.0,Low,Low,False,False
STU001043,71.0,High,High,True,True
STU001044,38.0,Moderate,Moderate,False,False
STU001045,55.0,Moderate,High,True,False
STU001046,56.0,Moderate,Moderate,False,False
STU001047,3.0,Low,Moderate,False,False
STU001048,42.0,Moderate,Moderate,False,False
STU001049,31.0,Moderate,Moderate,False,False
STU001050,48.0,Moderate,Moderate,False,False
STU001051,15.0,Low,Moderate,False,False
STU001052,28.0,Low,Low,False,False
STU001053,17.0,Low,Moderate,False,False
STU001054,65.0,High,Moderate,False,True
STU001055,51.0,Moderate,Moderate,False,False
STU001056,58.0,Moderate,High,True,False
STU001057,17.0,Low,Low,False,False
STU001058,28.0,Low,Low,False,False
STU001059,51.0,Moderate,Moderate,False,False
STU001060,37.0,Moderate,Moderate,False,False
STU001061,74.0,High,High,True,True
STU001062,58.0,Moderate,High,True,False
STU001063,42.0,Moderate,Low,False,False
STU001064,3.0,Low,Low,False,False
STU001065,25.0,Low,Moderate,False,False
STU001066,73.0,High,High,True,True
STU001067,32.0,Moderate,Moderate,False,False
STU001068,72.0,High,High,True,True
STU001069,0.0,Low,Low,False,False
STU001070,47.0,Moderate,High,True,False
STU001071,72.0,High,Moderate,False,True
STU001072,8.0,Low,Low,False,False
STU001073,7.0,Low,Low,False,False
STU001074,49.0,Moderate,Moderate,False,False
STU001075,43.0,Moderate,Moderate,False,False
STU001076,38.0,Moderate,Moderate,False,False
STU001077,29.0,Low,Low,False,False
STU001078,35.0,Moderate,Moderate,False,False
STU001079,43.0,Moderate,Moderate,False,False
STU001080,15.0,Low,Moderate,False,False
STU001081,68.0,High,Moderate,False,True
STU001082,7.0,Low,Low,False,False
STU001083,32.0,Moderate,Moderate,False,False
STU001084,31.0,Moderate,Moderate,False,False
STU001085,62.0,High,High,True,True
STU001086,46.0,Moderate,Moderate,False,False
STU001087,55.0,Moderate,High,True,False
STU001088,42.0,Moderate,Moderate,False,False
STU001089,15.0,Low,Low,False,False
STU001090,20.0,Low,Moderate,False,False
STU001091,44.0,Moderate,High,True,False
STU001092,36.0,Moderate,Moderate,False,False
STU001093,48.0,Moderate,Moderate,False,False
STU001094,59.0,Moderate,High,True,False
STU001095,49.0,Moderate,High,True,False
STU001096,49.0,Moderate,High,True,False
STU001097,7.0,Low,Low,False,False
STU001098,49.0,Moderate,High,True,False
STU001099,15.0,Low,Moderate,False,False
STU001100,8.0,Low,Moderate,False,False
STU001101,27.0,Low,Moderate,False,False
STU001102,42.0,Moderate,Moderate,False,False
STU001103,40.0,Moderate,Moderate,False,False
STU001104,15.0,Low,Moderate,False,False
STU001105,58.0,Moderate,High,True,False
STU001106,56.0,Moderate,Moderate,False,False
STU001107,7.0,Low,Low,False,False
STU001108,47.0,Moderate,Moderate,False,False
STU001109,38.0,Moderate,Moderate,False,False
STU001110,65.0,High,Moderate,False,True
STU001111,40.0,Moderate,Moderate,False,False
STU001112,57.0,Moderate,Moderate,False,False
STU001113,77.0,High,Moderate,False,True
STU001114,8.0,Low,Low,False,False
STU001115,23.0,Low,Moderate,False,False
STU001116,14.0,Low,Moderate,False,False
STU001117,22.0,Low,Moderate,False,False
STU001118,70.0,High,Moderate,False,True
STU001119,42.0,Moderate,Moderate,False,False
STU001120,22.0,Low,Moderate,False,False
STU001121,32.0,Moderate,Moderate,False,False
STU001122,25.0,Low,Low,False,False
STU001123,7.0,Low,Low,False,False
STU001124,25.0,Low,Low,False,False
STU001125,20.0,Low,Moderate,False,False
STU001126,49.0,Moderate,High,True,False
STU001127,52.0,Moderate,High,True,False
STU001128,34.0,Moderate,Moderate,False,False
STU001129,21.0,Low,Low,False,False
STU001130,50.0,Moderate,Moderate,False,False
STU001131,47.0,Moderate,Moderate,False,False
STU001132,33.0,Moderate,Moderate,False,False
STU001133,59.0,Moderate,High,True,False
STU001134,43.0,Moderate,Low,False,False
STU001135,0.0,Low,Low,False,False
STU001136,51.0,Moderate,High,True,False
STU001137,25.0,Low,Moderate,False,False
STU001138,14.0,Low,Moderate,False,False
STU001139,35.0,Moderate,High,True,False
STU001140,25.0,Low,Moderate,False,False
STU001141,0.0,Low,Low,False,False
STU001142,81.0,Critical,High,True,True
STU001143,55.0,Moderate,Moderate,False,False
STU001144,35.0,Moderate,Moderate,False,False
STU001145,47.0,Moderate,Moderate,False,False
STU001146,32.0,Moderate,Moderate,False,False
STU001147,31.0,Moderate,Moderate,False,False
STU001148,10.0,Low,Moderate,False,False
STU001149,36.0,Moderate,Moderate,False,False
STU001150,57.0,Moderate,Moderate,False,False
STU001151,25.0,Low,Moderate,False,False
STU001152,60.0,High,High,True,True
STU001153,41.0,Moderate,High,True,False
STU001154,44.0,Moderate,Moderate,False,False
STU001155,44.0,Moderate,Moderate,False,False
STU001156,28.0,Low,Moderate,False,False
STU001157,39.0,Moderate,Low,False,False
STU001158,50.0,Moderate,Moderate,False,False
STU001159,42.0,Moderate,Moderate,False,False
STU001160,73.0,High,High,True,True
STU001161,13.0,Low,Moderate,False,False
STU001162,40.0,Moderate,Moderate,False,False
STU001163,32.0,Moderate,Moderate,False,False
STU001164,49.0,Moderate,High,True,False
STU001165,59.0,Moderate,Moderate,False,False
STU001166,15.0,Low,Moderate,False,False
STU001167,85.0,Critical,High,True,True
STU001168,35.0,Moderate,Moderate,False,False
STU001169,25.0,Low,Low,False,False
STU001170,31.0,Moderate,Moderate,False,False
STU001171,6.0,Low,Low,False,False
STU001172,40.0,Moderate,Moderate,False,False
STU001173,0.0,Low,Low,False,False
STU001174,43.0,Moderate,Moderate,False,False
STU001175,25.0,Low,Moderate,False,False
STU001176,43.0,Moderate,Moderate,False,False
STU001177,7.0,Low,Moderate,False,False
STU001178,10.0,Low,Low,False,False
STU001179,0.0,Low,Low,False,False
STU001180,52.0,Moderate,High,True,False
STU001181,27.0,Low,Low,False,False
STU001182,17.0,Low,Moderate,False,False
STU001183,73.0,High,High,True,True
STU001184,42.0,Moderate,Moderate,False,False
STU001185,7.0,Low,Low,False,False
STU001186,32.0,Moderate,Moderate,False,False
STU001187,28.0,Low,Moderate,False,False
STU001188,21.0,Low,Low,False,False
STU001189,58.0,Moderate,High,True,False
STU001190,63.0,High,High,True,True
STU001191,65.0,High,Moderate,False,True
STU001192,50.0,Moderate,Moderate,False,False
STU001193,59.0,Moderate,Moderate,False,False
STU001194,50.0,Moderate,Moderate,False,False
STU001195,67.0,High,High,True,True
STU001196,44.0,Moderate,High,True,False
STU001197,10.0,Low,Low,False,False
STU001198,15.0,Low,Moderate,False,False
STU001199,7.0,Low,Low,False,False
STU001200,47.0,Moderate,Moderate,False,False
STU001201,34.0,Moderate,High,True,False
STU001202,38.0,Moderate,Moderate,False,False
STU001203,67.0,High,High,True,True
STU001204,35.0,Moderate,Moderate,False,False
STU001205,46.0,Moderate,Moderate,False,False
STU001206,23.0,Low,Moderate,False,False
STU001207,41.0,Moderate,Moderate,False,False
STU001208,40.0,Moderate,Moderate,False,False
STU001209,49.0,Moderate,High,True,False
STU001210,40.0,Moderate,Moderate,False,False
STU001211,14.0,Low,Low,False,False
STU001212,30.0,Moderate,Moderate,False,False
STU001213,40.0,Moderate,High,True,False
STU001214,56.0,Moderate,High,True,False
STU001215,49.0,Moderate,Moderate,False,False
STU001216,46.0,Moderate,Moderate,False,False
STU001217,28.0,Low,Moderate,False,False
STU001218,25.0,Low,High,True,False
STU001219,25.0,Low,Low,False,False
STU001220,44.0,Moderate,High,True,False
STU001221,25.0,Low,Low,False,False
STU001222,38.0,Moderate,Moderate,False,False
STU001223,43.0,Moderate,Moderate,False,False
STU001224,73.0,High,High,True,True
STU001225,23.0,Low,Moderate,False,False
STU001226,36.0,Moderate,Moderate,False,False
STU001227,34.0,Moderate,Moderate,False,False
STU001228,43.0,Moderate,Moderate,False,False
STU001229,64.0,High,High,True,True
STU001230,59.0,Moderate,Moderate,False,False
STU001231,24.0,Low,Moderate,False,False
STU001232,36.0,Moderate,Moderate,False,False
STU001233,40.0,Moderate,Moderate,False,False
STU001234,43.0,Moderate,Moderate,False,False
STU001235,80.0,Critical,High,True,True
STU001236,42.0,Moderate,Moderate,False,False
STU001237,55.0,Moderate,Moderate,False,False
STU001238,63.0,High,Moderate,False,True
STU001239,35.0,Moderate,Moderate,False,False
STU001240,49.0,Moderate,Moderate,False,False
STU001241,40.0,Moderate,Moderate,False,False
STU001242,38.0,Moderate,Moderate,False,False
STU001243,14.0,Low,Moderate,False,False
STU001244,24.0,Low,Low,False,False
STU001245,71.0,High,High,True,True
STU001246,44.0,Moderate,Moderate,False,False
STU001247,40.0,Moderate,Moderate,False,False
STU001248,32.0,Moderate,Moderate,False,False
STU001249,40.0,Moderate,Moderate,False,False
STU001250,61.0,High,Moderate,False,True
STU001251,40.0,Moderate,Moderate,False,False
STU001252,7.0,Low,Low,False,False
STU001253,7.0,Low,Low,False,False
STU001254,40.0,Moderate,Moderate,False,False
STU001255,46.0,Moderate,Moderate,False,False
STU001256,35.0,Moderate,Moderate,False,False
STU001257,15.0,Low,Moderate,False,False
STU001258,65.0,High,High,True,True
STU001259,24.0,Low,Moderate,False,False
STU001260,24.0,Low,Moderate,False,False
STU001261,29.0,Low,Moderate,False,False
STU001262,68.0,High,High,True,True
STU001263,57.0,Moderate,Moderate,False,False
STU001264,46.0,Moderate,Moderate,False,False
STU001265,75.0,High,High,True,True
STU001266,72.0,High,Moderate,False,True
STU001267,65.0,High,High,True,True
STU001268,68.0,High,High,True,True
STU001269,27.0,Low,Moderate,False,False
STU001270,17.0,Low,Moderate,False,False
STU001271,74.0,High,High,True,True
STU001272,28.0,Low,Low,False,False
STU001273,65.0,High,High,True,True
STU001274,35.0,Moderate,Moderate,False,False
STU001275,34.0,Moderate,Moderate,False,False
STU001276,44.0,Moderate,High,True,False
STU001277,50.0,Moderate,Moderate,False,False
STU001278,55.0,Moderate,Moderate,False,False
STU001279,47.0,Moderate,High,True,False
STU001280,33.0,Moderate,Moderate,False,False
STU001281,15.0,Low,Moderate,False,False
STU001282,81.0,Critical,Moderate,False,True
STU001283,37.0,Moderate,Moderate,False,False
STU001284,47.0,Moderate,Moderate,False,False
STU001285,40.0,Moderate,Moderate,False,False
STU001286,35.0,Moderate,Moderate,False,False
STU001287,44.0,Moderate,High,True,False
STU001288,42.0,Moderate,Moderate,False,False
STU001289,35.0,Moderate,Moderate,False,False
STU001290,42.0,Moderate,Moderate,False,False
STU001291,46.0,Moderate,Moderate,False,False
STU001292,55.0,Moderate,Moderate,False,False
STU001293,40.0,Moderate,Moderate,False,False
STU001294,59.0,Moderate,Moderate,False,False
STU001295,10.0,Low,Low,False,False
STU001296,18.0,Low,Moderate,False,False
STU001297,40.0,Moderate,High,True,False
STU001298,72.0,High,High,True,True
STU001299,25.0,Low,Moderate,False,False
STU001300,0.0,Low,Low,False,False
STU001301,56.0,Moderate,High,True,False
STU001302,51.0,Moderate,High,True,False
STU001303,44.0,Moderate,High,True,False
STU001304,25.0,Low,Moderate,False,False
STU001305,62.0,High,High,True,True
STU001306,35.0,Moderate,Moderate,False,False
STU001307,49.0,Moderate,High,True,False
STU001308,52.0,Moderate,High,True,False
STU001309,27.0,Low,Low,False,False
STU001310,48.0,Moderate,Moderate,False,False
STU001311,15.0,Low,Low,False,False
STU001312,27.0,Low,Moderate,False,False
STU001313,72.0,High,Moderate,False,True
STU001314,19.0,Low,Low,False,False
STU001315,34.0,Moderate,Moderate,False,False
STU001316,35.0,Moderate,Moderate,False,False
STU001317,44.0,Moderate,Moderate,False,False
STU001318,34.0,Moderate,Moderate,False,False
STU001319,41.0,Moderate,Moderate,False,False
STU001320,24.0,Low,High,True,False
STU001321,15.0,Low,Moderate,False,False
STU001322,31.0,Moderate,Moderate,False,False
STU001323,30.0,Moderate,Moderate,False,False
STU001324,24.0,Low,Moderate,False,False
STU001325,18.0,Low,Low,False,False
STU001326,7.0,Low,Low,False,False
STU001327,14.0,Low,Moderate,False,False
STU001328,48.0,Moderate,High,True,False
STU001329,28.0,Low,Moderate,False,False
STU001330,38.0,Moderate,Moderate,False,False
STU001331,21.0,Low,Moderate,False,False
STU001332,6.0,Low,Low,False,False
STU001333,68.0,High,Moderate,False,True
STU001334,28.0,Low,Moderate,False,False
STU001335,45.0,Moderate,High,True,False
STU001336,68.0,High,High,True,True
STU001337,33.0,Moderate,Moderate,False,False
STU001338,35.0,Moderate,Low,False,False
STU001339,65.0,High,High,True,True
STU001340,15.0,Low,Moderate,False,False
STU001341,41.0,Moderate,Moderate,False,False
STU001342,55.0,Moderate,High,True,False
STU001343,35.0,Moderate,Low,False,False
STU001344,46.0,Moderate,High,True,False
STU001345,7.0,Low,Low,False,False
STU001346,61.0,High,High,True,True
STU001347,25.0,Low,Low,False,False
STU001348,34.0,Moderate,Low,False,False
STU001349,28.0,Low,Moderate,False,False
STU001350,53.0,Moderate,High,True,False
STU001351,25.0,Low,Moderate,False,False
STU001352,44.0,Moderate,Moderate,False,False
STU001353,46.0,Moderate,Moderate,False,False
STU001354,25.0,Low,Moderate,False,False
STU001355,70.0,High,Moderate,False,True
STU001356,49.0,Moderate,High,True,False
STU001357,25.0,Low,Low,False,False
STU001358,18.0,Low,Moderate,False,False
STU001359,32.0,Moderate,Low,False,False
STU001360,71.0,High,Moderate,False,True
STU001361,49.0,Moderate,Moderate,False,False
STU001362,68.0,High,High,True,True
STU001363,41.0,Moderate,High,True,False
STU001364,25.0,Low,Moderate,False,False
STU001365,40.0,Moderate,Moderate,False,False
STU001366,28.0,Low,Moderate,False,False
STU001367,38.0,Moderate,Low,False,False
STU001368,33.0,Moderate,Moderate,False,False
STU001369,62.0,High,High,True,True
STU001370,25.0,Low,Moderate,False,False
STU001371,10.0,Low,Low,False,False
STU001372,17.0,Low,Low,False,False
STU001373,31.0,Moderate,Moderate,False,False
STU001374,58.0,Moderate,High,True,False
STU001375,17.0,Low,Low,False,False
STU001376,20.0,Low,Low,False,False
STU001377,52.0,Moderate,High,True,False
STU001378,20.0,Low,Moderate,False,False
STU001379,70.0,High,High,True,True
STU001380,34.0,Moderate,High,True,False
STU001381,28.0,Low,Moderate,False,False
STU001382,30.0,Moderate,Low,False,False
STU001383,25.0,Low,Low,False,False
STU001384,65.0,High,High,True,True
STU001385,59.0,Moderate,High,True,False
STU001386,41.0,Moderate,Moderate,False,False
STU001387,8.0,Low,Moderate,False,False
STU001388,47.0,Moderate,Moderate,False,False
STU001389,17.0,Low,Moderate,False,False
STU001390,18.0,Low,Low,False,False
STU001391,40.0,Moderate,Moderate,False,False
STU001392,57.0,Moderate,Moderate,False,False
STU001393,42.0,Moderate,Moderate,False,False
STU001394,68.0,High,High,True,True
STU001395,17.0,Low,Low,False,False
STU001396,46.0,Moderate,Moderate,False,False
STU001397,0.0,Low,Low,False,False
STU001398,77.0,High,High,True,True
STU001399,38.0,Moderate,Moderate,False,False
STU001400,40.0,Moderate,Moderate,False,False
STU001401,34.0,Moderate,Moderate,False,False
STU001402,46.0,Moderate,High,True,False
STU001403,40.0,Moderate,Moderate,False,False
STU001404,40.0,Moderate,High,True,False
STU001405,71.0,High,High,True,True
STU001406,22.0,Low,Moderate,False,False
STU001407,10.0,Low,Low,False,False
STU001408,40.0,Moderate,Moderate,False,False
STU001409,47.0,Moderate,High,True,False
STU001410,44.0,Moderate,Moderate,False,False
STU001411,34.0,Moderate,Moderate,False,False
STU001412,10.0,Low,Moderate,False,False
STU001413,14.0,Low,Low,False,False
STU001414,59.0,Moderate,Moderate,False,False
STU001415,7.0,Low,Moderate,False,False
STU001416,21.0,Low,Moderate,False,False
STU001417,70.0,High,High,True,True
STU001418,50.0,Moderate,High,True,False
STU001419,24.0,Low,Low,False,False
STU001420,35.0,Moderate,Low,False,False
STU001421,25.0,Low,Moderate,False,False
STU001422,7.0,Low,Moderate,False,False
STU001423,39.0,Moderate,Moderate,False,False
STU001424,17.0,Low,Moderate,False,False
STU001425,44.0,Moderate,High,True,False
STU001426,42.0,Moderate,Moderate,False,False
STU001427,8.0,Low,Moderate,False,False
STU001428,36.0,Moderate,Moderate,False,False
STU001429,70.0,High,High,True,True
STU001430,37.0,Moderate,Moderate,False,False
STU001431,23.0,Low,Moderate,False,False
STU001432,47.0,Moderate,Moderate,False,False
STU001433,45.0,Moderate,High,True,False
STU001434,35.0,Moderate,Moderate,False,False
STU001435,40.0,Moderate,Moderate,False,False
STU001436,40.0,Moderate,Moderate,False,False
STU001437,28.0,Low,Moderate,False,False
STU001438,15.0,Low,Moderate,False,False
STU001439,40.0,Moderate,High,True,False
STU001440,57.0,Moderate,High,True,False
STU001441,48.0,Moderate,Moderate,False,False
STU001442,60.0,High,Moderate,False,True
STU001443,15.0,Low,Moderate,False,False
STU001444,10.0,Low,Moderate,False,False
STU001445,73.0,High,Moderate,False,True
STU001446,41.0,Moderate,Moderate,False,False
STU001447,48.0,Moderate,High,True,False
STU001448,62.0,High,High,True,True
STU001449,63.0,High,High,True,True
STU001450,42.0,Moderate,High,True,False
STU001451,15.0,Low,Moderate,False,False
STU001452,50.0,Moderate,Moderate,False,False
STU001453,0.0,Low,Low,False,False
STU001454,8.0,Low,Low,False,False
STU001455,55.0,Moderate,Moderate,False,False
STU001456,51.0,Moderate,Moderate,False,False
STU001457,15.0,Low,Moderate,False,False
STU001458,40.0,Moderate,Moderate,False,False
STU001459,7.0,Low,Low,False,False
STU001460,33.0,Moderate,Low,False,False
STU001461,61.0,High,High,True,True
STU001462,43.0,Moderate,Moderate,False,False
STU001463,36.0,Moderate,Moderate,False,False
STU001464,72.0,High,High,True,True
STU001465,61.0,High,High,True,True
STU001466,57.0,Moderate,High,True,False
STU001467,0.0,Low,Low,False,False
STU001468,7.0,Low,Low,False,False
STU001469,80.0,Critical,High,True,True
STU001470,72.0,High,High,True,True
STU001471,10.0,Low,Moderate,False,False
STU001472,0.0,Low,Low,False,False
STU001473,15.0,Low,Moderate,False,False
STU001474,25.0,Low,Moderate,False,False
STU001475,25.0,Low,Moderate,False,False
STU001476,47.0,Moderate,High,True,False
STU001477,0.0,Low,Low,False,False
STU001478,7.0,Low,Low,False,False
STU001479,32.0,Moderate,Moderate,False,False
STU001480,6.0,Low,Low,False,False
STU001481,35.0,Moderate,Low,False,False
STU001482,63.0,High,High,True,True
STU001483,44.0,Moderate,Moderate,False,False
STU001484,76.0,High,High,True,True
STU001485,55.0,Moderate,High,True,False
STU001486,20.0,Low,Low,False,False
STU001487,36.0,Moderate,Moderate,False,False
STU001488,7.0,Low,Low,False,False
STU001489,27.0,Low,Low,False,False
STU001490,25.0,Low,Moderate,False,False
STU001491,73.0,High,High,True,True
STU001492,55.0,Moderate,Moderate,False,False
STU001493,43.0,Moderate,Moderate,False,False
STU001494,56.0,Moderate,High,True,False
STU001495,57.0,Moderate,High,True,False
STU001496,33.0,Moderate,High,True,False
STU001497,55.0,Moderate,High,True,False
STU001498,25.0,Low,Moderate,False,False
STU001499,15.0,Low,Moderate,False,False
STU001500,27.0,Low,Moderate,False,False
STU001501,55.0,Moderate,Moderate,False,False
STU001502,44.0,Moderate,Moderate,False,False
STU001503,46.0,Moderate,High,True,False
STU001504,17.0,Low,Moderate,False,False
STU001505,25.0,Low,Low,False,False
STU001506,28.0,Low,Moderate,False,False
STU001507,56.0,Moderate,High,True,False
STU001508,25.0,Low,Moderate,False,False
STU001509,44.0,Moderate,Moderate,False,False
STU001510,47.0,Moderate,High,True,False
STU001511,28.0,Low,Low,False,False
STU001512,78.0,High,High,True,True
STU001513,23.0,Low,Low,False,False
STU001514,56.0,Moderate,Moderate,False,False
STU001515,32.0,Moderate,Moderate,False,False
STU001516,43.0,Moderate,Moderate,False,False
STU001517,50.0,Moderate,Low,False,False
STU001518,65.0,High,High,True,True
STU001519,61.0,High,High,True,True
STU001520,59.0,Moderate,High,True,False
STU001521,35.0,Moderate,High,True,False
STU001522,25.0,Low,Low,False,False
STU001523,27.0,Low,Moderate,False,False
STU001524,59.0,Moderate,Moderate,False,False
STU001525,41.0,Moderate,High,True,False
STU001526,35.0,Moderate,Moderate,False,False
STU001527,62.0,High,High,True,True
STU001528,15.0,Low,Moderate,False,False
STU001529,48.0,Moderate,Moderate,False,False
STU001530,44.0,Moderate,Moderate,False,False
STU001531,3.0,Low,Low,False,False
STU001532,15.0,Low,Low,False,False
STU001533,0.0,Low,Low,False,False
STU001534,32.0,Moderate,Low,False,False
STU001535,42.0,Moderate,Moderate,False,False
STU001536,7.0,Low,Low,False,False
STU001537,65.0,High,High,True,True
STU001538,41.0,Moderate,Moderate,False,False
STU001539,46.0,Moderate,Moderate,False,False
STU001540,41.0,Moderate,High,True,False
STU001541,40.0,Moderate,Moderate,False,False
STU001542,22.0,Low,Moderate,False,False
STU001543,38.0,Moderate,Moderate,False,False
STU001544,62.0,High,High,True,True
STU001545,66.0,High,High,True,True
STU001546,51.0,Moderate,Moderate,False,False
STU001547,43.0,Moderate,Low,False,False
STU001548,37.0,Moderate,Moderate,False,False
STU001549,59.0,Moderate,Moderate,False,False
STU001550,65.0,High,Moderate,False,True
STU001551,32.0,Moderate,Moderate,False,False
STU001552,47.0,Moderate,High,True,False
STU001553,0.0,Low,Low,False,False
STU001554,30.0,Moderate,Moderate,False,False
STU001555,50.0,Moderate,Moderate,False,False
STU001556,82.0,Critical,Critical,True,True
STU001557,33.0,Moderate,High,True,False
STU001558,27.0,Low,Low,False,False
STU001559,62.0,High,Moderate,False,True
STU001560,57.0,Moderate,High,True,False
STU001561,56.0,Moderate,High,True,False
STU001562,17.0,Low,Moderate,False,False
STU001563,50.0,Moderate,Moderate,False,False
STU001564,51.0,Moderate,High,True,False
STU001565,60.0,High,High,True,True
STU001566,27.0,Low,Moderate,False,False
STU001567,50.0,Moderate,Moderate,False,False
STU001568,27.0,Low,Moderate,False,False
STU001569,7.0,Low,Low,False,False
STU001570,62.0,High,High,True,True
STU001571,32.0,Moderate,Low,False,False
STU001572,7.0,Low,Moderate,False,False
STU001573,17.0,Low,Low,False,False
STU001574,61.0,High,High,True,True
STU001575,25.0,Low,Moderate,False,False
STU001576,42.0,Moderate,Moderate,False,False
STU001577,49.0,Moderate,Moderate,False,False
STU001578,8.0,Low,Low,False,False
STU001579,55.0,Moderate,Moderate,False,False
STU001580,35.0,Moderate,Moderate,False,False
STU001581,68.0,High,High,True,True
STU001582,43.0,Moderate,High,True,False
STU001583,73.0,High,High,True,True
STU001584,40.0,Moderate,Moderate,False,False
STU001585,66.0,High,High,True,True
STU001586,31.0,Moderate,Low,False,False
STU001587,65.0,High,High,True,True
STU001588,6.0,Low,Low,False,False
STU001589,0.0,Low,Low,False,False
STU001590,34.0,Moderate,Moderate,False,False
STU001591,57.0,Moderate,Moderate,False,False
STU001592,63.0,High,High,True,True
STU001593,43.0,Moderate,Moderate,False,False
STU001594,50.0,Moderate,Moderate,False,False
STU001595,43.0,Moderate,Moderate,False,False
STU001596,51.0,Moderate,Moderate,False,False
STU001597,35.0,Moderate,Low,False,False
STU001598,40.0,Moderate,Moderate,False,False
STU001599,38.0,Moderate,Moderate,False,False
STU001600,17.0,Low,Moderate,False,False
STU001601,35.0,Moderate,Moderate,False,False
STU001602,20.0,Low,Moderate,False,False
STU001603,49.0,Moderate,High,True,False
STU001604,58.0,Moderate,Moderate,False,False
STU001605,50.0,Moderate,High,True,False
STU001606,18.0,Low,Low,False,False
STU001607,41.0,Moderate,High,True,False
STU001608,60.0,High,High,True,True
STU001609,32.0,Moderate,High,True,False
STU001610,25.0,Low,Moderate,False,False
STU001611,0.0,Low,Low,False,False
STU001612,7.0,Low,Low,False,False
STU001613,68.0,High,Moderate,False,True
STU001614,25.0,Low,Moderate,False,False
STU001615,46.0,Moderate,Moderate,False,False
STU001616,47.0,Moderate,High,True,False
STU001617,44.0,Moderate,Moderate,False,False
STU001618,6.0,Low,Low,False,False
STU001619,53.0,Moderate,Moderate,False,False
STU001620,59.0,Moderate,Moderate,False,False
STU001621,7.0,Low,Moderate,False,False
STU001622,63.0,High,High,True,True
STU001623,15.0,Low,Moderate,False,False
STU001624,27.0,Low,Low,False,False
STU001625,18.0,Low,Moderate,False,False
STU001626,64.0,High,Moderate,False,True
STU001627,63.0,High,High,True,True
STU001628,0.0,Low,Low,False,False
STU001629,38.0,Moderate,Moderate,False,False
STU001630,25.0,Low,Moderate,False,False
STU001631,22.0,Low,Moderate,False,False
STU001632,0.0,Low,Low,False,False
STU001633,81.0,Critical,High,True,True
STU001634,25.0,Low,Low,False,False
STU001635,35.0,Moderate,Moderate,False,False
STU001636,62.0,High,Moderate,False,True
STU001637,27.0,Low,Low,False,False
STU001638,59.0,Moderate,Moderate,False,False
STU001639,68.0,High,High,True,True
STU001640,65.0,High,High,True,True
STU001641,73.0,High,High,True,True
STU001642,42.0,Moderate,High,True,False
STU001643,43.0,Moderate,Moderate,False,False
STU001644,60.0,High,High,True,True
STU001645,49.0,Moderate,High,True,False
STU001646,51.0,Moderate,Low,False,False
STU001647,70.0,High,Critical,True,True
STU001648,8.0,Low,Low,False,False
STU001649,35.0,Moderate,Moderate,False,False
STU001650,42.0,Moderate,Low,False,False
STU001651,49.0,Moderate,Moderate,False,False
STU001652,15.0,Low,Moderate,False,False
STU001653,62.0,High,Moderate,False,True
STU001654,50.0,Moderate,High,True,False
STU001655,18.0,Low,Low,False,False
STU001656,62.0,High,High,True,True
STU001657,25.0,Low,Moderate,False,False
STU001658,51.0,Moderate,High,True,False
STU001659,68.0,High,Moderate,False,True
STU001660,35.0,Moderate,Moderate,False,False
STU001661,53.0,Moderate,High,True,False
STU001662,7.0,Low,Low,False,False
STU001663,36.0,Moderate,Low,False,False
STU001664,67.0,High,Moderate,False,True
STU001665,32.0,Moderate,Moderate,False,False
STU001666,68.0,High,Moderate,False,True
STU001667,66.0,High,High,True,True
STU001668,39.0,Moderate,Moderate,False,False
STU001669,17.0,Low,Low,False,False
STU001670,70.0,High,Critical,True,True
STU001671,7.0,Low,Low,False,False
STU001672,42.0,Moderate,Moderate,False,False
STU001673,55.0,Moderate,Low,False,False
STU001674,60.0,High,High,True,True
STU001675,20.0,Low,Low,False,False
STU001676,32.0,Moderate,Low,False,False
STU001677,52.0,Moderate,Moderate,False,False
STU001678,35.0,Moderate,Low,False,False
STU001679,55.0,Moderate,High,True,False
STU001680,32.0,Moderate,Moderate,False,False
STU001681,65.0,High,Moderate,False,True
STU001682,17.0,Low,Moderate,False,False
STU001683,31.0,Moderate,Low,False,False
STU001684,11.0,Low,Moderate,False,False
STU001685,27.0,Low,High,True,False
STU001686,32.0,Moderate,Moderate,False,False
STU001687,61.0,High,Moderate,False,True
STU001688,35.0,Moderate,Low,False,False
STU001689,40.0,Moderate,Moderate,False,False
STU001690,26.0,Low,Moderate,False,False
STU001691,28.0,Low,Moderate,False,False
STU001692,28.0,Low,Moderate,False,False
STU001693,32.0,Moderate,Moderate,False,False
STU001694,52.0,Moderate,High,True,False
STU001695,25.0,Low,Moderate,False,False
STU001696,74.0,High,Moderate,False,True
STU001697,55.0,Moderate,Moderate,False,False
STU001698,20.0,Low,Low,False,False
STU001699,59.0,Moderate,Moderate,False,False
STU001700,10.0,Low,Low,False,False
STU001701,14.0,Low,Low,False,False
STU001702,44.0,Moderate,Moderate,False,False
STU001703,38.0,Moderate,Moderate,False,False
STU001704,89.0,Critical,High,True,True
STU001705,20.0,Low,Low,False,False
STU001706,18.0,Low,Moderate,False,False
STU001707,18.0,Low,Moderate,False,False
STU001708,35.0,Moderate,Moderate,False,False
STU001709,32.0,Moderate,Low,False,False
STU001710,52.0,Moderate,High,True,False
STU001711,62.0,High,High,True,True
STU001712,59.0,Moderate,Moderate,False,False
STU001713,71.0,High,High,True,True
STU001714,15.0,Low,Moderate,False,False
STU001715,42.0,Moderate,Moderate,False,False
STU001716,0.0,Low,Low,False,False
STU001717,71.0,High,High,True,True
STU001718,55.0,Moderate,Moderate,False,False
STU001719,32.0,Moderate,Moderate,False,False
STU001720,43.0,Moderate,Moderate,False,False
STU001721,0.0,Low,Low,False,False
STU001722,14.0,Low,Low,False,False
STU001723,42.0,Moderate,Moderate,False,False
STU001724,35.0,Moderate,Moderate,False,False
STU001725,44.0,Moderate,Moderate,False,False
STU001726,59.0,Moderate,Moderate,False,False
STU001727,35.0,Moderate,Moderate,False,False
STU001728,52.0,Moderate,Moderate,False,False
STU001729,74.0,High,Moderate,False,True
STU001730,43.0,Moderate,Moderate,False,False
STU001731,25.0,Low,Moderate,False,False
STU001732,61.0,High,Moderate,False,True
STU001733,48.0,Moderate,Moderate,False,False
STU001734,8.0,Low,Moderate,False,False
STU001735,7.0,Low,Low,False,False
STU001736,24.0,Low,Moderate,False,False
STU001737,17.0,Low,Low,False,False
STU001738,7.0,Low,Moderate,False,False
STU001739,44.0,Moderate,High,True,False
STU001740,46.0,Moderate,Moderate,False,False
STU001741,25.0,Low,Moderate,False,False
STU001742,49.0,Moderate,High,True,False
STU001743,52.0,Moderate,High,True,False
STU001744,50.0,Moderate,High,True,False
STU001745,52.0,Moderate,Moderate,False,False
STU001746,10.0,Low,Low,False,False
STU001747,25.0,Low,Moderate,False,False
STU001748,31.0,Moderate,Moderate,False,False
STU001749,3.0,Low,Moderate,False,False
STU001750,56.0,Moderate,Moderate,False,False
STU001751,35.0,Moderate,Moderate,False,False
STU001752,14.0,Low,Low,False,False
STU001753,40.0,Moderate,Moderate,False,False
STU001754,59.0,Moderate,Moderate,False,False
STU001755,41.0,Moderate,Moderate,False,False
STU001756,25.0,Low,Moderate,False,False
STU001757,7.0,Low,Moderate,False,False
STU001758,39.0,Moderate,Moderate,False,False
STU001759,8.0,Low,Moderate,False,False
STU001760,37.0,Moderate,Moderate,False,False
STU001761,32.0,Moderate,Moderate,False,False
STU001762,8.0,Low,Low,False,False
STU001763,7.0,Low,Low,False,False
STU001764,35.0,Moderate,Moderate,False,False
STU001765,18.0,Low,Low,False,False
STU001766,42.0,Moderate,Moderate,False,False
STU001767,32.0,Moderate,Moderate,False,False
STU001768,3.0,Low,Low,False,False
STU001769,0.0,Low,Low,False,False
STU001770,0.0,Low,Low,False,False
STU001771,18.0,Low,Moderate,False,False
STU001772,43.0,Moderate,High,True,False
STU001773,34.0,Moderate,High,True,False
STU001774,35.0,Moderate,Moderate,False,False
STU001775,43.0,Moderate,Moderate,False,False
STU001776,77.0,High,High,True,True
STU001777,41.0,Moderate,High,True,False
STU001778,43.0,Moderate,Moderate,False,False
STU001779,48.0,Moderate,High,True,False
STU001780,35.0,Moderate,High,True,False
STU001781,60.0,High,High,True,True
STU001782,18.0,Low,Low,False,False
STU001783,35.0,Moderate,Low,False,False
STU001784,7.0,Low,Moderate,False,False
STU001785,47.0,Moderate,High,True,False
STU001786,59.0,Moderate,Moderate,False,False
STU001787,36.0,Moderate,Moderate,False,False
STU001788,51.0,Moderate,Moderate,False,False
STU001789,15.0,Low,Moderate,False,False
STU001790,7.0,Low,Moderate,False,False
STU001791,14.0,Low,Moderate,False,False
STU001792,60.0,High,High,True,True
STU001793,35.0,Moderate,Moderate,False,False
STU001794,60.0,High,High,True,True
STU001795,28.0,Low,Low,False,False
STU001796,17.0,Low,Low,False,False
STU001797,7.0,Low,Low,False,False
STU001798,52.0,Moderate,Moderate,False,False
STU001799,31.0,Moderate,Moderate,False,False
STU001800,32.0,Moderate,Moderate,False,False
STU001801,35.0,Moderate,Low,False,False
STU001802,57.0,Moderate,Moderate,False,False
STU001803,28.0,Low,Moderate,False,False
STU001804,52.0,Moderate,High,True,False
STU001805,44.0,Moderate,High,True,False
STU001806,55.0,Moderate,Moderate,False,False
STU001807,32.0,Moderate,Moderate,False,False
STU001808,7.0,Low,Low,False,False
STU001809,33.0,Moderate,Moderate,False,False
STU001810,47.0,Moderate,Moderate,False,False
STU001811,25.0,Low,Low,False,False
STU001812,25.0,Low,High,True,False
STU001813,27.0,Low,Moderate,False,False
STU001814,35.0,Moderate,Moderate,False,False
STU001815,25.0,Low,Moderate,False,False
STU001816,15.0,Low,Moderate,False,False
STU001817,32.0,Moderate,Moderate,False,False
STU001818,50.0,Moderate,Moderate,False,False
STU001819,49.0,Moderate,High,True,False
STU001820,45.0,Moderate,High,True,False
STU001821,69.0,High,High,True,True
STU001822,41.0,Moderate,Moderate,False,False
STU001823,10.0,Low,Low,False,False
STU001824,45.0,Moderate,Moderate,False,False
STU001825,46.0,Moderate,Moderate,False,False
STU001826,31.0,Moderate,Moderate,False,False
STU001827,7.0,Low,Moderate,False,False
STU001828,25.0,Low,Moderate,False,False
STU001829,13.0,Low,Low,False,False
STU001830,18.0,Low,Low,False,False
STU001831,49.0,Moderate,High,True,False
STU001832,43.0,Moderate,Moderate,False,False
STU001833,61.0,High,High,True,True
STU001834,25.0,Low,Moderate,False,False
STU001835,49.0,Moderate,Moderate,False,False
STU001836,47.0,Moderate,Moderate,False,False
STU001837,20.0,Low,Moderate,False,False
STU001838,24.0,Low,Moderate,False,False
STU001839,85.0,Critical,High,True,True
STU001840,15.0,Low,Moderate,False,False
STU001841,14.0,Low,Low,False,False
STU001842,55.0,Moderate,Moderate,False,False
STU001843,44.0,Moderate,Moderate,False,False
STU001844,60.0,High,High,True,True
STU001845,43.0,Moderate,Low,False,False
STU001846,43.0,Moderate,Moderate,False,False
STU001847,38.0,Moderate,Moderate,False,False
STU001848,43.0,Moderate,Low,False,False
STU001849,27.0,Low,Moderate,False,False
STU001850,32.0,Moderate,Moderate,False,False
STU001851,52.0,Moderate,Moderate,False,False
STU001852,44.0,Moderate,Moderate,False,False
STU001853,31.0,Moderate,High,True,False
STU001854,0.0,Low,Low,False,False
STU001855,10.0,Low,Moderate,False,False
STU001856,46.0,Moderate,High,True,False
STU001857,42.0,Moderate,Moderate,False,False
STU001858,42.0,Moderate,Low,False,False
STU001859,32.0,Moderate,Moderate,False,False
STU001860,49.0,Moderate,Moderate,False,False
STU001861,46.0,Moderate,Moderate,False,False
STU001862,58.0,Moderate,High,True,False
STU001863,27.0,Low,Low,False,False
STU001864,47.0,Moderate,Moderate,False,False
STU001865,24.0,Low,Moderate,False,False
STU001866,50.0,Moderate,Moderate,False,False
STU001867,41.0,Moderate,Moderate,False,False
STU001868,15.0,Low,Moderate,False,False
STU001869,24.0,Low,Low,False,False
STU001870,3.0,Low,Low,False,False
STU001871,59.0,Moderate,High,True,False
STU001872,74.0,High,High,True,True
STU001873,25.0,Low,Moderate,False,False
STU001874,31.0,Moderate,Moderate,False,False
STU001875,73.0,High,High,True,True
STU001876,60.0,High,Moderate,False,True
STU001877,58.0,Moderate,High,True,False
STU001878,31.0,Moderate,Moderate,False,False
STU001879,10.0,Low,Low,False,False
STU001880,36.0,Moderate,High,True,False
STU001881,25.0,Low,Low,False,False
STU001882,52.0,Moderate,High,True,False
STU001883,47.0,Moderate,High,True,False
STU001884,44.0,Moderate,Moderate,False,False
STU001885,10.0,Low,Low,False,False
STU001886,3.0,Low,Moderate,False,False
STU001887,38.0,Moderate,Moderate,False,False
STU001888,36.0,Moderate,Moderate,False,False
STU001889,51.0,Moderate,Moderate,False,False
STU001890,21.0,Low,Low,False,False
STU001891,47.0,Moderate,Moderate,False,False
STU001892,34.0,Moderate,Moderate,False,False
STU001893,50.0,Moderate,Moderate,False,False
STU001894,43.0,Moderate,Moderate,False,False
STU001895,51.0,Moderate,Moderate,False,False
STU001896,28.0,Low,Low,False,False
STU001897,50.0,Moderate,Moderate,False,False
STU001898,72.0,High,Moderate,False,True
STU001899,51.0,Moderate,Moderate,False,False
STU001900,24.0,Low,Moderate,False,False
STU001901,35.0,Moderate,Moderate,False,False
STU001902,39.0,Moderate,Moderate,False,False
STU001903,7.0,Low,Moderate,False,False
STU001904,46.0,Moderate,Moderate,False,False
STU001905,53.0,Moderate,Moderate,False,False
STU001906,29.0,Low,Moderate,False,False
STU001907,63.0,High,Moderate,False,True
STU001908,71.0,High,High,True,True
STU001909,32.0,Moderate,Moderate,False,False
STU001910,48.0,Moderate,Moderate,False,False
STU001911,51.0,Moderate,High,True,False
STU001912,64.0,High,High,True,True
STU001913,54.0,Moderate,High,True,False
STU001914,31.0,Moderate,Low,False,False
STU001915,27.0,Low,Moderate,False,False
STU001916,24.0,Low,Moderate,False,False
STU001917,34.0,Moderate,Moderate,False,False
STU001918,0.0,Low,Low,False,False
STU001919,31.0,Moderate,Moderate,False,False
STU001920,70.0,High,High,True,True
STU001921,31.0,Moderate,Moderate,False,False
STU001922,35.0,Moderate,Moderate,False,False
STU001923,36.0,Moderate,Low,False,False
STU001924,25.0,Low,Moderate,False,False
STU001925,17.0,Low,Moderate,False,False
STU001926,31.0,Moderate,Moderate,False,False
STU001927,75.0,High,High,True,True
STU001928,10.0,Low,Moderate,False,False
STU001929,25.0,Low,Low,False,False
STU001930,32.0,Moderate,Low,False,False
STU001931,10.0,Low,Low,False,False
STU001932,52.0,Moderate,Moderate,False,False
STU001933,63.0,High,High,True,True
STU001934,15.0,Low,Moderate,False,False
STU001935,0.0,Low,Low,False,False
STU001936,44.0,Moderate,Moderate,False,False
STU001937,7.0,Low,Low,False,False
STU001938,48.0,Moderate,Moderate,False,False
STU001939,25.0,Low,Moderate,False,False
STU001940,70.0,High,High,True,True
STU001941,61.0,High,Moderate,False,True
STU001942,44.0,Moderate,High,True,False
STU001943,69.0,High,High,True,True
STU001944,21.0,Low,Moderate,False,False
STU001945,17.0,Low,Low,False,False
STU001946,43.0,Moderate,Moderate,False,False
STU001947,17.0,Low,Low,False,False
STU001948,49.0,Moderate,High,True,False
STU001949,55.0,Moderate,Moderate,False,False
STU001950,10.0,Low,Low,False,False
STU001951,28.0,Low,Moderate,False,False
STU001952,63.0,High,High,True,True
STU001953,25.0,Low,Low,False,False
STU001954,58.0,Moderate,High,True,False
STU001955,7.0,Low,Moderate,False,False
STU001956,37.0,Moderate,Low,False,False
STU001957,35.0,Moderate,Moderate,False,False
STU001958,32.0,Moderate,Moderate,False,False
STU001959,44.0,Moderate,Moderate,False,False
STU001960,89.0,Critical,Critical,True,True
STU001961,34.0,Moderate,Moderate,False,False
STU001962,72.0,High,High,True,True
STU001963,78.0,High,High,True,True
STU001964,49.0,Moderate,Moderate,False,False
STU001965,56.0,Moderate,High,True,False
STU001966,27.0,Low,Moderate,False,False
STU001967,68.0,High,Moderate,False,True
STU001968,49.0,Moderate,High,True,False
STU001969,32.0,Moderate,Moderate,False,False
STU001970,25.0,Low,Moderate,False,False
STU001971,42.0,Moderate,Moderate,False,False
STU001972,17.0,Low,Low,False,False
STU001973,45.0,Moderate,Moderate,False,False
STU001974,21.0,Low,Moderate,False,False
STU001975,27.0,Low,Moderate,False,False
STU001976,7.0,Low,Low,False,False
STU001977,61.0,High,Moderate,False,True
STU001978,38.0,Moderate,Moderate,False,False
STU001979,34.0,Moderate,Moderate,False,False
STU001980,42.0,Moderate,Moderate,False,False
STU001981,73.0,High,High,True,True
STU001982,65.0,High,High,True,True
STU001983,24.0,Low,Moderate,False,False
STU001984,35.0,Moderate,Low,False,False
STU001985,52.0,Moderate,High,True,False
STU001986,77.0,High,High,True,True
STU001987,59.0,Moderate,Moderate,False,False
STU001988,25.0,Low,Moderate,False,False
STU001989,41.0,Moderate,Moderate,False,False
STU001990,40.0,Moderate,Moderate,False,False
STU001991,32.0,Moderate,Moderate,False,False
STU001992,68.0,High,High,True,True
STU001993,73.0,High,High,True,True
STU001994,63.0,High,High,True,True
STU001995,56.0,Moderate,Moderate,False,False
STU001996,15.0,Low,Moderate,False,False
STU001997,40.0,Moderate,Moderate,False,False
STU001998,58.0,Moderate,High,True,False
STU001999,8.0,Low,Moderate,False,False
STU002000,74.0,High,High,True,True
STU002001,47.0,Moderate,High,True,False
STU002002,28.0,Low,Moderate,False,False
STU002003,58.0,Moderate,Moderate,False,False
STU002004,37.0,Moderate,High,True,False
STU002005,60.0,High,High,True,True
STU002006,43.0,Moderate,Moderate,False,False
STU002007,70.0,High,Moderate,False,True
STU002008,39.0,Moderate,High,True,False
STU002009,7.0,Low,Low,False,False
STU002010,35.0,Moderate,Low,False,False
STU002011,15.0,Low,Moderate,False,False
STU002012,55.0,Moderate,High,True,False
STU002013,30.0,Moderate,Low,False,False
STU002014,27.0,Low,High,True,False
STU002015,7.0,Low,Moderate,False,False
STU002016,41.0,Moderate,Moderate,False,False
STU002017,32.0,Moderate,Moderate,False,False
STU002018,28.0,Low,Moderate,False,False
STU002019,37.0,Moderate,Moderate,False,False
STU002020,27.0,Low,Moderate,False,False
STU002021,65.0,High,Moderate,False,True
STU002022,35.0,Moderate,Moderate,False,False
STU002023,65.0,High,Moderate,False,True
STU002024,41.0,Moderate,High,True,False
STU002025,10.0,Low,Low,False,False
STU002026,7.0,Low,Low,False,False
STU002027,59.0,Moderate,High,True,False
STU002028,10.0,Low,Moderate,False,False
STU002029,28.0,Low,Moderate,False,False
STU002030,47.0,Moderate,High,True,False
STU002031,38.0,Moderate,Moderate,False,False
STU002032,35.0,Moderate,Moderate,False,False
STU002033,31.0,Moderate,Low,False,False
STU002034,61.0,High,High,True,True
STU002035,25.0,Low,Moderate,False,False
STU002036,55.0,Moderate,High,True,False
STU002037,59.0,Moderate,High,True,False
STU002038,55.0,Moderate,High,True,False
STU002039,0.0,Low,Low,False,False
STU002040,37.0,Moderate,High,True,False
STU002041,43.0,Moderate,Moderate,False,False
STU002042,25.0,Low,Moderate,False,False
STU002043,35.0,Moderate,High,True,False
STU002044,25.0,Low,Moderate,False,False
STU002045,0.0,Low,Low,False,False
STU002046,59.0,Moderate,High,True,False
STU002047,36.0,Moderate,Moderate,False,False
STU002048,42.0,Moderate,Moderate,False,False
STU002049,30.0,Moderate,Moderate,False,False
STU002050,71.0,High,High,True,True
STU002051,44.0,Moderate,Moderate,False,False
STU002052,61.0,High,Moderate,False,True
STU002053,25.0,Low,Low,False,False
STU002054,55.0,Moderate,Moderate,False,False
STU002055,34.0,Moderate,Moderate,False,False
STU002056,7.0,Low,Moderate,False,False
STU002057,3.0,Low,Low,False,False
STU002058,13.0,Low,Moderate,False,False
STU002059,10.0,Low,Low,False,False
STU002060,52.0,Moderate,Moderate,False,False
STU002061,30.0,Moderate,High,True,False
STU002062,55.0,Moderate,High,True,False
STU002063,50.0,Moderate,Moderate,False,False
STU002064,56.0,Moderate,Moderate,False,False
STU002065,36.0,Moderate,Moderate,False,False
STU002066,51.0,Moderate,Moderate,False,False
STU002067,61.0,High,High,True,True
STU002068,30.0,Moderate,Low,False,False
STU002069,41.0,Moderate,Moderate,False,False
STU002070,56.0,Moderate,High,True,False
STU002071,50.0,Moderate,High,True,False
STU002072,15.0,Low,Moderate,False,False
STU002073,37.0,Moderate,Moderate,False,False
STU002074,25.0,Low,Moderate,False,False
STU002075,44.0,Moderate,Moderate,False,False
STU002076,25.0,Low,Moderate,False,False
STU002077,35.0,Moderate,Moderate,False,False
STU002078,25.0,Low,Moderate,False,False
STU002079,17.0,Low,Low,False,False
STU002080,25.0,Low,Moderate,False,False
STU002081,35.0,Moderate,Moderate,False,False
STU002082,34.0,Moderate,Moderate,False,False
STU002083,47.0,Moderate,Moderate,False,False
STU002084,55.0,Moderate,Moderate,False,False
STU002085,38.0,Moderate,Moderate,False,False
STU002086,37.0,Moderate,Moderate,False,False
STU002087,17.0,Low,Low,False,False
STU002088,24.0,Low,Low,False,False
STU002089,48.0,Moderate,High,True,False
STU002090,49.0,Moderate,Moderate,False,False
STU002091,24.0,Low,High,True,False
STU002092,3.0,Low,Low,False,False
STU002093,57.0,Moderate,Moderate,False,False
STU002094,18.0,Low,Low,False,False
STU002095,33.0,Moderate,Moderate,False,False
STU002096,15.0,Low,Low,False,False
STU002097,68.0,High,Moderate,False,True
STU002098,25.0,Low,Moderate,False,False
STU002099,55.0,Moderate,High,True,False
STU002100,69.0,High,High,True,True
STU002101,41.0,Moderate,Moderate,False,False
STU002102,8.0,Low,Low,False,False
STU002103,10.0,Low,Low,False,False
STU002104,22.0,Low,Moderate,False,False
STU002105,47.0,Moderate,Moderate,False,False
STU002106,25.0,Low,Moderate,False,False
STU002107,43.0,Moderate,Moderate,False,False
STU002108,56.0,Moderate,High,True,False
STU002109,15.0,Low,Moderate,False,False
STU002110,13.0,Low,Low,False,False
STU002111,55.0,Moderate,Moderate,False,False
STU002112,8.0,Low,Moderate,False,False
STU002113,58.0,Moderate,High,True,False
STU002114,17.0,Low,Moderate,False,False
STU002115,3.0,Low,Low,False,False
STU002116,72.0,High,High,True,True
STU002117,65.0,High,High,True,True
STU002118,7.0,Low,Moderate,False,False
STU002119,58.0,Moderate,Moderate,False,False
STU002120,18.0,Low,Moderate,False,False
STU002121,55.0,Moderate,High,True,False
STU002122,25.0,Low,Moderate,False,False
STU002123,44.0,Moderate,High,True,False
STU002124,61.0,High,Moderate,False,True
STU002125,56.0,Moderate,Moderate,False,False
STU002126,63.0,High,Moderate,False,True
STU002127,30.0,Moderate,Moderate,False,False
STU002128,63.0,High,High,True,True
STU002129,27.0,Low,Moderate,False,False
STU002130,51.0,Moderate,Moderate,False,False
STU002131,73.0,High,High,True,True
STU002132,35.0,Moderate,Moderate,False,False
STU002133,69.0,High,High,True,True
STU002134,28.0,Low,Moderate,False,False
STU002135,10.0,Low,Low,False,False
STU002136,50.0,Moderate,Moderate,False,False
STU002137,25.0,Low,Moderate,False,False
STU002138,25.0,Low,Low,False,False
STU002139,49.0,Moderate,High,True,False
STU002140,32.0,Moderate,High,True,False
STU002141,64.0,High,High,True,True
STU002142,73.0,High,Critical,True,True
STU002143,0.0,Low,Low,False,False
STU002144,21.0,Low,Low,False,False
STU002145,44.0,Moderate,High,True,False
STU002146,21.0,Low,Low,False,False
STU002147,51.0,Moderate,Moderate,False,False
STU002148,25.0,Low,Moderate,False,False
STU002149,15.0,Low,Moderate,False,False
STU002150,35.0,Moderate,Moderate,False,False
STU002151,47.0,Moderate,High,True,False
STU002152,38.0,Moderate,Moderate,False,False
STU002153,25.0,Low,Low,False,False
STU002154,34.0,Moderate,Moderate,False,False
STU002155,13.0,Low,Low,False,False
STU002156,50.0,Moderate,Low,False,False
STU002157,22.0,Low,Moderate,False,False
STU002158,3.0,Low,Low,False,False
STU002159,55.0,Moderate,High,True,False
STU002160,25.0,Low,Moderate,False,False
STU002161,10.0,Low,Low,False,False
STU002162,58.0,Moderate,High,True,False
STU002163,46.0,Moderate,High,True,False
STU002164,50.0,Moderate,Moderate,False,False
STU002165,80.0,Critical,Critical,True,True
STU002166,30.0,Moderate,Moderate,False,False
STU002167,42.0,Moderate,High,True,False
STU002168,0.0,Low,Low,False,False
STU002169,42.0,Moderate,Moderate,False,False
STU002170,18.0,Low,Moderate,False,False
STU002171,38.0,Moderate,Moderate,False,False
STU002172,30.0,Moderate,Low,False,False
STU002173,72.0,High,High,True,True
STU002174,44.0,Moderate,Moderate,False,False
STU002175,40.0,Moderate,Moderate,False,False
STU002176,24.0,Low,Moderate,False,False
STU002177,31.0,Moderate,Moderate,False,False
STU002178,40.0,Moderate,Moderate,False,False
STU002179,39.0,Moderate,High,True,False
STU002180,37.0,Moderate,Moderate,False,False
STU002181,15.0,Low,Moderate,False,False
STU002182,32.0,Moderate,Moderate,False,False
STU002183,40.0,Moderate,Moderate,False,False
STU002184,55.0,Moderate,High,True,False
STU002185,8.0,Low,Moderate,False,False
STU002186,25.0,Low,Moderate,False,False
STU002187,38.0,Moderate,Moderate,False,False
STU002188,51.0,Moderate,Moderate,False,False
STU002189,34.0,Moderate,Moderate,False,False
STU002190,27.0,Low,Moderate,False,False
STU002191,25.0,Low,Moderate,False,False
STU002192,45.0,Moderate,Moderate,False,False
STU002193,77.0,High,Moderate,False,True
STU002194,14.0,Low,Low,False,False
STU002195,67.0,High,High,True,True
STU002196,15.0,Low,Moderate,False,False
STU002197,25.0,Low,Low,False,False
STU002198,48.0,Moderate,Moderate,False,False
STU002199,70.0,High,High,True,True
STU002200,76.0,High,High,True,True
STU002201,42.0,Moderate,Moderate,False,False
STU002202,56.0,Moderate,High,True,False
STU002203,67.0,High,High,True,True
STU002204,32.0,Moderate,High,True,False
STU002205,31.0,Moderate,Low,False,False
STU002206,33.0,Moderate,Moderate,False,False
STU002207,52.0,Moderate,High,True,False
STU002208,13.0,Low,Low,False,False
STU002209,70.0,High,High,True,True
STU002210,32.0,Moderate,Moderate,False,False
STU002211,25.0,Low,Low,False,False
STU002212,35.0,Moderate,Moderate,False,False
STU002213,35.0,Moderate,Moderate,False,False
STU002214,55.0,Moderate,Moderate,False,False
STU002215,0.0,Low,Moderate,False,False
STU002216,25.0,Low,Moderate,False,False
STU002217,10.0,Low,Low,False,False
STU002218,35.0,Moderate,High,True,False
STU002219,35.0,Moderate,Low,False,False
STU002220,51.0,Moderate,High,True,False
STU002221,0.0,Low,Low,False,False
STU002222,64.0,High,Moderate,False,True
STU002223,17.0,Low,Moderate,False,False
STU002224,17.0,Low,Low,False,False
STU002225,25.0,Low,Low,False,False
STU002226,41.0,Moderate,Moderate,False,False
STU002227,58.0,Moderate,High,True,False
STU002228,66.0,High,High,True,True
STU002229,41.0,Moderate,Low,False,False
STU002230,52.0,Moderate,Moderate,False,False
STU002231,43.0,Moderate,Low,False,False
STU002232,31.0,Moderate,Moderate,False,False
STU002233,62.0,High,High,True,True
STU002234,35.0,Moderate,Moderate,False,False
STU002235,23.0,Low,Moderate,False,False
STU002236,3.0,Low,Low,False,False
STU002237,10.0,Low,Low,False,False
STU002238,17.0,Low,Moderate,False,False
STU002239,38.0,Moderate,Moderate,False,False
STU002240,44.0,Moderate,Moderate,False,False
STU002241,47.0,Moderate,Moderate,False,False
STU002242,49.0,Moderate,Moderate,False,False
STU002243,45.0,Moderate,Moderate,False,False
STU002244,49.0,Moderate,Low,False,False
STU002245,25.0,Low,Moderate,False,False
STU002246,61.0,High,High,True,True
STU002247,50.0,Moderate,High,True,False
STU002248,24.0,Low,Low,False,False
STU002249,40.0,Moderate,High,True,False
STU002250,67.0,High,High,True,True
STU002251,25.0,Low,Moderate,False,False
STU002252,10.0,Low,Moderate,False,False
STU002253,35.0,Moderate,Low,False,False
STU002254,73.0,High,High,True,True
STU002255,27.0,Low,Moderate,False,False
STU002256,52.0,Moderate,High,True,False
STU002257,53.0,Moderate,Moderate,False,False
STU002258,56.0,Moderate,High,True,False
STU002259,41.0,Moderate,Moderate,False,False
STU002260,15.0,Low,Moderate,False,False
STU002261,47.0,Moderate,Moderate,False,False
STU002262,21.0,Low,Moderate,False,False
STU002263,50.0,Moderate,Moderate,False,False
STU002264,35.0,Moderate,Moderate,False,False
STU002265,25.0,Low,Moderate,False,False
STU002266,61.0,High,Moderate,False,True
STU002267,10.0,Low,Low,False,False
STU002268,17.0,Low,Moderate,False,False
STU002269,34.0,Moderate,Moderate,False,False
STU002270,46.0,Moderate,Moderate,False,False
STU002271,55.0,Moderate,High,True,False
STU002272,50.0,Moderate,High,True,False
STU002273,33.0,Moderate,Moderate,False,False
STU002274,46.0,Moderate,Moderate,False,False
STU002275,78.0,High,High,True,True
STU002276,24.0,Low,Moderate,False,False
STU002277,65.0,High,Moderate,False,True
STU002278,45.0,Moderate,High,True,False
STU002279,15.0,Low,Moderate,False,False
STU002280,17.0,Low,Low,False,False
STU002281,8.0,Low,Low,False,False
STU002282,15.0,Low,Low,False,False
STU002283,25.0,Low,Low,False,False
STU002284,0.0,Low,Moderate,False,False
STU002285,65.0,High,Moderate,False,True
STU002286,40.0,Moderate,High,True,False
STU002287,59.0,Moderate,High,True,False
STU002288,77.0,High,Moderate,False,True
STU002289,55.0,Moderate,Moderate,False,False
STU002290,73.0,High,High,True,True
STU002291,56.0,Moderate,High,True,False
STU002292,32.0,Moderate,Moderate,False,False
STU002293,22.0,Low,Moderate,False,False
STU002294,28.0,Low,Moderate,False,False
STU002295,35.0,Moderate,High,True,False
STU002296,41.0,Moderate,Moderate,False,False
STU002297,15.0,Low,Low,False,False
STU002298,17.0,Low,Moderate,False,False
STU002299,69.0,High,High,True,True
STU002300,34.0,Moderate,Low,False,False
STU002301,36.0,Moderate,High,True,False
STU002302,31.0,Moderate,Moderate,False,False
STU002303,46.0,Moderate,Moderate,False,False
STU002304,27.0,Low,Moderate,False,False
STU002305,41.0,Moderate,High,True,False
STU002306,55.0,Moderate,High,True,False
STU002307,25.0,Low,Moderate,False,False
STU002308,35.0,Moderate,High,True,False
STU002309,89.0,Critical,High,True,True
STU002310,35.0,Moderate,High,True,False
STU002311,55.0,Moderate,Moderate,False,False
STU002312,56.0,Moderate,Moderate,False,False
STU002313,37.0,Moderate,Moderate,False,False
STU002314,7.0,Low,Low,False,False
STU002315,40.0,Moderate,Moderate,False,False
STU002316,55.0,Moderate,High,True,False
STU002317,11.0,Low,Moderate,False,False
STU002318,37.0,Moderate,Moderate,False,False
STU002319,56.0,Moderate,Moderate,False,False
STU002320,59.0,Moderate,Moderate,False,False
STU002321,8.0,Low,Low,False,False
STU002322,61.0,High,High,True,True
STU002323,14.0,Low,Moderate,False,False
STU002324,32.0,Moderate,Low,False,False
STU002325,63.0,High,High,True,True
STU002326,47.0,Moderate,Low,False,False
STU002327,48.0,Moderate,Moderate,False,False
STU002328,70.0,High,High,True,True
STU002329,7.0,Low,Low,False,False
STU002330,7.0,Low,Low,False,False
STU002331,41.0,Moderate,Moderate,False,False
STU002332,40.0,Moderate,Moderate,False,False
STU002333,24.0,Low,Moderate,False,False
STU002334,54.0,Moderate,Moderate,False,False
STU002335,40.0,Moderate,High,True,False
STU002336,7.0,Low,Moderate,False,False
STU002337,18.0,Low,Low,False,False
STU002338,62.0,High,High,True,True
STU002339,28.0,Low,Moderate,False,False
STU002340,62.0,High,High,True,True
STU002341,49.0,Moderate,High,True,False
STU002342,21.0,Low,Moderate,False,False
STU002343,15.0,Low,Moderate,False,False
STU002344,28.0,Low,Moderate,False,False
STU002345,52.0,Moderate,Moderate,False,False
STU002346,34.0,Moderate,Moderate,False,False
STU002347,51.0,Moderate,High,True,False
STU002348,36.0,Moderate,Moderate,False,False
STU002349,59.0,Moderate,Moderate,False,False
STU002350,31.0,Moderate,Moderate,False,False
STU002351,10.0,Low,Low,False,False
STU002352,25.0,Low,Moderate,False,False
STU002353,20.0,Low,Low,False,False
STU002354,42.0,Moderate,Moderate,False,False
STU002355,40.0,Moderate,Low,False,False
STU002356,67.0,High,Moderate,False,True
STU002357,41.0,Moderate,Moderate,False,False
STU002358,61.0,High,High,True,True
STU002359,0.0,Low,Low,False,False
STU002360,70.0,High,High,True,True
STU002361,27.0,Low,Moderate,False,False
STU002362,17.0,Low,Low,False,False
STU002363,37.0,Moderate,Moderate,False,False
STU002364,15.0,Low,Moderate,False,False
STU002365,15.0,Low,Low,False,False
STU002366,37.0,Moderate,High,True,False
STU002367,85.0,Critical,High,True,True
STU002368,33.0,Moderate,Moderate,False,False
STU002369,17.0,Low,Moderate,False,False
STU002370,61.0,High,High,True,True
STU002371,23.0,Low,Low,False,False
STU002372,30.0,Moderate,Moderate,False,False
STU002373,34.0,Moderate,Moderate,False,False
STU002374,50.0,Moderate,High,True,False
STU002375,31.0,Moderate,Moderate,False,False
STU002376,7.0,Low,Low,False,False
STU002377,67.0,High,Moderate,False,True
STU002378,25.0,Low,Moderate,False,False
STU002379,43.0,Moderate,Moderate,False,False
STU002380,73.0,High,High,True,True
STU002381,40.0,Moderate,Moderate,False,False
STU002382,31.0,Moderate,Low,False,False
STU002383,36.0,Moderate,High,True,False
STU002384,84.0,Critical,High,True,True
STU002385,49.0,Moderate,Moderate,False,False
STU002386,56.0,Moderate,High,True,False
STU002387,51.0,Moderate,Moderate,False,False
STU002388,62.0,High,Moderate,False,True
STU002389,32.0,Moderate,Moderate,False,False
STU002390,18.0,Low,Moderate,False,False
STU002391,7.0,Low,Low,False,False
STU002392,61.0,High,High,True,True
STU002393,31.0,Moderate,Low,False,False
STU002394,30.0,Moderate,Low,False,False
STU002395,22.0,Low,Moderate,False,False
STU002396,50.0,Moderate,High,True,False
STU002397,25.0,Low,Moderate,False,False
STU002398,8.0,Low,Moderate,False,False
STU002399,51.0,Moderate,High,True,False
STU002400,28.0,Low,Moderate,False,False
STU002401,40.0,Moderate,Moderate,False,False
STU002402,70.0,High,High,True,True
STU002403,36.0,Moderate,Moderate,False,False
STU002404,48.0,Moderate,Moderate,False,False
STU002405,25.0,Low,Moderate,False,False
STU002406,43.0,Moderate,High,True,False
STU002407,44.0,Moderate,Moderate,False,False
STU002408,53.0,Moderate,High,True,False
STU002409,11.0,Low,Moderate,False,False
STU002410,15.0,Low,Low,False,False
STU002411,55.0,Moderate,High,True,False
STU002412,37.0,Moderate,Moderate,False,False
STU002413,40.0,Moderate,Moderate,False,False
STU002414,58.0,Moderate,Moderate,False,False
STU002415,14.0,Low,Moderate,False,False
STU002416,3.0,Low,Low,False,False
STU002417,39.0,Moderate,Moderate,False,False
STU002418,57.0,Moderate,High,True,False
STU002419,55.0,Moderate,Moderate,False,False
STU002420,51.0,Moderate,High,True,False
STU002421,52.0,Moderate,High,True,False
STU002422,15.0,Low,Moderate,False,False
STU002423,46.0,Moderate,Moderate,False,False
STU002424,42.0,Moderate,Moderate,False,False
STU002425,35.0,Moderate,Moderate,False,False
STU002426,27.0,Low,Moderate,False,False
STU002427,3.0,Low,Low,False,False
STU002428,46.0,Moderate,Moderate,False,False
STU002429,18.0,Low,Moderate,False,False
STU002430,52.0,Moderate,High,True,False
STU002431,59.0,Moderate,High,True,False
STU002432,35.0,Moderate,Moderate,False,False
STU002433,15.0,Low,Low,False,False
STU002434,10.0,Low,Low,False,False
STU002435,67.0,High,High,True,True
STU002436,50.0,Moderate,Moderate,False,False
STU002437,54.0,Moderate,High,True,False
STU002438,8.0,Low,Moderate,False,False
STU002439,59.0,Moderate,Moderate,False,False
STU002440,46.0,Moderate,Moderate,False,False
STU002441,70.0,High,High,True,True
STU002442,28.0,Low,Moderate,False,False
STU002443,24.0,Low,Moderate,False,False
STU002444,32.0,Moderate,Moderate,False,False
STU002445,38.0,Moderate,Moderate,False,False
STU002446,67.0,High,High,True,True
STU002447,23.0,Low,Low,False,False
STU002448,27.0,Low,Moderate,False,False
STU002449,7.0,Low,Moderate,False,False
STU002450,35.0,Moderate,Moderate,False,False
STU002451,52.0,Moderate,Moderate,False,False
STU002452,35.0,Moderate,Moderate,False,False
STU002453,25.0,Low,Moderate,False,False
STU002454,28.0,Low,Moderate,False,False
STU002455,52.0,Moderate,Moderate,False,False
STU002456,25.0,Low,Moderate,False,False
STU002457,31.0,Moderate,Moderate,False,False
STU002458,49.0,Moderate,Moderate,False,False
STU002459,25.0,Low,Moderate,False,False
STU002460,57.0,Moderate,High,True,False
STU002461,31.0,Moderate,Low,False,False
STU002462,17.0,Low,Moderate,False,False
STU002463,70.0,High,High,True,True
STU002464,42.0,Moderate,Moderate,False,False
STU002465,52.0,Moderate,High,True,False
STU002466,44.0,Moderate,Moderate,False,False
STU002467,34.0,Moderate,High,True,False
STU002468,18.0,Low,Moderate,False,False
STU002469,24.0,Low,Moderate,False,False
STU002470,55.0,Moderate,Moderate,False,False
STU002471,53.0,Moderate,Moderate,False,False
STU002472,42.0,Moderate,Moderate,False,False
STU002473,55.0,Moderate,Moderate,False,False
STU002474,15.0,Low,Moderate,False,False
STU002475,6.0,Low,Low,False,False
STU002476,44.0,Moderate,Moderate,False,False
STU002477,40.0,Moderate,Low,False,False
STU002478,25.0,Low,Low,False,False
STU002479,60.0,High,Moderate,False,True
STU002480,15.0,Low,Moderate,False,False
STU002481,25.0,Low,Moderate,False,False
STU002482,61.0,High,High,True,True
STU002483,62.0,High,Moderate,False,True
STU002484,78.0,High,High,True,True
STU002485,10.0,Low,Low,False,False
STU002486,66.0,High,Moderate,False,True
STU002487,47.0,Moderate,Moderate,False,False
STU002488,85.0,Critical,Critical,True,True
STU002489,25.0,Low,Moderate,False,False
STU002490,8.0,Low,Low,False,False
STU002491,52.0,Moderate,Moderate,False,False
STU002492,46.0,Moderate,Low,False,False
STU002493,20.0,Low,Low,False,False
STU002494,23.0,Low,Moderate,False,False
STU002495,41.0,Moderate,Moderate,False,False
STU002496,25.0,Low,Moderate,False,False
STU002497,59.0,Moderate,High,True,False
STU002498,6.0,Low,Low,False,False
STU002499,21.0,Low,Moderate,False,False
STU002500,49.0,Moderate,High,True,False
