student_id,programme_code,programme,school,year_of_study,enrolment_status,attendance_rate,active_weeks,total_logins,total_minutes,lms_change_pct,submission_rate,average_score,score_change,attendance_risk,engagement_risk,assignment_risk,performance_risk,trend_risk,risk_score,risk_band,risk_reasons,intervention_priority
STU000001,EE,Electrical Engineering,School of Engineering and Digital Sciences,3,Active,80.0,10,134,3105.0,1.9547325102880602,62.5,72.00833333333334,1.25,10,0.0,14,8,0,32.0,Moderate,Attendance; Assignment submission; Assessment performance,Review
STU000002,BIO,Biological Sciences,School of Sciences and Humanities,4,Active,81.66666666666667,10,243,7204.0,3.593093793747078,93.33333333333333,67.53333333333333,5.949999999999996,10,0.0,0,8,0,18.0,Low,Attendance; Assessment performance,Routine monitoring
STU000003,FIN,Finance,Graduate School of Business,1,Active,88.33333333333333,10,204,5667.0,3.1078610603290677,55.00000000000001,72.21111111111111,-21.64999999999999,10,0.0,20,8,10,48.0,Moderate,Attendance; Assignment submission; Assessment performance; Performance decline,Review
STU000004,ME,Mechanical Engineering,School of Engineering and Digital Sciences,2,Active,66.66666666666667,10,105,2781.0,-6.979405034324937,45.0,56.083333333333336,-4.5,25,0.0,20,17,3,65.0,High,Attendance; Assignment submission; Assessment performance; Performance decline,Priority outreach
STU000005,EE,Electrical Engineering,School of Engineering and Digital Sciences,1,Active,82.0,10,168,5213.0,-13.229813664596263,74.0,71.44,8.349999999999994,10,0.0,14,8,0,32.0,Moderate,Attendance; Assignment submission; Assessment performance,Review
STU000006,ME,Mechanical Engineering,School of Engineering and Digital Sciences,1,Active,98.33333333333333,10,263,7884.0,-0.9871244635193085,88.33333333333333,77.83888888888889,2.5500000000000114,0,0.0,7,0,0,7.0,Low,Assignment submission,Routine monitoring
STU000007,EE,Electrical Engineering,School of Engineering and Digital Sciences,4,Active,80.0,10,159,4207.0,-0.16103059581320908,55.00000000000001,62.40555555555555,-26.549999999999997,10,0.0,20,17,10,57.0,Moderate,Attendance; Assignment submission; Assessment performance; Performance decline,Review
STU000008,CS,Computer Science,School of Engineering and Digital Sciences,1,Active,82.5,10,124,3387.0,-1.769087523277462,65.0,69.18333333333334,5.400000000000006,10,0.0,14,8,0,32.0,Moderate,Attendance; Assignment submission; Assessment performance,Review
STU000009,CS,Computer Science,School of Engineering and Digital Sciences,3,Active,75.0,10,147,3904.0,-27.80373831775701,56.666666666666664,49.93888888888889,-7.849999999999994,18,5.0,20,25,6,74.0,High,Attendance; LMS engagement; Assignment submission; Assessment performance; Performance decline,Priority outreach
STU000010,PHYS,Physics,School of Sciences and Humanities,3,Active,78.33333333333333,10,243,6352.0,-3.053830227743265,76.66666666666667,71.32222222222222,2.250000000000014,18,0.0,7,8,0,33.0,Moderate,Attendance; Assignment submission; Assessment performance,Review
STU000011,ECON,Economics,Graduate School of Business,3,Active,70.0,10,141,3878.0,-11.493354182955434,46.666666666666664,55.43888888888889,-9.799999999999997,18,0.0,20,17,6,61.0,High,Attendance; Assignment submission; Assessment performance; Performance decline,Priority outreach
STU000012,ME,Mechanical Engineering,School of Engineering and Digital Sciences,4,Active,80.0,10,108,3244.0,-7.784431137724551,70.0,72.72500000000001,-0.9000000000000057,10,0.0,14,8,3,35.0,Moderate,Attendance; Assignment submission; Assessment performance; Performance decline,Review
STU000013,EE,Electrical Engineering,School of Engineering and Digital Sciences,2,Active,87.5,10,121,3649.0,-11.7595818815331,67.5,68.48333333333333,-2.799999999999997,10,0.0,14,8,3,35.0,Moderate,Attendance; Assignment submission; Assessment performance; Performance decline,Review
STU000014,ME,Mechanical Engineering,School of Engineering and Digital Sciences,4,Active,67.5,10,90,2337.0,-23.014018691588785,52.5,63.49166666666667,-7.149999999999999,25,5.0,20,17,6,73.0,High,Attendance; LMS engagement; Assignment submission; Assessment performance; Performance decline,Priority outreach
STU000015,AI,Artificial Intelligence,School of Engineering and Digital Sciences,1,Active,92.5,10,137,3866.0,27.15686274509803,82.5,74.075,-0.09999999999999432,0,0.0,7,8,3,18.0,Low,Assignment submission; Assessment performance; Performance decline,Routine monitoring
STU000016,EE,Electrical Engineering,School of Engineering and Digital Sciences,2,Active,84.0,10,178,5010.0,1.3123359580052418,76.0,68.95333333333333,-10.299999999999997,10,0.0,7,8,10,35.0,Moderate,Attendance; Assignment submission; Assessment performance; Performance decline,Review
STU000017,BIO,Biological Sciences,School of Sciences and Humanities,4,Active,82.5,10,167,4319.0,4.273504273504269,65.0,61.64166666666667,-22.6,10,0.0,14,17,10,51.0,Moderate,Attendance; Assignment submission; Assessment performance; Performance decline,Review
STU000018,BIO,Biological Sciences,School of Sciences and Humanities,1,Active,92.5,10,147,4210.0,1.9809825673534027,80.0,79.23333333333333,-6.75,0,0.0,7,0,6,13.0,Low,Assignment submission; Performance decline,Routine monitoring
STU000019,BIO,Biological Sciences,School of Sciences and Humanities,4,Active,82.5,10,117,3291.0,-2.293120638085732,60.0,64.45,-5.349999999999994,10,0.0,14,17,6,47.0,Moderate,Attendance; Assignment submission; Assessment performance; Performance decline,Review
STU000020,CE,Civil Engineering,School of Mining and Geosciences,1,Active,93.33333333333333,10,251,6989.0,-4.14117647058824,71.66666666666667,69.17777777777778,-7.950000000000017,0,0.0,14,8,6,28.0,Low,Assignment submission; Assessment performance; Performance decline,Routine monitoring
STU000021,FIN,Finance,Graduate School of Business,1,Active,88.33333333333333,10,236,6905.0,9.320773425880013,86.66666666666667,83.12222222222222,7.099999999999994,10,0.0,7,0,0,17.0,Low,Attendance; Assignment submission,Routine monitoring
STU000022,ECON,Economics,Graduate School of Business,2,Active,77.5,10,139,3837.0,-7.945900253592557,72.5,74.875,-9.799999999999997,18,0.0,14,8,6,46.0,Moderate,Attendance; Assignment submission; Assessment performance; Performance decline,Review
STU000023,BIO,Biological Sciences,School of Sciences and Humanities,2,Active,90.0,10,185,5087.0,-9.87202925045704,66.66666666666666,72.26111111111112,-0.9999999999999858,0,0.0,14,8,3,25.0,Low,Assignment submission; Assessment performance; Performance decline,Routine monitoring
STU000024,ECON,Economics,Graduate School of Business,3,Active,87.5,10,156,4328.0,-6.465833945628223,65.0,74.38333333333334,-6.099999999999994,10,0.0,14,8,6,38.0,Moderate,Attendance; Assignment submission; Assessment performance; Performance decline,Review
STU000025,CE,Civil Engineering,School of Mining and Geosciences,4,Active,88.33333333333333,10,243,6381.0,-18.55477855477855,81.66666666666667,81.9388888888889,-9.299999999999997,10,5.0,7,0,6,28.0,Low,Attendance; LMS engagement; Assignment submission; Performance decline,Routine monitoring
STU000026,CHEM,Chemistry,School of Sciences and Humanities,3,Active,90.0,10,141,4341.0,6.298003072196616,72.5,66.72500000000001,-26.05000000000001,0,0.0,14,8,10,32.0,Moderate,Assignment submission; Assessment performance; Performance decline,Review
STU000027,ECON,Economics,Graduate School of Business,1,Active,78.33333333333333,10,179,5625.0,2.5428740390301665,66.66666666666666,70.92222222222222,6.400000000000006,18,0.0,14,8,0,40.0,Moderate,Attendance; Assignment submission; Assessment performance,Review
STU000028,PHYS,Physics,School of Sciences and Humanities,1,Active,77.5,10,131,3634.0,-22.2662440570523,67.5,71.75,-2.3499999999999943,18,5.0,14,8,3,48.0,Moderate,Attendance; LMS engagement; Assignment submission; Assessment performance; Performance decline,Review
STU000029,PSIR,Political Science and International Relations,School of Sciences and Humanities,1,Active,80.0,10,117,2920.0,-5.660377358490567,60.0,63.24166666666667,-17.099999999999994,10,0.0,14,17,10,51.0,Moderate,Attendance; Assignment submission; Assessment performance; Performance decline,Review
STU000030,ECON,Economics,Graduate School of Business,4,Active,75.0,10,167,5012.0,-5.769230769230769,73.33333333333333,67.26111111111112,-21.849999999999994,18,0.0,14,8,10,50.0,Moderate,Attendance; Assignment submission; Assessment performance; Performance decline,Review
STU000031,CE,Civil Engineering,School of Mining and Geosciences,4,Active,93.33333333333333,10,270,8016.0,4.340277777777782,90.0,71.80555555555556,4.099999999999994,0,0.0,0,8,0,8.0,Low,Assessment performance,Routine monitoring
STU000032,ECON,Economics,Graduate School of Business,4,Active,75.0,10,130,3555.0,5.55555555555555,51.66666666666667,56.5,2.3499999999999943,18,0.0,20,17,0,55.0,Moderate,Attendance; Assignment submission; Assessment performance,Review
STU000033,ECON,Economics,Graduate School of Business,1,Active,91.66666666666666,10,232,6956.0,-4.72589792060492,80.0,66.1,0.9500000000000028,0,0.0,7,8,0,15.0,Low,Assignment submission; Assessment performance,Routine monitoring
STU000034,SOCI,Sociology,School of Sciences and Humanities,3,Active,95.0,10,168,5346.0,-3.9783001808318263,87.5,77.58333333333333,-1.3500000000000085,0,0.0,7,0,3,10.0,Low,Assignment submission; Performance decline,Routine monitoring
STU000035,BIO,Biological Sciences,School of Sciences and Humanities,4,Active,95.0,10,172,5215.0,-13.801452784503624,97.5,74.425,12.799999999999983,0,0.0,0,8,0,8.0,Low,Assessment performance,Routine monitoring
STU000036,PSIR,Political Science and International Relations,School of Sciences and Humanities,1,Active,60.0,10,120,3500.0,5.28455284552845,70.0,66.48333333333333,-7.75,25,0.0,14,8,6,53.0,Moderate,Attendance; Assignment submission; Assessment performance; Performance decline,Review
STU000037,SOCI,Sociology,School of Sciences and Humanities,2,Active,78.0,10,171,4281.0,-7.032967032967033,54.0,70.03999999999999,-7.099999999999994,18,0.0,20,8,6,52.0,Moderate,Attendance; Assignment submission; Assessment performance; Performance decline,Review
STU000038,PSIR,Political Science and International Relations,School of Sciences and Humanities,2,Active,75.0,10,92,2807.0,-4.3930635838150165,55.00000000000001,57.53333333333334,-25.25,18,0.0,20,17,10,65.0,High,Attendance; Assignment submission; Assessment performance; Performance decline,Priority outreach
STU000039,CHEM,Chemistry,School of Sciences and Humanities,4,Active,85.0,10,271,7891.0,-1.5164279696714407,93.33333333333333,78.61666666666666,-7.800000000000011,10,0.0,0,0,6,16.0,Low,Attendance; Performance decline,Routine monitoring
STU000040,FIN,Finance,Graduate School of Business,1,Active,77.5,10,86,2400.0,-7.969151670951153,52.5,61.75,-7.450000000000003,18,0.0,20,17,6,61.0,High,Attendance; Assignment submission; Assessment performance; Performance decline,Priority outreach
STU000041,CHEM,Chemistry,School of Sciences and Humanities,2,Active,84.0,10,218,5263.0,-13.133097762073023,82.0,81.73333333333333,-13.849999999999994,10,0.0,7,0,10,27.0,Low,Attendance; Assignment submission; Performance decline,Routine monitoring
STU000042,CHEM,Chemistry,School of Sciences and Humanities,2,Active,90.0,10,185,4766.0,2.1846370683579948,72.0,69.73333333333333,3.75,0,0.0,14,8,0,22.0,Low,Assignment submission; Assessment performance,Routine monitoring
STU000043,ME,Mechanical Engineering,School of Engineering and Digital Sciences,2,Active,86.0,10,195,5493.0,-0.847970926711098,70.0,66.60666666666667,23.300000000000004,10,0.0,14,8,0,32.0,Moderate,Attendance; Assignment submission; Assessment performance,Review
STU000044,CE,Civil Engineering,School of Mining and Geosciences,1,Active,92.0,10,222,5889.0,-4.343045629466745,84.0,77.74666666666667,-5.550000000000011,0,0.0,7,0,6,13.0,Low,Assignment submission; Performance decline,Routine monitoring
STU000045,CE,Civil Engineering,School of Mining and Geosciences,4,Active,75.0,10,114,3641.0,-8.98972602739726,72.5,73.09166666666667,1.5500000000000114,18,0.0,14,8,0,40.0,Moderate,Attendance; Assignment submission; Assessment performance,Review
STU000046,PSIR,Political Science and International Relations,School of Sciences and Humanities,4,Active,87.5,10,163,4150.0,20.789220404234843,62.5,66.65833333333333,2.8000000000000114,10,0.0,14,8,0,32.0,Moderate,Attendance; Assignment submission; Assessment performance,Review
STU000047,EE,Electrical Engineering,School of Engineering and Digital Sciences,1,Active,76.0,10,132,3707.0,8.260447035957235,68.0,59.1,8.350000000000001,18,0.0,14,17,0,49.0,Moderate,Attendance; Assignment submission; Assessment performance,Review
STU000048,EE,Electrical Engineering,School of Engineering and Digital Sciences,4,Active,85.0,10,142,4128.0,-17.612380250552683,77.5,77.63333333333334,-11.950000000000003,10,5.0,7,0,10,32.0,Moderate,Attendance; LMS engagement; Assignment submission; Performance decline,Review
STU000049,SOCI,Sociology,School of Sciences and Humanities,3,Active,82.0,10,160,5006.0,8.423326133909287,70.0,62.586666666666666,-7.450000000000003,10,0.0,14,17,6,47.0,Moderate,Attendance; Assignment submission; Assessment performance; Performance decline,Review
STU000050,CHEM,Chemistry,School of Sciences and Humanities,3,Active,84.0,10,168,4637.0,-11.460379829731496,74.0,64.09333333333333,6.999999999999993,10,0.0,14,17,0,41.0,Moderate,Attendance; Assignment submission; Assessment performance,Review
STU000051,PSIR,Political Science and International Relations,School of Sciences and Humanities,3,Active,83.33333333333334,10,211,5668.0,4.1438147471054165,66.66666666666666,71.94999999999999,-3.1999999999999886,10,0.0,14,8,3,35.0,Moderate,Attendance; Assignment submission; Assessment performance; Performance decline,Review
STU000052,PSIR,Political Science and International Relations,School of Sciences and Humanities,4,Active,88.33333333333333,10,238,6258.0,13.847012841987711,76.66666666666667,71.71666666666667,-19.5,10,0.0,7,8,10,35.0,Moderate,Attendance; Assignment submission; Assessment performance; Performance decline,Review
STU000053,PSIR,Political Science and International Relations,School of Sciences and Humanities,1,Active,96.66666666666667,10,244,7908.0,-10.580339518357682,83.33333333333334,81.29444444444444,-10.049999999999997,0,0.0,7,0,10,17.0,Low,Assignment submission; Performance decline,Routine monitoring
STU000054,PHYS,Physics,School of Sciences and Humanities,1,Active,84.0,10,142,4198.0,9.149797570850193,62.0,59.486666666666665,-2.750000000000007,10,0.0,14,17,3,44.0,Moderate,Attendance; Assignment submission; Assessment performance; Performance decline,Review
STU000055,AI,Artificial Intelligence,School of Engineering and Digital Sciences,2,Active,85.0,10,133,4214.0,-6.209150326797381,67.5,67.80833333333334,-11.399999999999999,10,0.0,14,8,10,42.0,Moderate,Attendance; Assignment submission; Assessment performance; Performance decline,Review
STU000056,CE,Civil Engineering,School of Mining and Geosciences,4,Active,77.5,10,96,3221.0,1.3918629550321322,62.5,74.14999999999999,0.5,18,0.0,14,8,0,40.0,Moderate,Attendance; Assignment submission; Assessment performance,Review
STU000057,CHEM,Chemistry,School of Sciences and Humanities,4,Active,90.0,10,189,5789.0,-6.860592755214062,71.66666666666667,67.54444444444444,-0.15000000000000568,0,0.0,14,8,3,25.0,Low,Assignment submission; Assessment performance; Performance decline,Routine monitoring
STU000058,SOCI,Sociology,School of Sciences and Humanities,4,Active,88.33333333333333,10,213,6115.0,5.728587319243591,73.33333333333333,79.62222222222222,-14.149999999999991,10,0.0,14,0,10,34.0,Moderate,Attendance; Assignment submission; Performance decline,Review
STU000059,EE,Electrical Engineering,School of Engineering and Digital Sciences,3,Active,80.0,10,166,4908.0,-0.144508670520223,78.0,61.019999999999996,-14.399999999999999,10,0.0,7,17,10,44.0,Moderate,Attendance; Assignment submission; Assessment performance; Performance decline,Review
STU000060,CHEM,Chemistry,School of Sciences and Humanities,4,Active,73.33333333333334,10,215,5331.0,-0.4318322023442389,65.0,76.1888888888889,-4.900000000000006,18,0.0,14,0,3,35.0,Moderate,Attendance; Assignment submission; Performance decline,Review
STU000061,PSIR,Political Science and International Relations,School of Sciences and Humanities,4,Active,86.0,10,135,3789.0,-21.82539682539683,76.0,64.27333333333334,-4.799999999999997,10,5.0,7,17,3,42.0,Moderate,Attendance; LMS engagement; Assignment submission; Assessment performance; Performance decline,Review
STU000062,CHEM,Chemistry,School of Sciences and Humanities,1,Active,73.33333333333334,10,125,3208.0,14.397321428571427,56.666666666666664,63.36666666666666,-6.849999999999994,18,0.0,20,17,6,61.0,High,Attendance; Assignment submission; Assessment performance; Performance decline,Priority outreach
STU000063,BIO,Biological Sciences,School of Sciences and Humanities,1,Active,76.66666666666666,10,216,4939.0,-27.10557532621589,73.33333333333333,59.4388888888889,-18.900000000000006,18,5.0,14,17,10,64.0,High,Attendance; LMS engagement; Assignment submission; Assessment performance; Performance decline,Priority outreach
STU000064,PSIR,Political Science and International Relations,School of Sciences and Humanities,1,Active,74.0,10,158,3662.0,1.1320754716981134,60.0,70.92,-4.150000000000006,18,0.0,14,8,3,43.0,Moderate,Attendance; Assignment submission; Assessment performance; Performance decline,Review
STU000065,CHEM,Chemistry,School of Sciences and Humanities,1,Active,65.0,10,71,1752.0,-22.138836772983105,50.0,59.583333333333336,-10.450000000000003,25,5.0,20,17,10,77.0,High,Attendance; LMS engagement; Assignment submission; Assessment performance; Performance decline,Priority outreach
STU000066,CE,Civil Engineering,School of Mining and Geosciences,1,Active,75.0,10,183,5406.0,2.2040302267002447,75.0,55.105555555555554,-10.299999999999997,18,0.0,7,17,10,52.0,Moderate,Attendance; Assignment submission; Assessment performance; Performance decline,Review
STU000067,ECON,Economics,Graduate School of Business,2,Active,86.0,10,170,4844.0,-8.072048032021355,74.0,65.65333333333334,-7.6000000000000085,10,0.0,14,8,6,38.0,Moderate,Attendance; Assignment submission; Assessment performance; Performance decline,Review
STU000068,EE,Electrical Engineering,School of Engineering and Digital Sciences,3,Active,88.0,10,228,6687.0,-0.4882812499999889,98.0,72.29333333333334,12.350000000000009,10,0.0,0,8,0,18.0,Low,Attendance; Assessment performance,Routine monitoring
STU000069,CS,Computer Science,School of Engineering and Digital Sciences,1,Active,85.0,10,169,5267.0,-16.915995397008064,60.0,56.28333333333333,5.549999999999997,10,5.0,14,17,0,46.0,Moderate,Attendance; LMS engagement; Assignment submission; Assessment performance,Review
STU000070,FIN,Finance,Graduate School of Business,3,Active,73.33333333333334,10,166,4624.0,-4.803202134756504,56.666666666666664,48.48888888888889,-9.200000000000003,18,0.0,20,25,6,69.0,High,Attendance; Assignment submission; Assessment performance; Performance decline,Priority outreach
STU000071,EE,Electrical Engineering,School of Engineering and Digital Sciences,2,Active,84.0,10,180,4704.0,7.833089311859448,68.0,68.95333333333333,-3.1499999999999915,10,0.0,14,8,3,35.0,Moderate,Attendance; Assignment submission; Assessment performance; Performance decline,Review
STU000072,FIN,Finance,Graduate School of Business,4,Active,75.0,10,123,3167.0,16.590909090909097,62.5,54.98333333333333,-11.0,18,0.0,14,25,10,67.0,High,Attendance; Assignment submission; Assessment performance; Performance decline,Priority outreach
STU000073,EE,Electrical Engineering,School of Engineering and Digital Sciences,4,Active,70.0,10,84,2767.0,-10.467706013363024,50.0,57.11333333333334,-8.650000000000006,18,0.0,20,17,6,61.0,High,Attendance; Assignment submission; Assessment performance; Performance decline,Priority outreach
STU000074,FIN,Finance,Graduate School of Business,4,Active,90.0,10,160,4783.0,4.996271439224455,72.0,70.24,1.4499999999999886,0,0.0,14,8,0,22.0,Low,Assignment submission; Assessment performance,Routine monitoring
STU000075,CHEM,Chemistry,School of Sciences and Humanities,2,Active,88.0,10,142,4665.0,-7.12383488681758,72.0,70.3,-10.050000000000011,10,0.0,14,8,10,42.0,Moderate,Attendance; Assignment submission; Assessment performance; Performance decline,Review
STU000076,ME,Mechanical Engineering,School of Engineering and Digital Sciences,3,Active,85.0,10,203,5436.0,-10.060975609756088,70.0,68.64444444444445,-1.3999999999999915,10,0.0,14,8,3,35.0,Moderate,Attendance; Assignment submission; Assessment performance; Performance decline,Review
STU000077,CS,Computer Science,School of Engineering and Digital Sciences,2,Active,65.0,10,116,3000.0,9.041980624327232,45.0,64.53888888888889,-18.250000000000014,25,0.0,20,17,10,72.0,High,Attendance; Assignment submission; Assessment performance; Performance decline,Priority outreach
STU000078,CHEM,Chemistry,School of Sciences and Humanities,3,Active,84.0,10,176,4660.0,-21.111111111111114,72.0,62.940000000000005,25.150000000000006,10,5.0,14,17,0,46.0,Moderate,Attendance; LMS engagement; Assignment submission; Assessment performance,Review
STU000079,FIN,Finance,Graduate School of Business,3,Active,90.0,10,148,4396.0,-7.961564859299935,52.5,61.36666666666667,8.75,0,0.0,20,17,0,37.0,Moderate,Assignment submission; Assessment performance,Review
STU000080,BIO,Biological Sciences,School of Sciences and Humanities,2,Active,70.0,10,129,4008.0,10.773480662983426,70.0,58.17333333333333,-9.049999999999997,18,0.0,14,17,6,55.0,Moderate,Attendance; Assignment submission; Assessment performance; Performance decline,Review
STU000081,CE,Civil Engineering,School of Mining and Geosciences,4,Active,81.66666666666667,10,202,5593.0,5.660377358490567,80.0,71.61111111111111,8.450000000000003,10,0.0,7,8,0,25.0,Low,Attendance; Assignment submission; Assessment performance,Routine monitoring
STU000082,ECON,Economics,Graduate School of Business,1,Active,94.0,10,254,6613.0,1.3326499231163447,86.0,84.56666666666666,13.5,0,0.0,7,0,0,7.0,Low,Assignment submission,Routine monitoring
STU000083,SOCI,Sociology,School of Sciences and Humanities,4,Active,80.0,10,204,5940.0,-14.824654622741761,76.0,77.98666666666666,14.349999999999994,10,0.0,7,0,0,17.0,Low,Attendance; Assignment submission,Routine monitoring
STU000084,ECON,Economics,Graduate School of Business,4,Active,86.0,10,163,4028.0,7.85472972972973,54.0,56.79333333333333,-0.8499999999999943,10,0.0,20,17,3,50.0,Moderate,Attendance; Assignment submission; Assessment performance; Performance decline,Review
STU000085,PHYS,Physics,School of Sciences and Humanities,1,Active,90.0,10,222,6351.0,-0.3674540682414758,90.0,73.06666666666666,11.75,0,0.0,0,8,0,8.0,Low,Assessment performance,Routine monitoring
STU000086,CE,Civil Engineering,School of Mining and Geosciences,3,Active,70.0,10,109,2822.0,-15.102040816326543,52.0,55.24666666666667,-15.400000000000006,18,5.0,20,17,10,70.0,High,Attendance; LMS engagement; Assignment submission; Assessment performance; Performance decline,Priority outreach
STU000087,CE,Civil Engineering,School of Mining and Geosciences,1,Active,90.0,10,177,4674.0,12.978889757623152,82.5,73.96666666666667,4.249999999999986,0,0.0,7,8,0,15.0,Low,Assignment submission; Assessment performance,Routine monitoring
STU000088,ME,Mechanical Engineering,School of Engineering and Digital Sciences,2,Active,95.0,10,237,6830.0,2.486848397895749,81.66666666666667,72.46111111111111,-10.950000000000003,0,0.0,7,8,10,25.0,Low,Assignment submission; Assessment performance; Performance decline,Routine monitoring
STU000089,CE,Civil Engineering,School of Mining and Geosciences,2,Active,86.66666666666667,10,211,6413.0,-5.466081015129337,73.33333333333333,60.47222222222222,14.699999999999996,10,0.0,14,17,0,41.0,Moderate,Attendance; Assignment submission; Assessment performance,Review
STU000090,BIO,Biological Sciences,School of Sciences and Humanities,1,Active,68.0,10,105,3004.0,-14.086021505376351,56.00000000000001,55.44666666666667,9.200000000000003,25,0.0,20,17,0,62.0,High,Attendance; Assignment submission; Assessment performance,Priority outreach
STU000091,CE,Civil Engineering,School of Mining and Geosciences,2,Active,86.66666666666667,10,198,5586.0,5.374999999999992,73.33333333333333,74.02777777777777,-2.6499999999999915,10,0.0,14,8,3,35.0,Moderate,Attendance; Assignment submission; Assessment performance; Performance decline,Review
STU000092,EE,Electrical Engineering,School of Engineering and Digital Sciences,2,Active,64.0,10,105,3165.0,-7.65199161425576,70.0,62.053333333333335,-10.700000000000003,25,0.0,14,17,10,66.0,High,Attendance; Assignment submission; Assessment performance; Performance decline,Priority outreach
STU000093,BIO,Biological Sciences,School of Sciences and Humanities,4,Active,90.0,10,153,4148.0,-4.248861911987852,85.0,65.625,-9.75,0,0.0,7,8,6,21.0,Low,Assignment submission; Assessment performance; Performance decline,Routine monitoring
STU000094,FIN,Finance,Graduate School of Business,4,Active,85.0,10,139,4141.0,2.9641185647425945,70.0,62.24166666666667,12.299999999999997,10,0.0,14,17,0,41.0,Moderate,Attendance; Assignment submission; Assessment performance,Review
STU000095,CS,Computer Science,School of Engineering and Digital Sciences,4,Active,72.5,10,57,1475.0,-42.6497277676951,45.0,50.475,-10.450000000000003,18,9.0,20,25,10,82.0,Critical,Attendance; LMS engagement; Assignment submission; Assessment performance; Performance decline,Urgent review
STU000096,CE,Civil Engineering,School of Mining and Geosciences,2,Active,75.0,10,188,4997.0,-4.307116104868914,71.66666666666667,75.32222222222222,4.25,18,0.0,14,0,0,32.0,Moderate,Attendance; Assignment submission,Review
STU000097,ME,Mechanical Engineering,School of Engineering and Digital Sciences,4,Active,70.0,10,109,3191.0,-2.8216704288938987,56.666666666666664,58.71111111111111,-5.5,18,0.0,20,17,6,61.0,High,Attendance; Assignment submission; Assessment performance; Performance decline,Priority outreach
STU000098,FIN,Finance,Graduate School of Business,2,Active,90.0,10,231,6192.0,-15.149948293691825,70.0,68.22777777777777,-6.300000000000004,0,5.0,14,8,6,33.0,Moderate,LMS engagement; Assignment submission; Assessment performance; Performance decline,Review
STU000099,CHEM,Chemistry,School of Sciences and Humanities,4,Active,82.0,10,113,3851.0,-18.01140994295029,62.0,61.766666666666666,-0.10000000000000853,10,5.0,14,17,3,49.0,Moderate,Attendance; LMS engagement; Assignment submission; Assessment performance; Performance decline,Review
STU000100,CE,Civil Engineering,School of Mining and Geosciences,3,Active,87.5,10,126,3943.0,-5.3754940711462496,87.5,73.23333333333333,-3.549999999999997,10,0.0,7,8,3,28.0,Low,Attendance; Assignment submission; Assessment performance; Performance decline,Routine monitoring
STU000101,PHYS,Physics,School of Sciences and Humanities,1,Active,80.0,10,135,3389.0,18.995633187772924,67.5,57.05833333333334,7.299999999999997,10,0.0,14,17,0,41.0,Moderate,Attendance; Assignment submission; Assessment performance,Review
STU000102,SOCI,Sociology,School of Sciences and Humanities,2,Active,65.99999999999999,10,94,2111.0,-33.42105263157895,36.0,56.65333333333333,-11.549999999999997,25,9.0,20,17,10,81.0,Critical,Attendance; LMS engagement; Assignment submission; Assessment performance; Performance decline,Urgent review
STU000103,CE,Civil Engineering,School of Mining and Geosciences,2,Active,88.0,10,172,5438.0,-16.739130434782613,84.0,74.29333333333334,12.449999999999996,10,5.0,7,8,0,30.0,Moderate,Attendance; LMS engagement; Assignment submission; Assessment performance,Review
STU000104,PSIR,Political Science and International Relations,School of Sciences and Humanities,4,Active,83.33333333333334,10,232,6225.0,-0.10395010395011575,81.66666666666667,68.1,-3.6000000000000014,10,0.0,7,8,3,28.0,Low,Attendance; Assignment submission; Assessment performance; Performance decline,Routine monitoring
STU000105,ME,Mechanical Engineering,School of Engineering and Digital Sciences,3,Active,70.0,10,98,2578.0,-9.395109395109397,65.0,51.55833333333334,11.749999999999993,18,0.0,14,25,0,57.0,Moderate,Attendance; Assignment submission; Assessment performance,Review
STU000106,FIN,Finance,Graduate School of Business,2,Active,86.0,10,148,4660.0,5.235988200589975,66.0,64.56666666666666,-1.3499999999999943,10,0.0,14,17,3,44.0,Moderate,Attendance; Assignment submission; Assessment performance; Performance decline,Review
STU000107,CS,Computer Science,School of Engineering and Digital Sciences,2,Active,85.0,10,208,5856.0,-2.504268639726801,70.0,71.44999999999999,13.399999999999991,10,0.0,14,8,0,32.0,Moderate,Attendance; Assignment submission; Assessment performance,Review
STU000108,CHEM,Chemistry,School of Sciences and Humanities,2,Active,90.0,10,188,5917.0,2.130109383995401,82.0,71.94666666666667,3.5,0,0.0,7,8,0,15.0,Low,Assignment submission; Assessment performance,Routine monitoring
STU000109,PSIR,Political Science and International Relations,School of Sciences and Humanities,3,Active,78.33333333333333,10,188,5873.0,-4.669030732860527,79.66101694915254,56.42777777777778,0.20000000000000284,18,0.0,7,17,0,42.0,Moderate,Attendance; Assignment submission; Assessment performance,Review
STU000110,CS,Computer Science,School of Engineering and Digital Sciences,4,Active,80.0,10,145,3814.0,-6.745362563237765,64.0,62.013333333333335,-1.3499999999999943,10,0.0,14,17,3,44.0,Moderate,Attendance; Assignment submission; Assessment performance; Performance decline,Review
STU000111,CE,Civil Engineering,School of Mining and Geosciences,4,Active,82.5,10,146,4045.0,-9.73451327433628,77.5,65.425,-14.5,10,0.0,7,8,10,35.0,Moderate,Attendance; Assignment submission; Assessment performance; Performance decline,Review
STU000112,ME,Mechanical Engineering,School of Engineering and Digital Sciences,3,Active,85.0,10,170,5574.0,8.974358974358982,70.0,61.449999999999996,-14.849999999999994,10,0.0,14,17,10,51.0,Moderate,Attendance; Assignment submission; Assessment performance; Performance decline,Review
STU000113,ECON,Economics,Graduate School of Business,2,Active,77.5,10,133,3704.0,-0.09182736455463207,55.00000000000001,67.175,21.450000000000003,18,0.0,20,8,0,46.0,Moderate,Attendance; Assignment submission; Assessment performance,Review
STU000114,CE,Civil Engineering,School of Mining and Geosciences,3,Active,75.0,10,159,5358.0,-6.8181818181818175,73.33333333333333,71.01111111111112,2.8500000000000085,18,0.0,14,8,0,40.0,Moderate,Attendance; Assignment submission; Assessment performance,Review
STU000115,EE,Electrical Engineering,School of Engineering and Digital Sciences,4,Active,58.00000000000001,10,83,2696.0,-31.97353914002205,48.0,61.193333333333335,-3.5,25,9.0,20,17,3,74.0,High,Attendance; LMS engagement; Assignment submission; Assessment performance; Performance decline,Priority outreach
STU000116,PHYS,Physics,School of Sciences and Humanities,3,Active,73.33333333333334,10,204,5951.0,1.1098130841121563,68.33333333333333,75.61666666666666,3.75,18,0.0,14,0,0,32.0,Moderate,Attendance; Assignment submission,Review
STU000117,SOCI,Sociology,School of Sciences and Humanities,2,Active,82.0,10,157,4102.0,3.647158608990665,64.0,64.12666666666667,-13.600000000000009,10,0.0,14,17,10,51.0,Moderate,Attendance; Assignment submission; Assessment performance; Performance decline,Review
STU000118,PHYS,Physics,School of Sciences and Humanities,3,Active,78.33333333333333,10,172,4625.0,-12.228260869565217,66.66666666666666,60.85555555555556,5.250000000000007,18,0.0,14,17,0,49.0,Moderate,Attendance; Assignment submission; Assessment performance,Review
STU000119,SOCI,Sociology,School of Sciences and Humanities,3,Active,88.0,10,192,5340.0,5.142503097893425,76.0,61.56666666666667,15.249999999999986,10,0.0,7,17,0,34.0,Moderate,Attendance; Assignment submission; Assessment performance,Review
STU000120,PHYS,Physics,School of Sciences and Humanities,1,Active,87.5,10,154,3713.0,-9.795918367346939,87.5,68.85833333333333,3.4499999999999957,10,0.0,7,8,0,25.0,Low,Attendance; Assignment submission; Assessment performance,Routine monitoring
STU000121,BIO,Biological Sciences,School of Sciences and Humanities,2,Active,88.33333333333333,10,222,5912.0,20.274299344066794,76.66666666666667,71.65,2.1499999999999915,10,0.0,7,8,0,25.0,Low,Attendance; Assignment submission; Assessment performance,Routine monitoring
STU000122,CHEM,Chemistry,School of Sciences and Humanities,4,Active,96.66666666666667,10,255,7509.0,-11.58110882956879,85.0,81.42222222222222,-14.599999999999994,0,0.0,7,0,10,17.0,Low,Assignment submission; Performance decline,Routine monitoring
STU000123,PHYS,Physics,School of Sciences and Humanities,3,Active,75.0,10,150,4000.0,-3.215434083601295,72.5,72.86666666666666,4.949999999999989,18,0.0,14,8,0,40.0,Moderate,Attendance; Assignment submission; Assessment performance,Review
STU000124,AI,Artificial Intelligence,School of Engineering and Digital Sciences,1,Active,85.0,10,154,3784.0,11.74785100286533,62.5,60.85,4.899999999999999,10,0.0,14,17,0,41.0,Moderate,Attendance; Assignment submission; Assessment performance,Review
STU000125,SOCI,Sociology,School of Sciences and Humanities,1,Active,81.66666666666667,10,184,4469.0,7.913669064748201,68.33333333333333,60.75,-19.499999999999993,10,0.0,14,17,10,51.0,Moderate,Attendance; Assignment submission; Assessment performance; Performance decline,Review
STU000126,CE,Civil Engineering,School of Mining and Geosciences,2,Active,90.0,10,114,3677.0,-0.8490566037735849,70.0,75.73333333333333,-13.950000000000017,0,0.0,14,0,10,24.0,Low,Assignment submission; Performance decline,Routine monitoring
STU000127,SOCI,Sociology,School of Sciences and Humanities,3,Active,72.5,10,109,2944.0,-3.797468354430379,60.0,69.95833333333333,-10.5,18,0.0,14,8,10,50.0,Moderate,Attendance; Assignment submission; Assessment performance; Performance decline,Review
STU000128,SOCI,Sociology,School of Sciences and Humanities,3,Active,85.0,10,237,7672.0,5.421412300683382,83.05084745762711,80.05000000000001,-3.249999999999986,10,0.0,7,0,3,20.0,Low,Attendance; Assignment submission; Performance decline,Routine monitoring
STU000129,BIO,Biological Sciences,School of Sciences and Humanities,3,Active,86.0,10,219,6015.0,-5.850191361399666,72.0,84.61333333333333,-13.25,10,0.0,14,0,10,34.0,Moderate,Attendance; Assignment submission; Performance decline,Review
STU000130,AI,Artificial Intelligence,School of Engineering and Digital Sciences,1,Active,80.0,10,125,3584.0,-15.348837209302326,67.5,58.458333333333336,2.4000000000000057,10,5.0,14,17,0,46.0,Moderate,Attendance; LMS engagement; Assignment submission; Assessment performance,Review
STU000131,CS,Computer Science,School of Engineering and Digital Sciences,1,Active,88.0,10,141,3802.0,2.2522522522522475,68.0,62.04,1.4500000000000028,10,0.0,14,17,0,41.0,Moderate,Attendance; Assignment submission; Assessment performance,Review
STU000132,FIN,Finance,Graduate School of Business,4,Active,98.0,10,267,6864.0,-10.49240681086056,90.0,79.24666666666667,-3.0999999999999943,0,0.0,0,0,3,3.0,Low,Performance decline,Routine monitoring
STU000133,SOCI,Sociology,School of Sciences and Humanities,4,Active,70.0,10,135,4062.0,-11.835205992509367,53.333333333333336,61.52777777777778,-4.950000000000017,18,0.0,20,17,3,58.0,Moderate,Attendance; Assignment submission; Assessment performance; Performance decline,Review
STU000134,SOCI,Sociology,School of Sciences and Humanities,1,Active,65.0,10,148,4042.0,7.4758135444151215,46.666666666666664,62.41111111111112,-9.599999999999994,25,0.0,20,17,6,68.0,High,Attendance; Assignment submission; Assessment performance; Performance decline,Priority outreach
STU000135,BIO,Biological Sciences,School of Sciences and Humanities,2,Active,56.00000000000001,10,81,1496.0,2.2821576763485596,34.0,61.1,0.0,25,0.0,20,17,0,62.0,High,Attendance; Assignment submission; Assessment performance,Priority outreach
STU000136,CHEM,Chemistry,School of Sciences and Humanities,2,Active,78.0,10,146,3657.0,-14.430379746835442,60.0,67.44666666666667,-10.799999999999997,18,0.0,14,8,10,50.0,Moderate,Attendance; Assignment submission; Assessment performance; Performance decline,Review
STU000137,AI,Artificial Intelligence,School of Engineering and Digital Sciences,1,Active,82.5,10,131,3348.0,-7.122774133083422,55.00000000000001,54.18333333333334,-20.6,10,0.0,20,25,10,65.0,High,Attendance; Assignment submission; Assessment performance; Performance decline,Priority outreach
STU000138,EE,Electrical Engineering,School of Engineering and Digital Sciences,3,Active,90.0,10,177,4444.0,5.4115853658536635,76.0,68.49333333333334,-3.6499999999999915,0,0.0,7,8,3,18.0,Low,Assignment submission; Assessment performance; Performance decline,Routine monitoring
STU000139,SOCI,Sociology,School of Sciences and Humanities,4,Active,87.5,10,181,4721.0,-6.125258086717129,87.5,82.84166666666667,-13.299999999999983,10,0.0,7,0,10,27.0,Low,Attendance; Assignment submission; Performance decline,Routine monitoring
STU000140,CS,Computer Science,School of Engineering and Digital Sciences,2,Active,97.5,10,171,5286.0,-0.9981285090455465,90.0,75.81666666666666,-14.0,0,0.0,0,0,10,10.0,Low,Performance decline,Routine monitoring
STU000141,PHYS,Physics,School of Sciences and Humanities,1,Active,97.5,10,204,5557.0,7.261904761904756,97.5,79.23333333333333,0.4000000000000057,0,0.0,0,0,0,0.0,Low,No material signal,Routine monitoring
STU000142,CHEM,Chemistry,School of Sciences and Humanities,1,Active,71.66666666666667,10,175,5200.0,-5.969191270860088,63.33333333333333,65.35,7.049999999999997,18,0.0,14,8,0,40.0,Moderate,Attendance; Assignment submission; Assessment performance,Review
STU000143,FIN,Finance,Graduate School of Business,2,Active,64.0,10,108,2158.0,-4.796511627906976,42.0,63.6,-10.950000000000003,25,0.0,20,17,10,72.0,High,Attendance; Assignment submission; Assessment performance; Performance decline,Priority outreach
STU000144,FIN,Finance,Graduate School of Business,2,Active,80.0,10,125,3511.0,-31.424025457438347,57.99999999999999,56.63333333333333,1.3999999999999986,10,9.0,20,17,0,56.0,Moderate,Attendance; LMS engagement; Assignment submission; Assessment performance,Review
STU000145,PHYS,Physics,School of Sciences and Humanities,3,Active,92.0,10,227,6339.0,-11.182902584493043,88.0,81.29333333333334,-9.099999999999994,0,0.0,7,0,6,13.0,Low,Assignment submission; Performance decline,Routine monitoring
STU000146,AI,Artificial Intelligence,School of Engineering and Digital Sciences,3,Active,90.0,10,265,7066.0,-0.4535147392290301,81.66666666666667,78.28333333333333,-22.849999999999994,0,0.0,7,0,10,17.0,Low,Assignment submission; Performance decline,Routine monitoring
STU000147,CE,Civil Engineering,School of Mining and Geosciences,3,Active,64.0,10,116,2832.0,-4.324894514767939,56.00000000000001,49.72666666666667,5.5,25,0.0,20,25,0,70.0,High,Attendance; Assignment submission; Assessment performance,Priority outreach
STU000148,SOCI,Sociology,School of Sciences and Humanities,2,Active,95.0,10,151,4275.0,-13.287197231833908,77.5,79.36666666666666,-2.5,0,0.0,7,0,3,10.0,Low,Assignment submission; Performance decline,Routine monitoring
STU000149,ECON,Economics,Graduate School of Business,4,Active,90.0,10,203,6219.0,-1.47913365029055,80.0,73.38666666666667,9.199999999999989,0,0.0,7,8,0,15.0,Low,Assignment submission; Assessment performance,Routine monitoring
STU000150,PHYS,Physics,School of Sciences and Humanities,2,Active,88.0,10,154,4651.0,-7.443820224719108,57.99999999999999,68.36666666666666,-2.250000000000014,10,0.0,20,8,3,41.0,Moderate,Attendance; Assignment submission; Assessment performance; Performance decline,Review
STU000151,EE,Electrical Engineering,School of Engineering and Digital Sciences,4,Active,87.5,10,154,3752.0,-2.8089887640449436,72.5,78.76666666666667,-17.5,10,0.0,14,0,10,34.0,Moderate,Attendance; Assignment submission; Performance decline,Review
STU000152,PHYS,Physics,School of Sciences and Humanities,2,Active,84.0,10,161,4232.0,16.495659037095507,66.0,73.26,4.349999999999994,10,0.0,14,8,0,32.0,Moderate,Attendance; Assignment submission; Assessment performance,Review
STU000153,ME,Mechanical Engineering,School of Engineering and Digital Sciences,3,Active,65.99999999999999,10,153,3555.0,36.35394456289977,64.0,59.75333333333333,-9.699999999999996,25,0.0,14,17,6,62.0,High,Attendance; Assignment submission; Assessment performance; Performance decline,Priority outreach
STU000154,PSIR,Political Science and International Relations,School of Sciences and Humanities,4,Active,70.0,10,114,3709.0,-11.288888888888884,75.0,65.02499999999999,-23.9,18,0.0,7,8,10,43.0,Moderate,Attendance; Assignment submission; Assessment performance; Performance decline,Review
STU000155,ECON,Economics,Graduate School of Business,3,Active,72.5,10,100,2814.0,-5.914567360350493,52.5,61.24166666666667,5.200000000000003,18,0.0,20,17,0,55.0,Moderate,Attendance; Assignment submission; Assessment performance,Review
STU000156,CS,Computer Science,School of Engineering and Digital Sciences,2,Active,77.5,10,114,2843.0,-19.808306709265175,50.0,64.325,5.5,18,5.0,20,17,0,60.0,High,Attendance; LMS engagement; Assignment submission; Assessment performance,Priority outreach
STU000157,CS,Computer Science,School of Engineering and Digital Sciences,4,Active,78.0,10,180,5090.0,-2.236842105263165,70.0,64.05333333333333,-10.200000000000003,18,0.0,14,17,10,59.0,Moderate,Attendance; Assignment submission; Assessment performance; Performance decline,Review
STU000158,CE,Civil Engineering,School of Mining and Geosciences,3,Active,88.33333333333333,10,236,6676.0,-8.766859344894023,85.0,83.27222222222223,-11.050000000000011,10,0.0,7,0,10,27.0,Low,Attendance; Assignment submission; Performance decline,Routine monitoring
STU000159,AI,Artificial Intelligence,School of Engineering and Digital Sciences,1,Active,97.5,10,165,5246.0,-4.589371980676336,97.5,79.50833333333334,7.450000000000003,0,0.0,0,0,0,0.0,Low,No material signal,Routine monitoring
STU000160,CS,Computer Science,School of Engineering and Digital Sciences,2,Active,68.33333333333333,10,155,3714.0,-14.179719703215167,65.0,60.849999999999994,-6.200000000000003,25,0.0,14,17,6,62.0,High,Attendance; Assignment submission; Assessment performance; Performance decline,Priority outreach
STU000161,ME,Mechanical Engineering,School of Engineering and Digital Sciences,2,Active,70.0,10,133,3901.0,-1.601423487544484,45.0,52.25,-14.349999999999994,18,0.0,20,25,10,73.0,High,Attendance; Assignment submission; Assessment performance; Performance decline,Priority outreach
STU000162,ECON,Economics,Graduate School of Business,3,Active,88.33333333333333,10,202,5754.0,3.8323353293413245,63.33333333333333,63.61666666666666,1.1000000000000014,10,0.0,14,17,0,41.0,Moderate,Attendance; Assignment submission; Assessment performance,Review
STU000163,CS,Computer Science,School of Engineering and Digital Sciences,3,Active,87.5,10,142,4325.0,5.317577548005908,72.5,75.71666666666667,-0.5500000000000114,10,0.0,14,0,3,27.0,Low,Attendance; Assignment submission; Performance decline,Routine monitoring
STU000164,EE,Electrical Engineering,School of Engineering and Digital Sciences,2,Active,78.33333333333333,10,211,5442.0,-0.8827238335434986,65.0,64.95555555555556,-2.450000000000003,18,0.0,14,17,3,52.0,Moderate,Attendance; Assignment submission; Assessment performance; Performance decline,Review
STU000165,EE,Electrical Engineering,School of Engineering and Digital Sciences,1,Active,70.0,10,116,3393.0,2.513089005235602,67.5,79.21666666666667,2.0,18,0.0,14,0,0,32.0,Moderate,Attendance; Assignment submission,Review
STU000166,CE,Civil Engineering,School of Mining and Geosciences,2,Active,82.5,10,161,4671.0,-1.0716677829872816,87.5,70.61666666666666,0.9000000000000057,10,0.0,7,8,0,25.0,Low,Attendance; Assignment submission; Assessment performance,Routine monitoring
STU000167,EE,Electrical Engineering,School of Engineering and Digital Sciences,1,Active,95.0,10,279,7876.0,-4.2570951585976635,98.33333333333333,75.62222222222222,-6.550000000000011,0,0.0,0,0,6,6.0,Low,Performance decline,Routine monitoring
STU000168,AI,Artificial Intelligence,School of Engineering and Digital Sciences,2,Active,75.0,10,147,4398.0,-0.9558823529411724,67.5,62.74166666666667,15.299999999999997,18,0.0,14,17,0,49.0,Moderate,Attendance; Assignment submission; Assessment performance,Review
STU000169,PHYS,Physics,School of Sciences and Humanities,3,Active,80.0,10,137,3961.0,-13.006885998469784,66.0,57.2,5.350000000000001,10,0.0,14,17,0,41.0,Moderate,Attendance; Assignment submission; Assessment performance,Review
STU000170,FIN,Finance,Graduate School of Business,1,Active,96.66666666666667,10,263,7672.0,-1.1440677966101696,95.0,68.46666666666667,11.099999999999994,0,0.0,0,8,0,8.0,Low,Assessment performance,Routine monitoring
STU000171,AI,Artificial Intelligence,School of Engineering and Digital Sciences,1,Active,82.5,10,143,4632.0,2.2678951098511737,87.5,82.95,-6.950000000000003,10,0.0,7,0,6,23.0,Low,Attendance; Assignment submission; Performance decline,Routine monitoring
STU000172,CE,Civil Engineering,School of Mining and Geosciences,3,Active,97.5,10,163,3964.0,-15.789473684210526,67.5,70.33333333333333,-20.049999999999997,0,5.0,14,8,10,37.0,Moderate,LMS engagement; Assignment submission; Assessment performance; Performance decline,Review
STU000173,SOCI,Sociology,School of Sciences and Humanities,1,Active,77.5,10,75,2096.0,6.872852233676981,50.0,56.94166666666666,-16.250000000000007,18,0.0,20,17,10,65.0,High,Attendance; Assignment submission; Assessment performance; Performance decline,Priority outreach
STU000174,AI,Artificial Intelligence,School of Engineering and Digital Sciences,2,Active,70.0,10,162,4863.0,-7.147540983606554,66.66666666666666,73.25,24.75,18,0.0,14,8,0,40.0,Moderate,Attendance; Assignment submission; Assessment performance,Review
STU000175,BIO,Biological Sciences,School of Sciences and Humanities,4,Active,85.0,10,250,6767.0,-0.3887269193391587,78.33333333333333,70.1,-1.0500000000000114,10,0.0,7,8,3,28.0,Low,Attendance; Assignment submission; Assessment performance; Performance decline,Routine monitoring
STU000176,CS,Computer Science,School of Engineering and Digital Sciences,4,Active,72.5,10,89,2051.0,-19.18194640338505,67.5,59.64166666666667,-6.8999999999999915,18,5.0,14,17,6,60.0,High,Attendance; LMS engagement; Assignment submission; Assessment performance; Performance decline,Priority outreach
STU000177,PSIR,Political Science and International Relations,School of Sciences and Humanities,3,Active,78.0,10,165,4141.0,-7.581803671189149,68.0,61.36666666666667,0.14999999999999147,18,0.0,14,17,0,49.0,Moderate,Attendance; Assignment submission; Assessment performance,Review
STU000178,EE,Electrical Engineering,School of Engineering and Digital Sciences,1,Active,87.5,10,168,4654.0,0.5162241887905563,72.5,78.68333333333334,-13.349999999999994,10,0.0,14,0,10,34.0,Moderate,Attendance; Assignment submission; Performance decline,Review
STU000179,CE,Civil Engineering,School of Mining and Geosciences,4,Active,88.33333333333333,10,215,6516.0,3.006739243131162,71.66666666666667,76.56666666666666,-7.5,10,0.0,14,0,6,30.0,Moderate,Attendance; Assignment submission; Performance decline,Review
STU000180,EE,Electrical Engineering,School of Engineering and Digital Sciences,2,Active,86.0,10,185,5127.0,-13.473423980222499,76.0,68.64666666666668,-15.950000000000003,10,0.0,7,8,10,35.0,Moderate,Attendance; Assignment submission; Assessment performance; Performance decline,Review
STU000181,EE,Electrical Engineering,School of Engineering and Digital Sciences,2,Active,77.5,10,87,2523.0,3.862660944206009,52.5,67.23333333333333,-11.949999999999989,18,0.0,20,8,10,56.0,Moderate,Attendance; Assignment submission; Assessment performance; Performance decline,Review
STU000182,PHYS,Physics,School of Sciences and Humanities,2,Active,96.66666666666667,10,225,7006.0,6.950000000000006,78.33333333333333,68.02777777777777,-6.25,0,0.0,7,8,6,21.0,Low,Assignment submission; Assessment performance; Performance decline,Routine monitoring
STU000183,EE,Electrical Engineering,School of Engineering and Digital Sciences,2,Active,67.5,10,106,3053.0,-0.3157894736842105,62.5,54.650000000000006,-1.8499999999999943,25,0.0,14,25,3,67.0,High,Attendance; Assignment submission; Assessment performance; Performance decline,Priority outreach
STU000184,AI,Artificial Intelligence,School of Engineering and Digital Sciences,4,Active,92.5,10,134,3809.0,-7.256637168141602,70.0,67.79166666666667,15.950000000000003,0,0.0,14,8,0,22.0,Low,Assignment submission; Assessment performance,Routine monitoring
STU000185,PHYS,Physics,School of Sciences and Humanities,4,Active,85.0,10,160,5122.0,-4.708960104643558,66.66666666666666,62.72222222222222,0.3999999999999915,10,0.0,14,17,0,41.0,Moderate,Attendance; Assignment submission; Assessment performance,Review
STU000186,PSIR,Political Science and International Relations,School of Sciences and Humanities,2,Active,80.0,10,123,3421.0,1.2332990750256938,70.0,62.81666666666666,-2.1499999999999986,10,0.0,14,17,3,44.0,Moderate,Attendance; Assignment submission; Assessment performance; Performance decline,Review
STU000187,ECON,Economics,Graduate School of Business,1,Active,74.0,10,190,5491.0,-14.617169373549876,92.0,72.51333333333334,-8.75,18,0.0,0,8,6,32.0,Moderate,Attendance; Assessment performance; Performance decline,Review
STU000188,ECON,Economics,Graduate School of Business,2,Active,95.0,10,183,4884.0,-7.4489123269611115,92.5,67.83333333333333,4.050000000000004,0,0.0,0,8,0,8.0,Low,Assessment performance,Routine monitoring
STU000189,PSIR,Political Science and International Relations,School of Sciences and Humanities,1,Active,75.0,10,180,6006.0,-2.566903331512847,65.0,70.01666666666667,3.8000000000000114,18,0.0,14,8,0,40.0,Moderate,Attendance; Assignment submission; Assessment performance,Review
STU000190,AI,Artificial Intelligence,School of Engineering and Digital Sciences,4,Active,74.0,10,102,2513.0,1.1363636363636445,42.0,66.06,-1.8500000000000085,18,0.0,20,8,3,49.0,Moderate,Attendance; Assignment submission; Assessment performance; Performance decline,Review
STU000191,CE,Civil Engineering,School of Mining and Geosciences,3,Active,90.0,10,164,4570.0,-7.480314960629922,90.0,78.35833333333333,-16.64999999999999,0,0.0,0,0,10,10.0,Low,Performance decline,Routine monitoring
STU000192,AI,Artificial Intelligence,School of Engineering and Digital Sciences,3,Active,90.0,10,192,5302.0,-1.798800799467022,84.0,68.64666666666668,2.6000000000000085,0,0.0,7,8,0,15.0,Low,Assignment submission; Assessment performance,Routine monitoring
STU000193,ECON,Economics,Graduate School of Business,4,Active,76.66666666666666,10,184,5452.0,7.882736156351787,73.33333333333333,67.55000000000001,-6.900000000000006,18,0.0,14,8,6,46.0,Moderate,Attendance; Assignment submission; Assessment performance; Performance decline,Review
STU000194,BIO,Biological Sciences,School of Sciences and Humanities,4,Active,86.66666666666667,10,152,4350.0,-2.3756495916852307,51.66666666666667,73.10555555555555,-15.950000000000003,10,0.0,20,8,10,48.0,Moderate,Attendance; Assignment submission; Assessment performance; Performance decline,Review
STU000195,FIN,Finance,Graduate School of Business,3,Active,85.0,10,214,6228.0,5.582655826558272,71.66666666666667,63.416666666666664,-10.349999999999994,10,0.0,14,17,10,51.0,Moderate,Attendance; Assignment submission; Assessment performance; Performance decline,Review
STU000196,BIO,Biological Sciences,School of Sciences and Humanities,2,Active,90.0,10,184,5166.0,0.9440323668240093,76.0,70.91333333333334,-11.200000000000017,0,0.0,7,8,10,25.0,Low,Assignment submission; Assessment performance; Performance decline,Routine monitoring
STU000197,CS,Computer Science,School of Engineering and Digital Sciences,2,Active,91.66666666666666,10,196,5337.0,-2.0051746442432155,80.0,62.07777777777778,1.4000000000000057,0,0.0,7,17,0,24.0,Low,Assignment submission; Assessment performance,Routine monitoring
STU000198,EE,Electrical Engineering,School of Engineering and Digital Sciences,3,Active,76.0,10,133,3454.0,-9.543147208121821,74.0,73.02,-9.950000000000003,18,0.0,14,8,6,46.0,Moderate,Attendance; Assignment submission; Assessment performance; Performance decline,Review
STU000199,FIN,Finance,Graduate School of Business,3,Active,72.0,10,112,3397.0,1.6361886429258958,62.0,55.17333333333333,3.950000000000003,18,0.0,14,17,0,49.0,Moderate,Attendance; Assignment submission; Assessment performance,Review
STU000200,CE,Civil Engineering,School of Mining and Geosciences,1,Active,71.66666666666667,10,144,3613.0,8.95372233400403,45.0,74.98888888888888,-7.200000000000003,18,0.0,20,8,6,52.0,Moderate,Attendance; Assignment submission; Assessment performance; Performance decline,Review
STU000201,CE,Civil Engineering,School of Mining and Geosciences,4,Active,70.0,10,90,2558.0,-7.339449541284411,54.0,62.8,-2.3999999999999986,18,0.0,20,17,3,58.0,Moderate,Attendance; Assignment submission; Assessment performance; Performance decline,Review
STU000202,ECON,Economics,Graduate School of Business,4,Active,92.0,10,182,5047.0,9.564596716630982,84.0,78.38000000000001,-0.75,0,0.0,7,0,3,10.0,Low,Assignment submission; Performance decline,Routine monitoring
STU000203,ME,Mechanical Engineering,School of Engineering and Digital Sciences,3,Active,90.0,10,194,5569.0,6.2692071296865395,84.0,66.42,-21.400000000000006,0,0.0,7,8,10,25.0,Low,Assignment submission; Assessment performance; Performance decline,Routine monitoring
STU000204,CS,Computer Science,School of Engineering and Digital Sciences,1,Active,85.0,10,220,5838.0,13.077858880778582,75.0,70.94444444444444,2.3999999999999986,10,0.0,7,8,0,25.0,Low,Attendance; Assignment submission; Assessment performance,Routine monitoring
STU000205,CE,Civil Engineering,School of Mining and Geosciences,4,Active,60.0,10,118,2729.0,12.31454005934719,62.5,53.11666666666667,-10.5,25,0.0,14,25,10,74.0,High,Attendance; Assignment submission; Assessment performance; Performance decline,Priority outreach
STU000206,EE,Electrical Engineering,School of Engineering and Digital Sciences,1,Active,81.66666666666667,10,184,4832.0,-19.292604501607727,73.33333333333333,59.67222222222222,-19.400000000000006,10,5.0,14,17,10,56.0,Moderate,Attendance; LMS engagement; Assignment submission; Assessment performance; Performance decline,Review
STU000207,ECON,Economics,Graduate School of Business,1,Active,83.33333333333334,10,230,6594.0,2.900843881856546,88.33333333333333,64.70555555555556,17.75,10,0.0,7,17,0,34.0,Moderate,Attendance; Assignment submission; Assessment performance,Review
STU000208,CE,Civil Engineering,School of Mining and Geosciences,2,Active,88.33333333333333,10,238,6297.0,7.159221076746844,71.66666666666667,71.63333333333334,4.5,10,0.0,14,8,0,32.0,Moderate,Attendance; Assignment submission; Assessment performance,Review
STU000209,BIO,Biological Sciences,School of Sciences and Humanities,1,Active,67.5,10,106,2369.0,-1.051248357424438,60.0,52.416666666666664,-13.700000000000003,25,0.0,14,25,10,74.0,High,Attendance; Assignment submission; Assessment performance; Performance decline,Priority outreach
STU000210,PSIR,Political Science and International Relations,School of Sciences and Humanities,1,Active,72.5,10,113,2823.0,-13.67187499999999,57.49999999999999,61.75833333333333,2.5,18,0.0,20,17,0,55.0,Moderate,Attendance; Assignment submission; Assessment performance,Review
STU000211,CE,Civil Engineering,School of Mining and Geosciences,2,Active,86.0,10,153,4423.0,-10.329670329670328,70.0,56.766666666666666,-5.500000000000007,10,0.0,14,17,6,47.0,Moderate,Attendance; Assignment submission; Assessment performance; Performance decline,Review
STU000212,CS,Computer Science,School of Engineering and Digital Sciences,4,Active,88.0,10,143,4404.0,8.319738988580749,64.0,68.72666666666666,9.899999999999991,10,0.0,14,8,0,32.0,Moderate,Attendance; Assignment submission; Assessment performance,Review
STU000213,ECON,Economics,Graduate School of Business,4,Active,88.0,10,186,5647.0,-8.873720136518772,88.0,78.11333333333333,-0.25,10,0.0,7,0,3,20.0,Low,Attendance; Assignment submission; Performance decline,Routine monitoring
STU000214,SOCI,Sociology,School of Sciences and Humanities,2,Active,94.0,10,236,5951.0,-4.144241119483327,88.0,71.98666666666666,5.550000000000004,0,0.0,7,8,0,15.0,Low,Assignment submission; Assessment performance,Routine monitoring
STU000215,SOCI,Sociology,School of Sciences and Humanities,3,Active,87.5,10,157,4789.0,-19.708029197080293,82.5,69.26666666666667,-13.749999999999993,10,5.0,7,8,10,40.0,Moderate,Attendance; LMS engagement; Assignment submission; Assessment performance; Performance decline,Review
STU000216,CE,Civil Engineering,School of Mining and Geosciences,4,Active,80.0,10,164,4462.0,-23.071979434447297,78.0,73.6,3.700000000000003,10,5.0,7,8,0,30.0,Moderate,Attendance; LMS engagement; Assignment submission; Assessment performance,Review
STU000217,FIN,Finance,Graduate School of Business,3,Active,92.0,10,202,6148.0,-7.75234131113423,88.0,81.18,8.649999999999991,0,0.0,7,0,0,7.0,Low,Assignment submission,Routine monitoring
STU000218,BIO,Biological Sciences,School of Sciences and Humanities,4,Active,90.0,10,232,5900.0,9.557945041816017,81.66666666666667,80.55000000000001,14.549999999999997,0,0.0,7,0,0,7.0,Low,Assignment submission,Routine monitoring
STU000219,PSIR,Political Science and International Relations,School of Sciences and Humanities,1,Active,83.33333333333334,10,211,6592.0,20.43309272626318,73.33333333333333,63.949999999999996,17.6,10,0.0,14,17,0,41.0,Moderate,Attendance; Assignment submission; Assessment performance,Review
STU000220,CS,Computer Science,School of Engineering and Digital Sciences,2,Active,77.5,10,107,2986.0,-2.3630504833512296,57.49999999999999,69.925,-35.75,18,0.0,20,8,10,56.0,Moderate,Attendance; Assignment submission; Assessment performance; Performance decline,Review
STU000221,ECON,Economics,Graduate School of Business,3,Active,85.0,10,153,3864.0,-6.424344885883343,57.49999999999999,69.5,-11.600000000000001,10,0.0,20,8,10,48.0,Moderate,Attendance; Assignment submission; Assessment performance; Performance decline,Review
STU000222,FIN,Finance,Graduate School of Business,2,Active,65.0,10,80,2114.0,-14.978601997146935,47.5,58.208333333333336,5.849999999999994,25,0.0,20,17,0,62.0,High,Attendance; Assignment submission; Assessment performance,Priority outreach
STU000223,CE,Civil Engineering,School of Mining and Geosciences,1,Active,85.0,10,218,6044.0,-11.703239289446179,78.33333333333333,67.07777777777778,9.75,10,0.0,7,8,0,25.0,Low,Attendance; Assignment submission; Assessment performance,Routine monitoring
STU000224,CHEM,Chemistry,School of Sciences and Humanities,4,Active,52.0,10,46,1323.0,-57.56013745704468,38.0,56.29333333333333,-27.599999999999994,25,12.0,20,17,10,84.0,Critical,Attendance; LMS engagement; Assignment submission; Assessment performance; Performance decline,Urgent review
STU000225,EE,Electrical Engineering,School of Engineering and Digital Sciences,2,Active,90.0,10,224,6807.0,5.800000000000011,83.33333333333334,79.35,2.4499999999999886,0,0.0,7,0,0,7.0,Low,Assignment submission,Routine monitoring
STU000226,FIN,Finance,Graduate School of Business,1,Active,85.0,10,168,5222.0,4.113283884018877,68.33333333333333,65.10555555555555,-12.100000000000001,10,0.0,14,8,10,42.0,Moderate,Attendance; Assignment submission; Assessment performance; Performance decline,Review
STU000227,PSIR,Political Science and International Relations,School of Sciences and Humanities,2,Active,84.0,10,182,4472.0,-6.2093862815884515,66.0,63.22666666666667,-11.900000000000006,10,0.0,14,17,10,51.0,Moderate,Attendance; Assignment submission; Assessment performance; Performance decline,Review
STU000228,ECON,Economics,Graduate School of Business,2,Active,88.0,10,148,3933.0,-11.894995898277273,57.99999999999999,56.64,-13.5,10,0.0,20,17,10,57.0,Moderate,Attendance; Assignment submission; Assessment performance; Performance decline,Review
STU000229,CE,Civil Engineering,School of Mining and Geosciences,4,Active,84.0,10,225,6061.0,16.287425149700614,92.0,76.23333333333333,-8.75,10,0.0,0,0,6,16.0,Low,Attendance; Performance decline,Routine monitoring
STU000230,EE,Electrical Engineering,School of Engineering and Digital Sciences,1,Active,70.0,10,93,1976.0,4.958677685950414,50.0,60.35,4.000000000000007,18,0.0,20,17,0,55.0,Moderate,Attendance; Assignment submission; Assessment performance,Review
STU000231,PHYS,Physics,School of Sciences and Humanities,3,Active,72.5,10,97,2527.0,-10.668380462724933,60.0,59.30833333333334,1.000000000000007,18,0.0,14,17,0,49.0,Moderate,Attendance; Assignment submission; Assessment performance,Review
STU000232,ECON,Economics,Graduate School of Business,3,Active,67.5,10,70,1319.0,6.220095693779897,35.0,53.51666666666667,-8.900000000000006,25,0.0,20,25,6,76.0,High,Attendance; Assignment submission; Assessment performance; Performance decline,Priority outreach
STU000233,AI,Artificial Intelligence,School of Engineering and Digital Sciences,3,Active,90.0,10,156,4904.0,6.881720430107527,92.5,85.5,4.949999999999989,0,0.0,0,0,0,0.0,Low,No material signal,Routine monitoring
STU000234,CHEM,Chemistry,School of Sciences and Humanities,2,Active,95.0,10,302,8010.0,-0.7234042553191586,90.0,84.9,6.1499999999999915,0,0.0,0,0,0,0.0,Low,No material signal,Routine monitoring
STU000235,EE,Electrical Engineering,School of Engineering and Digital Sciences,3,Active,80.0,10,125,4172.0,-18.698578908003,85.0,70.24166666666666,-11.500000000000014,10,5.0,7,8,10,40.0,Moderate,Attendance; LMS engagement; Assignment submission; Assessment performance; Performance decline,Review
STU000236,AI,Artificial Intelligence,School of Engineering and Digital Sciences,3,Active,84.0,10,175,5113.0,-2.061855670103096,64.0,82.74,-19.94999999999999,10,0.0,14,0,10,34.0,Moderate,Attendance; Assignment submission; Performance decline,Review
STU000237,AI,Artificial Intelligence,School of Engineering and Digital Sciences,1,Active,97.5,10,158,4577.0,0.49469964664310545,87.5,72.35833333333333,-5.8500000000000085,0,0.0,7,8,6,21.0,Low,Assignment submission; Assessment performance; Performance decline,Routine monitoring
STU000238,CHEM,Chemistry,School of Sciences and Humanities,2,Active,92.0,10,195,5119.0,-14.413265306122447,76.0,68.56666666666666,-28.14999999999999,0,0.0,7,8,10,25.0,Low,Assignment submission; Assessment performance; Performance decline,Routine monitoring
STU000239,PSIR,Political Science and International Relations,School of Sciences and Humanities,1,Active,85.0,10,235,6590.0,-5.519960571710207,83.33333333333334,75.79444444444444,-1.1000000000000085,10,0.0,7,0,3,20.0,Low,Attendance; Assignment submission; Performance decline,Routine monitoring
STU000240,ECON,Economics,Graduate School of Business,2,Active,94.0,10,208,6175.0,-1.712707182320448,80.0,54.906666666666666,-7.400000000000006,0,0.0,7,25,6,38.0,Moderate,Assignment submission; Assessment performance; Performance decline,Review
STU000241,BIO,Biological Sciences,School of Sciences and Humanities,4,Active,87.5,10,144,4121.0,-1.8532818532818531,70.0,67.38333333333334,-17.29999999999999,10,0.0,14,8,10,42.0,Moderate,Attendance; Assignment submission; Assessment performance; Performance decline,Review
STU000242,PHYS,Physics,School of Sciences and Humanities,1,Active,77.5,10,122,3489.0,-6.527651858567543,75.0,73.03333333333333,12.400000000000006,18,0.0,7,8,0,33.0,Moderate,Attendance; Assignment submission; Assessment performance,Review
STU000243,CHEM,Chemistry,School of Sciences and Humanities,2,Active,74.0,10,115,3749.0,-8.259325044404973,52.0,56.92666666666666,-12.049999999999997,18,0.0,20,17,10,65.0,High,Attendance; Assignment submission; Assessment performance; Performance decline,Priority outreach
STU000244,ME,Mechanical Engineering,School of Engineering and Digital Sciences,1,Active,78.0,10,140,3717.0,-4.757462686567164,62.0,61.59333333333334,7.599999999999994,18,0.0,14,17,0,49.0,Moderate,Attendance; Assignment submission; Assessment performance,Review
STU000245,CS,Computer Science,School of Engineering and Digital Sciences,3,Active,65.99999999999999,10,129,3685.0,11.748120300751868,62.0,67.06,-7.050000000000004,25,0.0,14,8,6,53.0,Moderate,Attendance; Assignment submission; Assessment performance; Performance decline,Review
STU000246,PSIR,Political Science and International Relations,School of Sciences and Humanities,1,Active,71.66666666666667,10,122,3148.0,-22.701688555347083,45.0,61.483333333333334,-11.850000000000001,18,5.0,20,17,10,70.0,High,Attendance; LMS engagement; Assignment submission; Assessment performance; Performance decline,Priority outreach
STU000247,CS,Computer Science,School of Engineering and Digital Sciences,1,Active,80.0,10,138,3714.0,6.581352833638025,77.5,62.68333333333334,-10.900000000000006,10,0.0,7,17,10,44.0,Moderate,Attendance; Assignment submission; Assessment performance; Performance decline,Review
STU000248,BIO,Biological Sciences,School of Sciences and Humanities,2,Active,85.0,10,139,3758.0,-1.455479452054785,72.5,63.81666666666666,-25.999999999999986,10,0.0,14,17,10,51.0,Moderate,Attendance; Assignment submission; Assessment performance; Performance decline,Review
STU000249,PSIR,Political Science and International Relations,School of Sciences and Humanities,1,Active,76.66666666666666,10,164,4673.0,2.7636363636363677,53.333333333333336,60.205555555555556,9.0,18,0.0,20,17,0,55.0,Moderate,Attendance; Assignment submission; Assessment performance,Review
STU000250,CS,Computer Science,School of Engineering and Digital Sciences,1,Active,82.5,10,150,3590.0,-8.430493273542611,80.0,57.5,21.349999999999994,10,0.0,7,17,0,34.0,Moderate,Attendance; Assignment submission; Assessment performance,Review
STU000251,ECON,Economics,Graduate School of Business,3,Active,96.0,10,224,6204.0,-4.771893025694797,88.0,70.67333333333333,-10.800000000000011,0,0.0,7,8,10,25.0,Low,Assignment submission; Assessment performance; Performance decline,Routine monitoring
STU000252,CHEM,Chemistry,School of Sciences and Humanities,3,Active,85.0,10,136,3912.0,-9.190556492411464,60.0,76.04166666666667,2.450000000000003,10,0.0,14,0,0,24.0,Low,Attendance; Assignment submission,Routine monitoring
STU000253,FIN,Finance,Graduate School of Business,1,Active,65.0,10,99,2707.0,-34.02275077559462,43.333333333333336,68.42777777777778,-22.900000000000013,25,9.0,20,8,10,72.0,High,Attendance; LMS engagement; Assignment submission; Assessment performance; Performance decline,Priority outreach
STU000254,PSIR,Political Science and International Relations,School of Sciences and Humanities,4,Active,90.0,10,244,6458.0,5.505077498663822,88.0,74.72,-4.0,0,0.0,7,8,3,18.0,Low,Assignment submission; Assessment performance; Performance decline,Routine monitoring
STU000255,CE,Civil Engineering,School of Mining and Geosciences,2,Active,76.0,10,122,3683.0,-8.745247148288978,60.0,67.1,-3.3500000000000014,18,0.0,14,8,3,43.0,Moderate,Attendance; Assignment submission; Assessment performance; Performance decline,Review
STU000256,AI,Artificial Intelligence,School of Engineering and Digital Sciences,1,Active,86.0,10,201,5585.0,-6.598984771573605,82.0,73.21333333333334,-15.350000000000001,10,0.0,7,8,10,35.0,Moderate,Attendance; Assignment submission; Assessment performance; Performance decline,Review
STU000257,PHYS,Physics,School of Sciences and Humanities,2,Active,80.0,10,132,3894.0,25.21645021645022,72.0,68.27333333333333,-3.25,10,0.0,14,8,3,35.0,Moderate,Attendance; Assignment submission; Assessment performance; Performance decline,Review
STU000258,CS,Computer Science,School of Engineering and Digital Sciences,2,Active,74.0,10,114,2414.0,22.831050228310502,44.0,63.980000000000004,-12.5,18,0.0,20,17,10,65.0,High,Attendance; Assignment submission; Assessment performance; Performance decline,Priority outreach
STU000259,PHYS,Physics,School of Sciences and Humanities,3,Active,87.5,10,139,4086.0,-7.605177993527504,70.0,68.50833333333334,-11.149999999999991,10,0.0,14,8,10,42.0,Moderate,Attendance; Assignment submission; Assessment performance; Performance decline,Review
STU000260,BIO,Biological Sciences,School of Sciences and Humanities,1,Active,95.0,10,200,5323.0,9.126466753585403,85.0,65.96666666666667,7.250000000000007,0,0.0,7,8,0,15.0,Low,Assignment submission; Assessment performance,Routine monitoring
STU000261,EE,Electrical Engineering,School of Engineering and Digital Sciences,1,Active,92.5,10,160,4537.0,4.94464944649446,92.5,68.84166666666667,-3.6999999999999886,0,0.0,0,8,3,11.0,Low,Assessment performance; Performance decline,Routine monitoring
STU000262,CHEM,Chemistry,School of Sciences and Humanities,2,Active,88.0,10,163,4937.0,7.4489123269611115,74.0,70.50666666666666,-6.25,10,0.0,14,8,6,38.0,Moderate,Attendance; Assignment submission; Assessment performance; Performance decline,Review
STU000263,ME,Mechanical Engineering,School of Engineering and Digital Sciences,1,Active,80.0,10,130,3584.0,4.666666666666662,62.0,65.64666666666668,-9.350000000000001,10,0.0,14,8,6,38.0,Moderate,Attendance; Assignment submission; Assessment performance; Performance decline,Review
STU000264,FIN,Finance,Graduate School of Business,1,Active,84.0,10,179,5483.0,-2.4004683840749546,84.0,65.18,8.75,10,0.0,7,8,0,25.0,Low,Attendance; Assignment submission; Assessment performance,Routine monitoring
STU000265,ECON,Economics,Graduate School of Business,4,Active,90.0,10,238,6608.0,-15.235081374321885,73.33333333333333,67.71666666666667,4.150000000000006,0,5.0,14,8,0,27.0,Low,LMS engagement; Assignment submission; Assessment performance,Routine monitoring
STU000266,AI,Artificial Intelligence,School of Engineering and Digital Sciences,2,Active,77.5,10,137,3585.0,-14.596003475238922,65.0,81.31666666666666,-23.950000000000003,18,0.0,14,0,10,42.0,Moderate,Attendance; Assignment submission; Performance decline,Review
STU000267,EE,Electrical Engineering,School of Engineering and Digital Sciences,2,Active,90.0,10,179,5229.0,-3.3908754623920947,72.0,69.50666666666666,-2.950000000000003,0,0.0,14,8,3,25.0,Low,Assignment submission; Assessment performance; Performance decline,Routine monitoring
STU000268,ME,Mechanical Engineering,School of Engineering and Digital Sciences,4,Active,91.66666666666666,10,178,6075.0,-10.624033006704497,75.0,67.05000000000001,-3.75,0,0.0,7,8,3,18.0,Low,Assignment submission; Assessment performance; Performance decline,Routine monitoring
STU000269,CE,Civil Engineering,School of Mining and Geosciences,1,Active,68.0,10,109,3190.0,-1.6216216216216217,48.0,66.10666666666667,-9.100000000000009,25,0.0,20,8,6,59.0,Moderate,Attendance; Assignment submission; Assessment performance; Performance decline,Review
STU000270,CS,Computer Science,School of Engineering and Digital Sciences,1,Active,63.33333333333333,10,96,2771.0,-20.689655172413794,41.66666666666667,51.18888888888889,-8.75,25,5.0,20,25,6,81.0,Critical,Attendance; LMS engagement; Assignment submission; Assessment performance; Performance decline,Urgent review
STU000271,PSIR,Political Science and International Relations,School of Sciences and Humanities,1,Active,72.5,10,125,3404.0,-13.14508276533593,65.0,61.083333333333336,-5.450000000000003,18,0.0,14,17,6,55.0,Moderate,Attendance; Assignment submission; Assessment performance; Performance decline,Review
STU000272,CS,Computer Science,School of Engineering and Digital Sciences,2,Active,82.5,10,141,4718.0,-6.118421052631579,87.5,79.75,-1.9999999999999858,10,0.0,7,0,3,20.0,Low,Attendance; Assignment submission; Performance decline,Routine monitoring
STU000273,ME,Mechanical Engineering,School of Engineering and Digital Sciences,3,Active,73.33333333333334,10,151,4489.0,6.591760299625464,60.0,64.28333333333333,-5.700000000000003,18,0.0,14,17,6,55.0,Moderate,Attendance; Assignment submission; Assessment performance; Performance decline,Review
STU000274,BIO,Biological Sciences,School of Sciences and Humanities,1,Active,97.5,10,151,4442.0,-0.44150110375275936,85.0,67.18333333333334,20.5,0,0.0,7,8,0,15.0,Low,Assignment submission; Assessment performance,Routine monitoring
STU000275,FIN,Finance,Graduate School of Business,4,Active,90.0,10,263,7311.0,9.183202584217803,81.66666666666667,73.19444444444444,-4.200000000000003,0,0.0,7,8,3,18.0,Low,Assignment submission; Assessment performance; Performance decline,Routine monitoring
STU000276,CHEM,Chemistry,School of Sciences and Humanities,1,Active,84.0,10,159,4274.0,-2.0864381520119184,57.99999999999999,66.17333333333333,-6.550000000000011,10,0.0,20,8,6,44.0,Moderate,Attendance; Assignment submission; Assessment performance; Performance decline,Review
STU000277,ECON,Economics,Graduate School of Business,4,Active,87.5,10,135,3584.0,-13.406408094435077,62.5,77.11666666666666,-12.950000000000017,10,0.0,14,0,10,34.0,Moderate,Attendance; Assignment submission; Performance decline,Review
STU000278,AI,Artificial Intelligence,School of Engineering and Digital Sciences,3,Active,76.0,10,157,4925.0,-10.165016501650161,62.0,71.00666666666666,-7.450000000000003,18,0.0,14,8,6,46.0,Moderate,Attendance; Assignment submission; Assessment performance; Performance decline,Review
STU000279,CS,Computer Science,School of Engineering and Digital Sciences,4,Active,64.0,10,76,1912.0,-23.208722741433014,48.0,54.29333333333333,-15.700000000000003,25,5.0,20,25,10,85.0,Critical,Attendance; LMS engagement; Assignment submission; Assessment performance; Performance decline,Urgent review
STU000280,BIO,Biological Sciences,School of Sciences and Humanities,2,Active,72.5,10,87,2773.0,-19.56018518518519,57.49999999999999,72.53333333333333,-8.800000000000011,18,5.0,20,8,6,57.0,Moderate,Attendance; LMS engagement; Assignment submission; Assessment performance; Performance decline,Review
STU000281,PSIR,Political Science and International Relations,School of Sciences and Humanities,3,Active,73.33333333333334,10,119,3506.0,-5.7384760112888005,61.66666666666667,56.888888888888886,12.350000000000001,18,0.0,14,17,0,49.0,Moderate,Attendance; Assignment submission; Assessment performance,Review
STU000282,ECON,Economics,Graduate School of Business,1,Active,78.33333333333333,10,218,6288.0,1.2215435868961562,81.66666666666667,73.42222222222222,14.899999999999977,18,0.0,7,8,0,33.0,Moderate,Attendance; Assignment submission; Assessment performance,Review
STU000283,SOCI,Sociology,School of Sciences and Humanities,1,Active,65.0,10,106,2294.0,-18.453188602442328,57.49999999999999,60.74166666666667,-17.0,25,5.0,20,17,10,77.0,High,Attendance; LMS engagement; Assignment submission; Assessment performance; Performance decline,Priority outreach
STU000284,EE,Electrical Engineering,School of Engineering and Digital Sciences,4,Active,96.0,10,234,6139.0,-5.4382259767687495,86.0,78.64666666666668,4.050000000000011,0,0.0,7,0,0,7.0,Low,Assignment submission,Routine monitoring
STU000285,BIO,Biological Sciences,School of Sciences and Humanities,4,Active,76.0,10,169,4376.0,6.4891846921797,50.0,74.75333333333333,-9.0,18,0.0,20,8,6,52.0,Moderate,Attendance; Assignment submission; Assessment performance; Performance decline,Review
STU000286,SOCI,Sociology,School of Sciences and Humanities,3,Active,85.0,10,218,6274.0,-7.628865979381431,76.66666666666667,66.47222222222223,11.350000000000009,10,0.0,7,8,0,25.0,Low,Attendance; Assignment submission; Assessment performance,Routine monitoring
STU000287,ME,Mechanical Engineering,School of Engineering and Digital Sciences,3,Active,92.5,10,184,5199.0,1.5933715742511227,87.5,75.76666666666667,-12.450000000000003,0,0.0,7,0,10,17.0,Low,Assignment submission; Performance decline,Routine monitoring
STU000288,FIN,Finance,Graduate School of Business,2,Active,83.33333333333334,10,211,5126.0,-10.03436426116839,76.66666666666667,64.12222222222222,-11.099999999999994,10,0.0,7,17,10,44.0,Moderate,Attendance; Assignment submission; Assessment performance; Performance decline,Review
STU000289,PHYS,Physics,School of Sciences and Humanities,2,Active,75.0,10,122,3568.0,-30.794165316045373,70.0,52.48333333333333,-0.6499999999999915,18,9.0,14,25,3,69.0,High,Attendance; LMS engagement; Assignment submission; Assessment performance; Performance decline,Priority outreach
STU000290,CHEM,Chemistry,School of Sciences and Humanities,1,Active,76.0,10,131,3862.0,-4.163265306122449,52.0,67.04,-8.650000000000006,18,0.0,20,8,6,52.0,Moderate,Attendance; Assignment submission; Assessment performance; Performance decline,Review
STU000291,SOCI,Sociology,School of Sciences and Humanities,4,Active,82.0,10,163,4289.0,4.166666666666666,68.0,58.07333333333334,-8.850000000000009,10,0.0,14,17,6,47.0,Moderate,Attendance; Assignment submission; Assessment performance; Performance decline,Review
STU000292,ECON,Economics,Graduate School of Business,2,Active,90.0,10,151,4240.0,6.505421184320266,75.0,69.95,-0.7999999999999972,0,0.0,7,8,3,18.0,Low,Assignment submission; Assessment performance; Performance decline,Routine monitoring
STU000293,AI,Artificial Intelligence,School of Engineering and Digital Sciences,1,Active,88.0,10,162,4559.0,-24.146812620734053,68.0,73.43333333333334,1.2000000000000028,10,5.0,14,8,0,37.0,Moderate,Attendance; LMS engagement; Assignment submission; Assessment performance,Review
STU000294,PHYS,Physics,School of Sciences and Humanities,1,Active,77.5,10,98,2304.0,-27.402597402597408,40.0,56.21666666666667,-14.649999999999991,18,5.0,20,17,10,70.0,High,Attendance; LMS engagement; Assignment submission; Assessment performance; Performance decline,Priority outreach
STU000295,PSIR,Political Science and International Relations,School of Sciences and Humanities,3,Active,83.33333333333334,10,227,7084.0,-1.6579819990525764,85.0,76.33333333333333,11.300000000000011,10,0.0,7,0,0,17.0,Low,Attendance; Assignment submission,Routine monitoring
STU000296,CE,Civil Engineering,School of Mining and Geosciences,1,Active,98.0,10,199,5959.0,-7.413167444271637,90.0,78.89333333333335,-14.300000000000011,0,0.0,0,0,10,10.0,Low,Performance decline,Routine monitoring
STU000297,EE,Electrical Engineering,School of Engineering and Digital Sciences,3,Active,95.0,10,181,5137.0,-6.480881399870389,77.5,78.93333333333334,9.0,0,0.0,7,0,0,7.0,Low,Assignment submission,Routine monitoring
STU000298,CHEM,Chemistry,School of Sciences and Humanities,3,Active,95.0,10,194,5275.0,-4.833836858006036,92.5,81.23333333333333,-12.650000000000006,0,0.0,0,0,10,10.0,Low,Performance decline,Routine monitoring
STU000299,CE,Civil Engineering,School of Mining and Geosciences,2,Active,86.66666666666667,10,211,5955.0,-17.12962962962963,63.33333333333333,62.25555555555555,8.899999999999999,10,5.0,14,17,0,46.0,Moderate,Attendance; LMS engagement; Assignment submission; Assessment performance,Review
STU000300,CE,Civil Engineering,School of Mining and Geosciences,3,Active,80.0,10,110,3085.0,-10.99999999999999,70.0,76.825,-7.25,10,0.0,14,0,6,30.0,Moderate,Attendance; Assignment submission; Performance decline,Review
STU000301,EE,Electrical Engineering,School of Engineering and Digital Sciences,1,Active,82.5,10,164,5105.0,2.5674786043449753,90.0,78.50833333333334,-14.350000000000009,10,0.0,0,0,10,20.0,Low,Attendance; Performance decline,Routine monitoring
STU000302,CHEM,Chemistry,School of Sciences and Humanities,4,Active,90.0,10,137,4371.0,-16.901408450704224,74.0,60.46666666666667,5.199999999999989,0,5.0,14,17,0,36.0,Moderate,LMS engagement; Assignment submission; Assessment performance,Review
STU000303,PSIR,Political Science and International Relations,School of Sciences and Humanities,4,Active,86.0,10,200,5436.0,9.84385607603531,80.0,67.47333333333333,-1.5,10,0.0,7,8,3,28.0,Low,Attendance; Assignment submission; Assessment performance; Performance decline,Routine monitoring
STU000304,PSIR,Political Science and International Relations,School of Sciences and Humanities,1,Active,83.33333333333334,10,247,6562.0,-3.9919151086407165,80.0,77.32777777777777,8.949999999999989,10,0.0,7,0,0,17.0,Low,Attendance; Assignment submission,Routine monitoring
STU000305,CE,Civil Engineering,School of Mining and Geosciences,4,Active,82.0,10,204,5615.0,-9.977578475336312,80.0,74.28666666666666,-17.049999999999997,10,0.0,7,8,10,35.0,Moderate,Attendance; Assignment submission; Assessment performance; Performance decline,Review
STU000306,EE,Electrical Engineering,School of Engineering and Digital Sciences,3,Active,72.5,10,115,3371.0,6.085192697768763,82.5,61.225,0.8000000000000043,18,0.0,7,17,0,42.0,Moderate,Attendance; Assignment submission; Assessment performance,Review
STU000307,FIN,Finance,Graduate School of Business,1,Active,82.5,10,148,4501.0,5.8103975535168155,80.0,74.09166666666667,-2.6000000000000085,10,0.0,7,8,3,28.0,Low,Attendance; Assignment submission; Assessment performance; Performance decline,Routine monitoring
STU000308,AI,Artificial Intelligence,School of Engineering and Digital Sciences,3,Active,83.33333333333334,10,155,4328.0,-17.517241379310338,65.0,58.02777777777778,-2.049999999999997,10,5.0,14,17,3,49.0,Moderate,Attendance; LMS engagement; Assignment submission; Assessment performance; Performance decline,Review
STU000309,ME,Mechanical Engineering,School of Engineering and Digital Sciences,1,Active,90.0,10,178,5165.0,-9.51776649746194,70.0,60.22,-13.350000000000009,0,0.0,14,17,10,41.0,Moderate,Assignment submission; Assessment performance; Performance decline,Review
STU000310,PHYS,Physics,School of Sciences and Humanities,4,Active,68.0,10,166,4566.0,15.226337448559676,68.0,69.95333333333333,-2.3999999999999915,25,0.0,14,8,3,50.0,Moderate,Attendance; Assignment submission; Assessment performance; Performance decline,Review
STU000311,ME,Mechanical Engineering,School of Engineering and Digital Sciences,1,Active,92.5,10,134,3551.0,2.843601895734597,65.0,75.78333333333333,4.300000000000004,0,0.0,14,0,0,14.0,Low,Assignment submission,Routine monitoring
STU000312,CS,Computer Science,School of Engineering and Digital Sciences,3,Active,80.0,10,196,5328.0,0.47932893948471456,56.666666666666664,66.49444444444445,-14.549999999999997,10,0.0,20,8,10,48.0,Moderate,Attendance; Assignment submission; Assessment performance; Performance decline,Review
STU000313,CHEM,Chemistry,School of Sciences and Humanities,4,Active,72.5,10,112,2743.0,5.025125628140718,55.00000000000001,67.29166666666667,19.199999999999996,18,0.0,20,8,0,46.0,Moderate,Attendance; Assignment submission; Assessment performance,Review
STU000314,CHEM,Chemistry,School of Sciences and Humanities,2,Active,71.66666666666667,10,102,3507.0,-1.6450216450216402,56.666666666666664,53.66111111111111,-0.6000000000000014,18,0.0,20,25,3,66.0,High,Attendance; Assignment submission; Assessment performance; Performance decline,Priority outreach
STU000315,BIO,Biological Sciences,School of Sciences and Humanities,4,Active,78.0,10,150,4362.0,-12.889812889812891,68.0,57.43333333333333,13.850000000000001,18,0.0,14,17,0,49.0,Moderate,Attendance; Assignment submission; Assessment performance,Review
STU000316,ECON,Economics,Graduate School of Business,4,Active,95.0,10,252,8018.0,-3.5322777101096223,96.66666666666667,74.93333333333334,-1.8500000000000085,0,0.0,0,8,3,11.0,Low,Assessment performance; Performance decline,Routine monitoring
STU000317,ECON,Economics,Graduate School of Business,2,Active,97.5,10,171,5476.0,5.357142857142858,95.0,75.09166666666667,-1.3499999999999943,0,0.0,0,0,3,3.0,Low,Performance decline,Routine monitoring
STU000318,ECON,Economics,Graduate School of Business,1,Active,58.33333333333333,10,127,3005.0,-1.4002333722287046,51.66666666666667,63.09444444444445,16.299999999999997,25,0.0,20,17,0,62.0,High,Attendance; Assignment submission; Assessment performance,Priority outreach
STU000319,ME,Mechanical Engineering,School of Engineering and Digital Sciences,2,Active,82.0,10,170,5317.0,24.18899858956276,88.0,60.913333333333334,-18.599999999999994,10,0.0,7,17,10,44.0,Moderate,Attendance; Assignment submission; Assessment performance; Performance decline,Review
STU000320,CHEM,Chemistry,School of Sciences and Humanities,2,Active,80.0,10,150,3893.0,-6.034482758620699,51.66666666666667,58.272222222222226,-9.199999999999989,10,0.0,20,17,6,53.0,Moderate,Attendance; Assignment submission; Assessment performance; Performance decline,Review
STU000321,CE,Civil Engineering,School of Mining and Geosciences,2,Active,63.33333333333333,10,124,3249.0,-12.769953051643187,53.333333333333336,60.39444444444444,4.0,25,0.0,20,17,0,62.0,High,Attendance; Assignment submission; Assessment performance,Priority outreach
STU000322,CHEM,Chemistry,School of Sciences and Humanities,3,Active,71.66666666666667,10,171,4147.0,21.994884910485936,53.333333333333336,66.13888888888889,21.700000000000003,18,0.0,20,8,0,46.0,Moderate,Attendance; Assignment submission; Assessment performance,Review
STU000323,SOCI,Sociology,School of Sciences and Humanities,2,Active,90.0,10,121,4234.0,3.35877862595419,64.0,68.98666666666666,14.599999999999994,0,0.0,14,8,0,22.0,Low,Assignment submission; Assessment performance,Routine monitoring
STU000324,BIO,Biological Sciences,School of Sciences and Humanities,4,Active,91.66666666666666,10,195,6682.0,-3.069544364508399,75.0,74.09444444444445,-8.299999999999997,0,0.0,7,8,6,21.0,Low,Assignment submission; Assessment performance; Performance decline,Routine monitoring
STU000325,BIO,Biological Sciences,School of Sciences and Humanities,3,Active,62.0,10,104,2727.0,-17.857142857142854,50.0,48.61333333333334,-17.599999999999994,25,5.0,20,25,10,85.0,Critical,Attendance; LMS engagement; Assignment submission; Assessment performance; Performance decline,Urgent review
STU000326,CE,Civil Engineering,School of Mining and Geosciences,4,Active,66.66666666666667,10,118,3190.0,-21.152115211521146,53.333333333333336,61.361111111111114,-3.549999999999997,25,5.0,20,17,3,70.0,High,Attendance; LMS engagement; Assignment submission; Assessment performance; Performance decline,Priority outreach
STU000327,CE,Civil Engineering,School of Mining and Geosciences,1,Active,72.0,10,110,2784.0,-20.922384701912254,46.0,53.093333333333334,4.75,18,5.0,20,25,0,68.0,High,Attendance; LMS engagement; Assignment submission; Assessment performance,Priority outreach
STU000328,PSIR,Political Science and International Relations,School of Sciences and Humanities,3,Active,83.33333333333334,10,209,6299.0,-8.052708638360176,80.0,75.18333333333334,1.0,10,0.0,7,0,0,17.0,Low,Attendance; Assignment submission,Routine monitoring
STU000329,PSIR,Political Science and International Relations,School of Sciences and Humanities,2,Active,84.0,10,189,5402.0,-5.005820721769493,84.0,70.63333333333334,-15.300000000000011,10,0.0,7,8,10,35.0,Moderate,Attendance; Assignment submission; Assessment performance; Performance decline,Review
STU000330,ME,Mechanical Engineering,School of Engineering and Digital Sciences,3,Active,88.33333333333333,10,209,6517.0,-3.9507439712673107,76.66666666666667,68.92222222222222,-18.799999999999997,10,0.0,7,8,10,35.0,Moderate,Attendance; Assignment submission; Assessment performance; Performance decline,Review
STU000331,ME,Mechanical Engineering,School of Engineering and Digital Sciences,4,Active,67.5,10,73,1902.0,-13.53503184713376,47.5,46.81666666666666,-4.3500000000000085,25,0.0,20,25,3,73.0,High,Attendance; Assignment submission; Assessment performance; Performance decline,Priority outreach
STU000332,PHYS,Physics,School of Sciences and Humanities,3,Active,87.5,10,157,4366.0,-12.858141160027948,75.0,75.78333333333333,6.6000000000000085,10,0.0,7,0,0,17.0,Low,Attendance; Assignment submission,Routine monitoring
STU000333,EE,Electrical Engineering,School of Engineering and Digital Sciences,1,Active,73.33333333333334,10,207,5146.0,-3.467492260061934,60.0,67.64444444444445,-26.35000000000001,18,0.0,14,8,10,50.0,Moderate,Attendance; Assignment submission; Assessment performance; Performance decline,Review
STU000334,EE,Electrical Engineering,School of Engineering and Digital Sciences,4,Active,74.0,10,139,3884.0,16.740872662511137,64.0,67.28,8.449999999999989,18,0.0,14,8,0,40.0,Moderate,Attendance; Assignment submission; Assessment performance,Review
STU000335,PSIR,Political Science and International Relations,School of Sciences and Humanities,1,Active,78.33333333333333,10,198,6189.0,-5.467196819085482,75.0,79.55000000000001,-17.5,18,0.0,7,0,10,35.0,Moderate,Attendance; Assignment submission; Performance decline,Review
STU000336,BIO,Biological Sciences,School of Sciences and Humanities,4,Active,74.0,10,150,4287.0,0.5640612409347254,66.0,66.31333333333333,10.5,18,0.0,14,8,0,40.0,Moderate,Attendance; Assignment submission; Assessment performance,Review
STU000337,BIO,Biological Sciences,School of Sciences and Humanities,3,Active,77.5,10,117,2876.0,-9.714285714285726,67.5,54.98333333333333,3.0999999999999943,18,0.0,14,25,0,57.0,Moderate,Attendance; Assignment submission; Assessment performance,Review
STU000338,CHEM,Chemistry,School of Sciences and Humanities,2,Active,70.0,10,141,3639.0,15.028355387523629,72.0,57.44666666666667,-21.150000000000006,18,0.0,14,17,10,59.0,Moderate,Attendance; Assignment submission; Assessment performance; Performance decline,Review
STU000339,AI,Artificial Intelligence,School of Engineering and Digital Sciences,4,Active,84.0,10,198,5254.0,-11.841289522628635,80.0,77.38666666666667,15.749999999999986,10,0.0,7,0,0,17.0,Low,Attendance; Assignment submission,Routine monitoring
STU000340,CHEM,Chemistry,School of Sciences and Humanities,3,Active,75.0,10,199,5630.0,-7.749287749287756,70.0,71.41666666666667,-12.25,18,0.0,14,8,10,50.0,Moderate,Attendance; Assignment submission; Assessment performance; Performance decline,Review
STU000341,CHEM,Chemistry,School of Sciences and Humanities,1,Active,66.66666666666667,10,159,4078.0,-10.57034220532319,56.666666666666664,55.46666666666667,-17.6,25,0.0,20,17,10,72.0,High,Attendance; Assignment submission; Assessment performance; Performance decline,Priority outreach
STU000342,PHYS,Physics,School of Sciences and Humanities,2,Active,71.66666666666667,10,142,4199.0,-3.79362670713201,66.66666666666666,60.30555555555556,16.099999999999994,18,0.0,14,17,0,49.0,Moderate,Attendance; Assignment submission; Assessment performance,Review
STU000343,ME,Mechanical Engineering,School of Engineering and Digital Sciences,2,Active,85.0,10,215,5988.0,-15.84810126582279,75.0,74.38888888888889,8.350000000000023,10,5.0,7,8,0,30.0,Moderate,Attendance; LMS engagement; Assignment submission; Assessment performance,Review
STU000344,EE,Electrical Engineering,School of Engineering and Digital Sciences,2,Active,83.33333333333334,10,197,5026.0,-6.451612903225793,65.0,62.11666666666666,0.75,10,0.0,14,17,0,41.0,Moderate,Attendance; Assignment submission; Assessment performance,Review
STU000345,ME,Mechanical Engineering,School of Engineering and Digital Sciences,3,Active,76.66666666666666,10,198,5061.0,-15.300546448087433,68.33333333333333,67.54444444444444,-12.850000000000009,18,5.0,14,8,10,55.0,Moderate,Attendance; LMS engagement; Assignment submission; Assessment performance; Performance decline,Review
STU000346,CE,Civil Engineering,School of Mining and Geosciences,3,Active,80.0,10,130,4053.0,-13.552526062550129,64.0,67.51333333333334,-4.5,10,0.0,14,8,3,35.0,Moderate,Attendance; Assignment submission; Assessment performance; Performance decline,Review
STU000347,BIO,Biological Sciences,School of Sciences and Humanities,3,Active,90.0,10,244,7352.0,-13.07163091865641,85.0,75.36111111111111,-9.450000000000017,0,0.0,7,0,6,13.0,Low,Assignment submission; Performance decline,Routine monitoring
STU000348,CS,Computer Science,School of Engineering and Digital Sciences,1,Active,81.66666666666667,10,203,6125.0,-0.8803728638011334,68.33333333333333,68.41111111111111,-3.1999999999999886,10,0.0,14,8,3,35.0,Moderate,Attendance; Assignment submission; Assessment performance; Performance decline,Review
STU000349,AI,Artificial Intelligence,School of Engineering and Digital Sciences,3,Active,62.5,10,54,1374.0,33.04597701149426,42.5,49.94166666666666,-15.299999999999997,25,0.0,20,25,10,80.0,Critical,Attendance; Assignment submission; Assessment performance; Performance decline,Urgent review
STU000350,CE,Civil Engineering,School of Mining and Geosciences,1,Active,80.0,10,214,5591.0,-4.040404040404034,75.0,66.31666666666666,13.75,10,0.0,7,8,0,25.0,Low,Attendance; Assignment submission; Assessment performance,Routine monitoring
STU000351,CS,Computer Science,School of Engineering and Digital Sciences,4,Active,72.5,10,84,1776.0,19.589977220956712,47.5,63.75833333333333,-11.999999999999986,18,0.0,20,17,10,65.0,High,Attendance; Assignment submission; Assessment performance; Performance decline,Priority outreach
STU000352,SOCI,Sociology,School of Sciences and Humanities,4,Active,74.0,10,182,4818.0,-20.503144654088054,76.0,61.68,-8.399999999999991,18,5.0,7,17,6,53.0,Moderate,Attendance; LMS engagement; Assignment submission; Assessment performance; Performance decline,Review
STU000353,EE,Electrical Engineering,School of Engineering and Digital Sciences,1,Active,76.66666666666666,10,228,5560.0,-3.9495337356006583,76.66666666666667,50.76111111111111,-22.050000000000004,18,0.0,7,25,10,60.0,High,Attendance; Assignment submission; Assessment performance; Performance decline,Priority outreach
STU000354,FIN,Finance,Graduate School of Business,4,Active,91.66666666666666,10,283,6725.0,11.743215031315241,78.33333333333333,69.77777777777777,-5.049999999999983,0,0.0,7,8,6,21.0,Low,Assignment submission; Assessment performance; Performance decline,Routine monitoring
STU000355,AI,Artificial Intelligence,School of Engineering and Digital Sciences,4,Active,72.0,10,117,3478.0,-5.289421157684637,60.0,64.0,-2.049999999999997,18,0.0,14,17,3,52.0,Moderate,Attendance; Assignment submission; Assessment performance; Performance decline,Review
STU000356,ME,Mechanical Engineering,School of Engineering and Digital Sciences,2,Active,88.0,10,208,6053.0,-8.50611376927167,82.0,76.32666666666667,-13.350000000000009,10,0.0,7,0,10,27.0,Low,Attendance; Assignment submission; Performance decline,Routine monitoring
STU000357,CS,Computer Science,School of Engineering and Digital Sciences,4,Active,67.5,10,100,2799.0,-12.63498920086393,42.5,67.7,-21.799999999999997,25,0.0,20,8,10,63.0,High,Attendance; Assignment submission; Assessment performance; Performance decline,Priority outreach
STU000358,CE,Civil Engineering,School of Mining and Geosciences,1,Active,76.66666666666666,10,187,4771.0,-4.047777040477767,65.0,68.45555555555556,-8.75,18,0.0,14,8,6,46.0,Moderate,Attendance; Assignment submission; Assessment performance; Performance decline,Review
STU000359,ME,Mechanical Engineering,School of Engineering and Digital Sciences,1,Active,92.0,10,201,5425.0,-2.6938239159001243,78.0,73.1,18.400000000000013,0,0.0,7,8,0,15.0,Low,Assignment submission; Assessment performance,Routine monitoring
STU000360,ECON,Economics,Graduate School of Business,3,Active,80.0,10,210,6169.0,-0.6593406593406593,76.0,69.91333333333334,-11.25,10,0.0,7,8,10,35.0,Moderate,Attendance; Assignment submission; Assessment performance; Performance decline,Review
STU000361,AI,Artificial Intelligence,School of Engineering and Digital Sciences,4,Active,75.0,10,191,5061.0,-14.828431372549023,73.33333333333333,67.36111111111111,-8.0,18,0.0,14,8,6,46.0,Moderate,Attendance; Assignment submission; Assessment performance; Performance decline,Review
STU000362,AI,Artificial Intelligence,School of Engineering and Digital Sciences,3,Active,85.0,10,121,3957.0,7.658833768494339,65.0,61.875,-1.8499999999999943,10,0.0,14,17,3,44.0,Moderate,Attendance; Assignment submission; Assessment performance; Performance decline,Review
STU000363,ECON,Economics,Graduate School of Business,2,Active,86.66666666666667,10,221,5840.0,-5.613079019073557,66.66666666666666,67.70555555555556,2.4499999999999957,10,0.0,14,8,0,32.0,Moderate,Attendance; Assignment submission; Assessment performance,Review
STU000364,ECON,Economics,Graduate School of Business,2,Active,82.5,10,148,3708.0,-15.694330320460152,67.5,75.875,6.099999999999994,10,5.0,14,0,0,29.0,Low,Attendance; LMS engagement; Assignment submission,Routine monitoring
STU000365,CE,Civil Engineering,School of Mining and Geosciences,3,Active,74.0,10,163,4179.0,-9.582689335394123,68.0,62.98,-1.3999999999999986,18,0.0,14,17,3,52.0,Moderate,Attendance; Assignment submission; Assessment performance; Performance decline,Review
STU000366,BIO,Biological Sciences,School of Sciences and Humanities,4,Active,72.5,10,129,3393.0,15.648445873526265,65.0,76.00833333333334,7.1000000000000085,18,0.0,14,0,0,32.0,Moderate,Attendance; Assignment submission,Review
STU000367,CS,Computer Science,School of Engineering and Digital Sciences,1,Active,88.0,10,137,3867.0,-5.871886120996441,60.0,67.37333333333333,10.75,10,0.0,14,8,0,32.0,Moderate,Attendance; Assignment submission; Assessment performance,Review
STU000368,AI,Artificial Intelligence,School of Engineering and Digital Sciences,3,Active,91.66666666666666,10,284,7761.0,-5.988023952095818,95.0,80.77777777777777,-8.699999999999989,0,0.0,0,0,6,6.0,Low,Performance decline,Routine monitoring
STU000369,PHYS,Physics,School of Sciences and Humanities,3,Active,80.0,10,206,5130.0,-1.364522417153996,61.66666666666667,64.76111111111112,-11.099999999999994,10,0.0,14,17,10,51.0,Moderate,Attendance; Assignment submission; Assessment performance; Performance decline,Review
STU000370,SOCI,Sociology,School of Sciences and Humanities,3,Active,88.33333333333333,10,250,6670.0,4.628687690742613,73.33333333333333,76.4,-1.3500000000000085,10,0.0,14,0,3,27.0,Low,Attendance; Assignment submission; Performance decline,Routine monitoring
STU000371,AI,Artificial Intelligence,School of Engineering and Digital Sciences,2,Active,98.33333333333333,10,275,7464.0,-5.19137703475582,91.66666666666666,68.97222222222223,-6.5,0,0.0,0,8,6,14.0,Low,Assessment performance; Performance decline,Routine monitoring
STU000372,ME,Mechanical Engineering,School of Engineering and Digital Sciences,1,Active,84.0,10,160,4546.0,-18.67911941294197,72.0,72.83999999999999,-2.3999999999999915,10,5.0,14,8,3,40.0,Moderate,Attendance; LMS engagement; Assignment submission; Assessment performance; Performance decline,Review
STU000373,SOCI,Sociology,School of Sciences and Humanities,3,Active,80.0,10,187,4925.0,4.347826086956526,74.0,66.44666666666667,-0.8500000000000085,10,0.0,14,8,3,35.0,Moderate,Attendance; Assignment submission; Assessment performance; Performance decline,Review
STU000374,ECON,Economics,Graduate School of Business,4,Active,74.0,10,147,3638.0,-6.311992786293969,57.99999999999999,59.20666666666667,-6.049999999999997,18,0.0,20,17,6,61.0,High,Attendance; Assignment submission; Assessment performance; Performance decline,Priority outreach
STU000375,SOCI,Sociology,School of Sciences and Humanities,1,Active,82.0,10,158,3738.0,2.260869565217396,66.0,66.81333333333333,-1.9500000000000028,10,0.0,14,8,3,35.0,Moderate,Attendance; Assignment submission; Assessment performance; Performance decline,Review
STU000376,EE,Electrical Engineering,School of Engineering and Digital Sciences,3,Active,85.0,10,201,5200.0,-2.6315789473684075,63.33333333333333,65.35,6.25,10,0.0,14,8,0,32.0,Moderate,Attendance; Assignment submission; Assessment performance,Review
STU000377,CS,Computer Science,School of Engineering and Digital Sciences,1,Active,87.5,10,120,3610.0,-7.469244288224952,65.0,69.86666666666666,3.6500000000000057,10,0.0,14,8,0,32.0,Moderate,Attendance; Assignment submission; Assessment performance,Review
STU000378,AI,Artificial Intelligence,School of Engineering and Digital Sciences,1,Active,82.0,10,176,4913.0,12.184571016582549,78.0,65.79333333333334,-9.699999999999989,10,0.0,7,8,6,31.0,Moderate,Attendance; Assignment submission; Assessment performance; Performance decline,Review
STU000379,FIN,Finance,Graduate School of Business,2,Active,62.0,10,151,4114.0,1.275917065390745,68.0,65.56,-19.5,25,0.0,14,8,10,57.0,Moderate,Attendance; Assignment submission; Assessment performance; Performance decline,Review
STU000380,EE,Electrical Engineering,School of Engineering and Digital Sciences,1,Active,75.0,10,112,3428.0,-21.043000914913073,67.5,62.0,-24.950000000000003,18,5.0,14,17,10,64.0,High,Attendance; LMS engagement; Assignment submission; Assessment performance; Performance decline,Priority outreach
STU000381,EE,Electrical Engineering,School of Engineering and Digital Sciences,3,Active,71.66666666666667,10,204,4868.0,-2.382528127068167,71.66666666666667,72.65555555555555,-11.399999999999991,18,0.0,14,8,10,50.0,Moderate,Attendance; Assignment submission; Assessment performance; Performance decline,Review
STU000382,PSIR,Political Science and International Relations,School of Sciences and Humanities,2,Active,90.0,10,224,5576.0,-5.392731535756148,80.0,63.233333333333334,-10.349999999999994,0,0.0,7,17,10,34.0,Moderate,Assignment submission; Assessment performance; Performance decline,Review
STU000383,CS,Computer Science,School of Engineering and Digital Sciences,1,Active,68.0,10,78,2344.0,1.002865329512898,54.0,66.48666666666666,-6.049999999999997,25,0.0,20,8,6,59.0,Moderate,Attendance; Assignment submission; Assessment performance; Performance decline,Review
STU000384,ME,Mechanical Engineering,School of Engineering and Digital Sciences,4,Active,66.66666666666667,10,168,4896.0,-4.811715481171548,56.666666666666664,63.75555555555556,0.8000000000000043,25,0.0,20,17,0,62.0,High,Attendance; Assignment submission; Assessment performance,Priority outreach
STU000385,ECON,Economics,Graduate School of Business,2,Active,85.0,10,159,5342.0,-9.778044391121773,76.66666666666667,61.85555555555556,-14.449999999999996,10,0.0,7,17,10,44.0,Moderate,Attendance; Assignment submission; Assessment performance; Performance decline,Review
STU000386,ECON,Economics,Graduate School of Business,3,Active,72.5,10,144,3685.0,-4.162976085030991,82.5,67.14999999999999,2.3999999999999915,18,0.0,7,8,0,33.0,Moderate,Attendance; Assignment submission; Assessment performance,Review
STU000387,SOCI,Sociology,School of Sciences and Humanities,3,Active,70.0,10,98,2721.0,-30.24390243902439,57.49999999999999,60.03333333333333,4.050000000000004,18,9.0,20,17,0,64.0,High,Attendance; LMS engagement; Assignment submission; Assessment performance,Priority outreach
STU000388,CHEM,Chemistry,School of Sciences and Humanities,4,Active,80.0,10,148,3845.0,-10.078192875760212,67.5,70.45833333333333,-0.75,10,0.0,14,8,3,35.0,Moderate,Attendance; Assignment submission; Assessment performance; Performance decline,Review
STU000389,CHEM,Chemistry,School of Sciences and Humanities,3,Active,77.5,10,128,3499.0,8.915906788247208,75.0,62.84166666666667,6.249999999999993,18,0.0,7,17,0,42.0,Moderate,Attendance; Assignment submission; Assessment performance,Review
STU000390,CE,Civil Engineering,School of Mining and Geosciences,2,Active,72.0,10,139,3486.0,-11.651376146788985,62.0,64.60666666666667,-7.849999999999994,18,0.0,14,17,6,55.0,Moderate,Attendance; Assignment submission; Assessment performance; Performance decline,Review
STU000391,PSIR,Political Science and International Relations,School of Sciences and Humanities,1,Active,85.0,10,276,7336.0,15.21197007481296,81.66666666666667,84.93333333333334,12.149999999999991,10,0.0,7,0,0,17.0,Low,Attendance; Assignment submission,Routine monitoring
STU000392,AI,Artificial Intelligence,School of Engineering and Digital Sciences,1,Active,100.0,10,246,7983.0,0.6175380815150268,91.66666666666666,73.87222222222222,15.649999999999999,0,0.0,0,8,0,8.0,Low,Assessment performance,Routine monitoring
STU000393,SOCI,Sociology,School of Sciences and Humanities,1,Active,85.0,10,143,4525.0,-1.545253863134658,87.5,77.20833333333333,1.2999999999999972,10,0.0,7,0,0,17.0,Low,Attendance; Assignment submission,Routine monitoring
STU000394,CS,Computer Science,School of Engineering and Digital Sciences,2,Active,86.66666666666667,10,233,6394.0,0.5652620760534547,78.33333333333333,67.46111111111111,-16.199999999999996,10,0.0,7,8,10,35.0,Moderate,Attendance; Assignment submission; Assessment performance; Performance decline,Review
STU000395,CS,Computer Science,School of Engineering and Digital Sciences,2,Active,83.33333333333334,10,215,5925.0,14.929214929214938,66.66666666666666,65.40555555555555,25.70000000000001,10,0.0,14,8,0,32.0,Moderate,Attendance; Assignment submission; Assessment performance,Review
STU000396,FIN,Finance,Graduate School of Business,2,Active,92.0,10,201,5242.0,0.2526847757422687,86.0,63.14,-25.400000000000006,0,0.0,7,17,10,34.0,Moderate,Assignment submission; Assessment performance; Performance decline,Review
STU000397,AI,Artificial Intelligence,School of Engineering and Digital Sciences,3,Active,70.0,10,132,4308.0,-9.636767976278733,68.33333333333333,62.60555555555556,-15.500000000000007,18,0.0,14,17,10,59.0,Moderate,Attendance; Assignment submission; Assessment performance; Performance decline,Review
STU000398,FIN,Finance,Graduate School of Business,1,Active,88.0,10,201,5514.0,-24.859335038363163,88.0,80.8,-7.0,10,5.0,7,0,6,28.0,Low,Attendance; LMS engagement; Assignment submission; Performance decline,Routine monitoring
STU000399,CE,Civil Engineering,School of Mining and Geosciences,3,Active,92.5,10,169,4592.0,-4.58970792767733,85.0,71.09166666666667,0.8999999999999915,0,0.0,7,8,0,15.0,Low,Assignment submission; Assessment performance,Routine monitoring
STU000400,ME,Mechanical Engineering,School of Engineering and Digital Sciences,2,Active,75.0,10,210,5391.0,-15.611111111111114,73.33333333333333,65.06666666666666,-12.099999999999994,18,5.0,14,8,10,55.0,Moderate,Attendance; LMS engagement; Assignment submission; Assessment performance; Performance decline,Review
STU000401,CHEM,Chemistry,School of Sciences and Humanities,4,Active,78.0,10,144,4223.0,7.66847405112316,72.0,67.57333333333334,-9.299999999999997,18,0.0,14,8,6,46.0,Moderate,Attendance; Assignment submission; Assessment performance; Performance decline,Review
STU000402,ECON,Economics,Graduate School of Business,4,Active,100.0,10,254,6787.0,-2.497551420176298,81.66666666666667,75.71666666666667,9.5,0,0.0,7,0,0,7.0,Low,Assignment submission,Routine monitoring
STU000403,SOCI,Sociology,School of Sciences and Humanities,1,Active,66.66666666666667,10,128,3724.0,-3.6286919831223585,50.0,60.888888888888886,-16.10000000000001,25,0.0,20,17,10,72.0,High,Attendance; Assignment submission; Assessment performance; Performance decline,Priority outreach
STU000404,SOCI,Sociology,School of Sciences and Humanities,1,Active,91.66666666666666,10,259,7531.0,-2.629272567922875,83.33333333333334,80.13888888888889,11.599999999999994,0,0.0,7,0,0,7.0,Low,Assignment submission,Routine monitoring
STU000405,PSIR,Political Science and International Relations,School of Sciences and Humanities,4,Active,87.5,10,122,3357.0,4.8780487804877914,72.5,69.575,-3.499999999999986,10,0.0,14,8,3,35.0,Moderate,Attendance; Assignment submission; Assessment performance; Performance decline,Review
STU000406,SOCI,Sociology,School of Sciences and Humanities,1,Active,76.66666666666666,10,218,5700.0,-3.229594832648255,80.0,62.33888888888888,-8.949999999999996,18,0.0,7,17,6,48.0,Moderate,Attendance; Assignment submission; Assessment performance; Performance decline,Review
STU000407,BIO,Biological Sciences,School of Sciences and Humanities,3,Active,70.0,10,114,3476.0,13.191489361702141,62.0,66.9,3.000000000000007,18,0.0,14,8,0,40.0,Moderate,Attendance; Assignment submission; Assessment performance,Review
STU000408,CS,Computer Science,School of Engineering and Digital Sciences,3,Active,80.0,10,128,2399.0,20.899854862119028,57.49999999999999,69.14166666666667,-8.950000000000003,10,0.0,20,8,6,44.0,Moderate,Attendance; Assignment submission; Assessment performance; Performance decline,Review
STU000409,ECON,Economics,Graduate School of Business,1,Active,90.0,10,162,5172.0,-0.8447043534762796,90.0,72.39999999999999,5.300000000000011,0,0.0,0,8,0,8.0,Low,Assessment performance,Routine monitoring
STU000410,AI,Artificial Intelligence,School of Engineering and Digital Sciences,4,Active,77.5,10,127,3436.0,-11.214087117701585,65.0,52.60833333333333,-13.700000000000003,18,0.0,14,25,10,67.0,High,Attendance; Assignment submission; Assessment performance; Performance decline,Priority outreach
STU000411,PSIR,Political Science and International Relations,School of Sciences and Humanities,2,Active,82.0,10,159,5201.0,-8.213820078226858,74.0,72.33999999999999,-7.5,10,0.0,14,8,6,38.0,Moderate,Attendance; Assignment submission; Assessment performance; Performance decline,Review
STU000412,EE,Electrical Engineering,School of Engineering and Digital Sciences,2,Active,80.0,10,134,3342.0,3.0,75.0,70.18333333333332,5.3999999999999915,10,0.0,7,8,0,25.0,Low,Attendance; Assignment submission; Assessment performance,Routine monitoring
STU000413,CHEM,Chemistry,School of Sciences and Humanities,4,Active,72.0,10,135,3360.0,-18.79259980525803,56.00000000000001,64.14,-15.75,18,5.0,20,17,10,70.0,High,Attendance; LMS engagement; Assignment submission; Assessment performance; Performance decline,Priority outreach
STU000414,CS,Computer Science,School of Engineering and Digital Sciences,4,Active,76.66666666666666,10,206,5286.0,-0.7687379884689302,66.66666666666666,77.67222222222222,-7.549999999999997,18,0.0,14,0,6,38.0,Moderate,Attendance; Assignment submission; Performance decline,Review
STU000415,AI,Artificial Intelligence,School of Engineering and Digital Sciences,3,Active,66.66666666666667,10,153,4487.0,17.611683848797245,51.66666666666667,67.27777777777777,-3.4499999999999886,25,0.0,20,8,3,56.0,Moderate,Attendance; Assignment submission; Assessment performance; Performance decline,Review
STU000416,PHYS,Physics,School of Sciences and Humanities,1,Active,92.0,10,223,6590.0,10.523613963039002,92.0,77.14,-1.8499999999999943,0,0.0,0,0,3,3.0,Low,Performance decline,Routine monitoring
STU000417,FIN,Finance,Graduate School of Business,2,Active,72.5,10,106,3021.0,-12.00396825396825,72.5,78.64999999999999,11.350000000000023,18,0.0,14,0,0,32.0,Moderate,Attendance; Assignment submission,Review
STU000418,CHEM,Chemistry,School of Sciences and Humanities,3,Active,94.0,10,243,6361.0,-6.2434417628541565,86.0,82.15333333333334,6.899999999999977,0,0.0,7,0,0,7.0,Low,Assignment submission,Routine monitoring
STU000419,CE,Civil Engineering,School of Mining and Geosciences,1,Active,82.5,10,124,3635.0,-0.37914691943129036,60.0,70.38333333333334,-7.999999999999993,10,0.0,14,8,6,38.0,Moderate,Attendance; Assignment submission; Assessment performance; Performance decline,Review
STU000420,CHEM,Chemistry,School of Sciences and Humanities,4,Active,95.0,10,197,5496.0,-0.653983353151004,97.5,81.29166666666667,-16.700000000000003,0,0.0,0,0,10,10.0,Low,Performance decline,Routine monitoring
STU000421,ECON,Economics,Graduate School of Business,4,Active,76.0,10,153,4033.0,14.17840375586854,66.0,59.93333333333333,-14.900000000000006,18,0.0,14,17,10,59.0,Moderate,Attendance; Assignment submission; Assessment performance; Performance decline,Review
STU000422,CS,Computer Science,School of Engineering and Digital Sciences,1,Active,72.0,10,173,3921.0,-3.794266441821248,64.0,63.233333333333334,-13.25,18,0.0,14,17,10,59.0,Moderate,Attendance; Assignment submission; Assessment performance; Performance decline,Review
STU000423,EE,Electrical Engineering,School of Engineering and Digital Sciences,4,Active,83.33333333333334,10,209,6194.0,-11.2239715591671,81.66666666666667,72.63888888888889,-7.799999999999983,10,0.0,7,8,6,31.0,Moderate,Attendance; Assignment submission; Assessment performance; Performance decline,Review
STU000424,CE,Civil Engineering,School of Mining and Geosciences,2,Active,86.0,10,179,5400.0,8.799497171590186,76.0,80.94,-5.150000000000006,10,0.0,7,0,6,23.0,Low,Attendance; Assignment submission; Performance decline,Routine monitoring
STU000425,ECON,Economics,Graduate School of Business,4,Active,80.0,10,150,4287.0,-8.464419475655435,62.0,60.419999999999995,-21.650000000000006,10,0.0,14,17,10,51.0,Moderate,Attendance; Assignment submission; Assessment performance; Performance decline,Review
STU000426,CHEM,Chemistry,School of Sciences and Humanities,4,Active,80.0,10,105,2615.0,-10.197368421052632,72.5,54.550000000000004,-11.75,10,0.0,14,25,10,59.0,Moderate,Attendance; Assignment submission; Assessment performance; Performance decline,Review
STU000427,FIN,Finance,Graduate School of Business,1,Active,95.0,10,155,4993.0,3.232462173314985,75.0,76.74166666666666,2.500000000000014,0,0.0,7,0,0,7.0,Low,Assignment submission,Routine monitoring
STU000428,SOCI,Sociology,School of Sciences and Humanities,3,Active,80.0,10,180,5531.0,-2.5433526011560628,82.0,69.09333333333333,-17.10000000000001,10,0.0,7,8,10,35.0,Moderate,Attendance; Assignment submission; Assessment performance; Performance decline,Review
STU000429,CHEM,Chemistry,School of Sciences and Humanities,4,Active,80.0,10,177,3878.0,7.323452484742808,57.99999999999999,77.48,5.699999999999989,10,0.0,20,0,0,30.0,Moderate,Attendance; Assignment submission,Review
STU000430,AI,Artificial Intelligence,School of Engineering and Digital Sciences,2,Active,80.0,10,229,6621.0,1.2422360248447204,83.33333333333334,71.01111111111112,-5.6000000000000085,10,0.0,7,8,6,31.0,Moderate,Attendance; Assignment submission; Assessment performance; Performance decline,Review
STU000431,CS,Computer Science,School of Engineering and Digital Sciences,2,Active,95.0,10,188,5413.0,-1.436265709156194,90.0,77.98333333333333,-3.549999999999997,0,0.0,0,0,3,3.0,Low,Performance decline,Routine monitoring
STU000432,CE,Civil Engineering,School of Mining and Geosciences,1,Active,72.0,10,96,2610.0,-0.75,40.0,61.15333333333333,-9.199999999999989,18,0.0,20,17,6,61.0,High,Attendance; Assignment submission; Assessment performance; Performance decline,Priority outreach
STU000433,SOCI,Sociology,School of Sciences and Humanities,1,Active,96.0,10,246,6401.0,11.604278074866297,86.0,66.73333333333333,6.400000000000006,0,0.0,7,8,0,15.0,Low,Assignment submission; Assessment performance,Routine monitoring
STU000434,AI,Artificial Intelligence,School of Engineering and Digital Sciences,2,Active,80.0,10,143,3837.0,17.251755265797406,75.0,70.76666666666667,-4.450000000000003,10,0.0,7,8,3,28.0,Low,Attendance; Assignment submission; Assessment performance; Performance decline,Routine monitoring
STU000435,ME,Mechanical Engineering,School of Engineering and Digital Sciences,2,Active,87.5,10,140,4044.0,-7.343750000000009,70.0,74.69166666666666,-4.0,10,0.0,14,8,3,35.0,Moderate,Attendance; Assignment submission; Assessment performance; Performance decline,Review
STU000436,BIO,Biological Sciences,School of Sciences and Humanities,1,Active,87.5,10,172,4285.0,6.2137531068765535,67.5,77.36666666666666,-3.6499999999999915,10,0.0,14,0,3,27.0,Low,Attendance; Assignment submission; Performance decline,Routine monitoring
STU000437,AI,Artificial Intelligence,School of Engineering and Digital Sciences,3,Active,92.5,10,172,5136.0,12.2615803814714,85.0,76.175,-3.999999999999986,0,0.0,7,0,3,10.0,Low,Assignment submission; Performance decline,Routine monitoring
STU000438,FIN,Finance,Graduate School of Business,3,Active,70.0,10,117,3218.0,20.02275312855518,50.0,48.900000000000006,-1.8500000000000014,18,0.0,20,25,3,66.0,High,Attendance; Assignment submission; Assessment performance; Performance decline,Priority outreach
STU000439,EE,Electrical Engineering,School of Engineering and Digital Sciences,1,Active,95.0,10,171,4690.0,-7.452574525745262,75.0,76.24166666666666,-5.0,0,0.0,7,0,3,10.0,Low,Assignment submission; Performance decline,Routine monitoring
STU000440,PHYS,Physics,School of Sciences and Humanities,4,Active,90.0,10,283,7785.0,-2.326583369237398,91.66666666666666,76.76111111111112,9.050000000000011,0,0.0,0,0,0,0.0,Low,No material signal,Routine monitoring
STU000441,ME,Mechanical Engineering,School of Engineering and Digital Sciences,2,Active,77.5,10,126,3591.0,0.546448087431694,65.0,63.525,-6.650000000000006,18,0.0,14,17,6,55.0,Moderate,Attendance; Assignment submission; Assessment performance; Performance decline,Review
STU000442,CS,Computer Science,School of Engineering and Digital Sciences,3,Active,85.0,10,155,4180.0,8.010118043844862,75.0,66.73333333333333,6.749999999999993,10,0.0,7,8,0,25.0,Low,Attendance; Assignment submission; Assessment performance,Routine monitoring
STU000443,SOCI,Sociology,School of Sciences and Humanities,2,Active,83.33333333333334,10,196,5563.0,-8.397365532381999,60.0,59.52777777777778,-16.35,10,0.0,14,17,10,51.0,Moderate,Attendance; Assignment submission; Assessment performance; Performance decline,Review
STU000444,CS,Computer Science,School of Engineering and Digital Sciences,3,Active,76.66666666666666,10,226,5766.0,11.273613650213278,71.66666666666667,79.59444444444445,-0.09999999999999432,18,0.0,14,0,3,35.0,Moderate,Attendance; Assignment submission; Performance decline,Review
STU000445,SOCI,Sociology,School of Sciences and Humanities,3,Active,92.5,10,167,4924.0,-10.102301790281333,77.5,79.65833333333333,-9.5,0,0.0,7,0,6,13.0,Low,Assignment submission; Performance decline,Routine monitoring
STU000446,BIO,Biological Sciences,School of Sciences and Humanities,3,Active,92.0,10,200,6043.0,-1.622831561275875,90.0,84.74666666666667,16.39999999999999,0,0.0,0,0,0,0.0,Low,No material signal,Routine monitoring
STU000447,BIO,Biological Sciences,School of Sciences and Humanities,3,Active,75.0,10,112,2387.0,5.1966292134831376,45.0,56.4,-18.499999999999993,18,0.0,20,17,10,65.0,High,Attendance; Assignment submission; Assessment performance; Performance decline,Priority outreach
STU000448,PSIR,Political Science and International Relations,School of Sciences and Humanities,2,Active,90.0,10,144,4901.0,-1.1486486486486411,87.5,69.29166666666667,4.0,0,0.0,7,8,0,15.0,Low,Assignment submission; Assessment performance,Routine monitoring
STU000449,BIO,Biological Sciences,School of Sciences and Humanities,2,Active,86.0,10,163,4330.0,-6.478658536585362,74.0,63.06666666666667,5.200000000000017,10,0.0,14,17,0,41.0,Moderate,Attendance; Assignment submission; Assessment performance,Review
STU000450,ME,Mechanical Engineering,School of Engineering and Digital Sciences,1,Active,88.0,10,169,4701.0,8.037653874004345,74.0,74.85333333333332,-3.4000000000000057,10,0.0,14,8,3,35.0,Moderate,Attendance; Assignment submission; Assessment performance; Performance decline,Review
STU000451,CE,Civil Engineering,School of Mining and Geosciences,1,Active,90.0,10,126,4307.0,12.427506213753107,82.5,66.775,-7.75,0,0.0,7,8,6,21.0,Low,Assignment submission; Assessment performance; Performance decline,Routine monitoring
STU000452,PSIR,Political Science and International Relations,School of Sciences and Humanities,4,Active,77.5,10,97,3019.0,-24.654832347140044,60.0,58.78333333333333,-5.599999999999994,18,5.0,14,17,6,60.0,High,Attendance; LMS engagement; Assignment submission; Assessment performance; Performance decline,Priority outreach
STU000453,ECON,Economics,Graduate School of Business,2,Active,90.0,10,148,4164.0,2.6204564666103223,75.0,74.02499999999999,1.4499999999999886,0,0.0,7,8,0,15.0,Low,Assignment submission; Assessment performance,Routine monitoring
STU000454,BIO,Biological Sciences,School of Sciences and Humanities,1,Active,87.5,10,188,4486.0,-2.877138413685856,75.0,64.51666666666667,-3.6499999999999915,10,0.0,7,17,3,37.0,Moderate,Attendance; Assignment submission; Assessment performance; Performance decline,Review
STU000455,CHEM,Chemistry,School of Sciences and Humanities,4,Active,94.0,10,231,6325.0,19.895893580104097,90.0,64.05333333333333,4.599999999999994,0,0.0,0,17,0,17.0,Low,Assessment performance,Routine monitoring
STU000456,FIN,Finance,Graduate School of Business,1,Active,91.66666666666666,10,240,7324.0,-4.633378317588849,91.66666666666666,76.15555555555555,-8.299999999999997,0,0.0,0,0,6,6.0,Low,Performance decline,Routine monitoring
STU000457,FIN,Finance,Graduate School of Business,3,Active,95.0,10,189,4815.0,0.13633265167007885,92.5,77.925,-4.5,0,0.0,0,0,3,3.0,Low,Performance decline,Routine monitoring
STU000458,CE,Civil Engineering,School of Mining and Geosciences,4,Active,86.66666666666667,10,213,6033.0,-7.170650361311841,66.66666666666666,65.28888888888889,-3.5,10,0.0,14,8,3,35.0,Moderate,Attendance; Assignment submission; Assessment performance; Performance decline,Review
STU000459,ECON,Economics,Graduate School of Business,3,Active,73.33333333333334,10,174,4985.0,-1.529902642559106,75.0,64.52222222222223,4.250000000000007,18,0.0,7,17,0,42.0,Moderate,Attendance; Assignment submission; Assessment performance,Review
STU000460,EE,Electrical Engineering,School of Engineering and Digital Sciences,1,Active,82.5,10,129,3759.0,-13.682432432432432,77.5,67.8,-5.25,10,0.0,7,8,6,31.0,Moderate,Attendance; Assignment submission; Assessment performance; Performance decline,Review
STU000461,FIN,Finance,Graduate School of Business,2,Active,90.0,10,159,4818.0,8.677396780965708,84.61538461538461,75.325,7.599999999999994,0,0.0,7,0,0,7.0,Low,Assignment submission,Routine monitoring
STU000462,PHYS,Physics,School of Sciences and Humanities,2,Active,92.0,10,211,6249.0,-3.4090909090909087,90.0,76.30666666666666,-5.550000000000011,0,0.0,0,0,6,6.0,Low,Performance decline,Routine monitoring
STU000463,CHEM,Chemistry,School of Sciences and Humanities,2,Active,90.0,10,190,5040.0,-1.431238332296197,80.0,74.85000000000001,-5.349999999999994,0,0.0,7,8,6,21.0,Low,Assignment submission; Assessment performance; Performance decline,Routine monitoring
STU000464,FIN,Finance,Graduate School of Business,1,Active,83.33333333333334,10,213,6372.0,14.111787493082456,78.33333333333333,70.90555555555555,2.8500000000000227,10,0.0,7,8,0,25.0,Low,Attendance; Assignment submission; Assessment performance,Routine monitoring
STU000465,PHYS,Physics,School of Sciences and Humanities,2,Active,72.0,10,102,2814.0,2.1766965428937333,48.0,62.94666666666667,9.699999999999996,18,0.0,20,17,0,55.0,Moderate,Attendance; Assignment submission; Assessment performance,Review
STU000466,SOCI,Sociology,School of Sciences and Humanities,1,Active,80.0,10,158,4442.0,-19.81534090909091,57.99999999999999,63.85333333333333,7.200000000000003,10,5.0,20,17,0,52.0,Moderate,Attendance; LMS engagement; Assignment submission; Assessment performance,Review
STU000467,PHYS,Physics,School of Sciences and Humanities,1,Active,100.0,10,167,5078.0,-7.836990595611279,85.0,67.08333333333333,-7.999999999999986,0,0.0,7,8,6,21.0,Low,Assignment submission; Assessment performance; Performance decline,Routine monitoring
STU000468,ECON,Economics,Graduate School of Business,1,Active,100.0,10,153,5566.0,-2.87896592244419,90.0,72.69166666666666,10.299999999999997,0,0.0,0,8,0,8.0,Low,Assessment performance,Routine monitoring
STU000469,BIO,Biological Sciences,School of Sciences and Humanities,1,Active,82.5,10,140,3681.0,13.915547024952026,77.5,70.77499999999999,-21.599999999999994,10,0.0,7,8,10,35.0,Moderate,Attendance; Assignment submission; Assessment performance; Performance decline,Review
STU000470,PHYS,Physics,School of Sciences and Humanities,4,Active,80.0,10,174,4312.0,5.283911671924286,74.0,68.57333333333332,-0.44999999999998863,10,0.0,14,8,3,35.0,Moderate,Attendance; Assignment submission; Assessment performance; Performance decline,Review
STU000471,CS,Computer Science,School of Engineering and Digital Sciences,3,Active,84.0,10,145,3697.0,-15.69965870307168,62.0,57.21333333333334,2.1000000000000014,10,5.0,14,17,0,46.0,Moderate,Attendance; LMS engagement; Assignment submission; Assessment performance,Review
STU000472,CE,Civil Engineering,School of Mining and Geosciences,4,Active,93.33333333333333,10,252,7070.0,-2.3004694835680803,90.0,80.25555555555555,-3.1999999999999886,0,0.0,0,0,3,3.0,Low,Performance decline,Routine monitoring
STU000473,CS,Computer Science,School of Engineering and Digital Sciences,1,Active,74.0,10,139,3798.0,-20.162601626016265,66.0,56.373333333333335,-3.6000000000000014,18,5.0,14,17,3,57.0,Moderate,Attendance; LMS engagement; Assignment submission; Assessment performance; Performance decline,Review
STU000474,SOCI,Sociology,School of Sciences and Humanities,3,Active,80.0,10,168,3952.0,-3.3225283630469926,70.0,61.71666666666667,3.799999999999997,10,0.0,14,17,0,41.0,Moderate,Attendance; Assignment submission; Assessment performance,Review
STU000475,AI,Artificial Intelligence,School of Engineering and Digital Sciences,2,Active,74.0,10,118,3760.0,-1.8884120171673773,72.0,64.72,-22.450000000000003,18,0.0,14,17,10,59.0,Moderate,Attendance; Assignment submission; Assessment performance; Performance decline,Review
STU000476,SOCI,Sociology,School of Sciences and Humanities,3,Active,82.5,10,117,2902.0,9.204545454545455,50.0,67.625,-8.299999999999997,10,0.0,20,8,6,44.0,Moderate,Attendance; Assignment submission; Assessment performance; Performance decline,Review
STU000477,ME,Mechanical Engineering,School of Engineering and Digital Sciences,2,Active,75.0,10,108,2741.0,-16.98717948717949,52.5,56.35,-0.5499999999999972,18,5.0,20,17,3,63.0,High,Attendance; LMS engagement; Assignment submission; Assessment performance; Performance decline,Priority outreach
STU000478,CHEM,Chemistry,School of Sciences and Humanities,4,Active,86.66666666666667,10,243,6545.0,-5.991440798858773,85.0,70.38333333333334,3.0999999999999943,10,0.0,7,8,0,25.0,Low,Attendance; Assignment submission; Assessment performance,Routine monitoring
STU000479,CS,Computer Science,School of Engineering and Digital Sciences,3,Active,71.66666666666667,10,122,2742.0,-2.2891566265060375,53.333333333333336,49.91111111111111,3.3000000000000043,18,0.0,20,25,0,63.0,High,Attendance; Assignment submission; Assessment performance,Priority outreach
STU000480,CE,Civil Engineering,School of Mining and Geosciences,2,Active,65.0,10,187,4783.0,-20.0,61.66666666666667,71.88333333333334,-6.25,25,5.0,14,8,6,58.0,Moderate,Attendance; LMS engagement; Assignment submission; Assessment performance; Performance decline,Review
STU000481,BIO,Biological Sciences,School of Sciences and Humanities,1,Active,75.0,10,109,3469.0,-0.8678881388621021,55.00000000000001,66.48333333333333,-1.4000000000000057,18,0.0,20,8,3,49.0,Moderate,Attendance; Assignment submission; Assessment performance; Performance decline,Review
STU000482,BIO,Biological Sciences,School of Sciences and Humanities,3,Active,88.0,10,197,5906.0,1.1576626240352812,78.0,73.19333333333334,-3.8999999999999915,10,0.0,7,8,3,28.0,Low,Attendance; Assignment submission; Assessment performance; Performance decline,Routine monitoring
STU000483,CE,Civil Engineering,School of Mining and Geosciences,1,Active,78.0,10,167,5092.0,-4.507628294036064,68.0,61.92,-3.549999999999997,18,0.0,14,17,3,52.0,Moderate,Attendance; Assignment submission; Assessment performance; Performance decline,Review
STU000484,CHEM,Chemistry,School of Sciences and Humanities,3,Active,80.0,10,132,4344.0,-6.070038910505836,82.5,65.575,9.999999999999993,10,0.0,7,8,0,25.0,Low,Attendance; Assignment submission; Assessment performance,Routine monitoring
STU000485,EE,Electrical Engineering,School of Engineering and Digital Sciences,2,Active,76.66666666666666,10,212,6437.0,-17.351816443594643,71.66666666666667,74.23333333333333,-7.599999999999994,18,5.0,14,8,6,51.0,Moderate,Attendance; LMS engagement; Assignment submission; Assessment performance; Performance decline,Review
STU000486,CS,Computer Science,School of Engineering and Digital Sciences,4,Active,70.0,10,103,2877.0,-16.95095948827292,48.333333333333336,57.53888888888889,-17.849999999999994,18,5.0,20,17,10,70.0,High,Attendance; LMS engagement; Assignment submission; Assessment performance; Performance decline,Priority outreach
STU000487,CS,Computer Science,School of Engineering and Digital Sciences,1,Active,77.5,10,100,2904.0,5.054151624548736,45.0,65.59166666666667,-14.600000000000001,18,0.0,20,8,10,56.0,Moderate,Attendance; Assignment submission; Assessment performance; Performance decline,Review
STU000488,PHYS,Physics,School of Sciences and Humanities,3,Active,82.5,10,158,4118.0,-11.881188118811881,75.0,73.16666666666667,0.5,10,0.0,7,8,0,25.0,Low,Attendance; Assignment submission; Assessment performance,Routine monitoring
STU000489,FIN,Finance,Graduate School of Business,3,Active,71.66666666666667,10,153,3965.0,3.6741214057508085,48.333333333333336,54.97222222222222,-7.499999999999993,18,0.0,20,25,6,69.0,High,Attendance; Assignment submission; Assessment performance; Performance decline,Priority outreach
STU000490,ECON,Economics,Graduate School of Business,2,Active,75.0,10,97,2540.0,-12.615740740740744,52.5,59.53333333333333,33.39999999999999,18,0.0,20,17,0,55.0,Moderate,Attendance; Assignment submission; Assessment performance,Review
STU000491,ME,Mechanical Engineering,School of Engineering and Digital Sciences,4,Active,88.33333333333333,10,201,6889.0,1.9692603266090243,83.33333333333334,79.56666666666666,-1.4500000000000028,10,0.0,7,0,3,20.0,Low,Attendance; Assignment submission; Performance decline,Routine monitoring
STU000492,BIO,Biological Sciences,School of Sciences and Humanities,3,Active,84.0,10,160,4686.0,20.334928229665074,70.0,75.6,-10.150000000000006,10,0.0,14,0,10,34.0,Moderate,Attendance; Assignment submission; Performance decline,Review
STU000493,PHYS,Physics,School of Sciences and Humanities,3,Active,88.0,10,200,5126.0,-11.870503597122301,82.0,72.12666666666668,-1.250000000000007,10,0.0,7,8,3,28.0,Low,Attendance; Assignment submission; Assessment performance; Performance decline,Routine monitoring
STU000494,SOCI,Sociology,School of Sciences and Humanities,4,Active,80.0,10,118,4185.0,-2.3237800154918666,82.5,61.0,9.649999999999991,10,0.0,7,17,0,34.0,Moderate,Attendance; Assignment submission; Assessment performance,Review
STU000495,CE,Civil Engineering,School of Mining and Geosciences,2,Active,90.0,10,217,6386.0,4.878048780487817,90.0,87.16000000000001,-9.099999999999994,0,0.0,0,0,6,6.0,Low,Performance decline,Routine monitoring
STU000496,CE,Civil Engineering,School of Mining and Geosciences,4,Active,80.0,10,156,5000.0,-6.035578144853869,76.0,71.61999999999999,3.799999999999997,10,0.0,7,8,0,25.0,Low,Attendance; Assignment submission; Assessment performance,Routine monitoring
STU000497,EE,Electrical Engineering,School of Engineering and Digital Sciences,1,Active,74.0,10,133,3458.0,3.45821325648415,54.0,63.7,-9.350000000000009,18,0.0,20,17,6,61.0,High,Attendance; Assignment submission; Assessment performance; Performance decline,Priority outreach
STU000498,FIN,Finance,Graduate School of Business,4,Active,86.66666666666667,10,209,5973.0,-5.898123324396777,75.0,77.5,-6.300000000000011,10,0.0,7,0,6,23.0,Low,Attendance; Assignment submission; Performance decline,Routine monitoring
STU000499,EE,Electrical Engineering,School of Engineering and Digital Sciences,2,Active,86.0,10,228,6381.0,4.3980208905992235,88.0,82.82,-5.75,10,0.0,7,0,6,23.0,Low,Attendance; Assignment submission; Performance decline,Routine monitoring
STU000500,PSIR,Political Science and International Relations,School of Sciences and Humanities,1,Active,78.0,10,144,4159.0,-7.513555383423698,64.0,66.55333333333333,7.400000000000006,18,0.0,14,8,0,40.0,Moderate,Attendance; Assignment submission; Assessment performance,Review
STU000501,ME,Mechanical Engineering,School of Engineering and Digital Sciences,2,Active,62.5,10,111,3433.0,-16.054654141759173,55.00000000000001,74.60000000000001,9.25,25,5.0,20,8,0,58.0,Moderate,Attendance; LMS engagement; Assignment submission; Assessment performance,Review
STU000502,ME,Mechanical Engineering,School of Engineering and Digital Sciences,2,Active,90.0,10,133,4646.0,4.315476190476186,75.0,72.3,21.44999999999999,0,0.0,7,8,0,15.0,Low,Assignment submission; Assessment performance,Routine monitoring
STU000503,ME,Mechanical Engineering,School of Engineering and Digital Sciences,2,Active,84.0,10,183,5373.0,2.5386996904024697,64.0,75.66000000000001,-7.249999999999986,10,0.0,14,0,6,30.0,Moderate,Attendance; Assignment submission; Performance decline,Review
STU000504,CE,Civil Engineering,School of Mining and Geosciences,3,Active,96.66666666666667,10,278,7519.0,-15.579559617781468,93.33333333333333,74.5611111111111,6.1499999999999915,0,5.0,0,8,0,13.0,Low,LMS engagement; Assessment performance,Routine monitoring
STU000505,FIN,Finance,Graduate School of Business,3,Active,77.5,10,138,3864.0,-8.259823576583809,72.5,66.74166666666666,-25.10000000000001,18,0.0,14,8,10,50.0,Moderate,Attendance; Assignment submission; Assessment performance; Performance decline,Review
STU000506,CS,Computer Science,School of Engineering and Digital Sciences,2,Active,78.33333333333333,10,195,5660.0,-15.074309978768571,76.66666666666667,69.28888888888889,-17.099999999999994,18,5.0,7,8,10,48.0,Moderate,Attendance; LMS engagement; Assignment submission; Assessment performance; Performance decline,Review
STU000507,PSIR,Political Science and International Relations,School of Sciences and Humanities,4,Active,78.0,10,160,4344.0,-10.245310245310241,46.0,68.27333333333333,23.499999999999993,18,0.0,20,8,0,46.0,Moderate,Attendance; Assignment submission; Assessment performance,Review
STU000508,CHEM,Chemistry,School of Sciences and Humanities,1,Active,80.0,10,128,3252.0,-0.4094165813715572,55.00000000000001,56.291666666666664,-32.5,10,0.0,20,17,10,57.0,Moderate,Attendance; Assignment submission; Assessment performance; Performance decline,Review
STU000509,CS,Computer Science,School of Engineering and Digital Sciences,3,Active,76.66666666666666,10,170,4420.0,-20.258064516129025,58.333333333333336,74.46666666666667,-5.050000000000011,18,5.0,20,8,6,57.0,Moderate,Attendance; LMS engagement; Assignment submission; Assessment performance; Performance decline,Review
STU000510,FIN,Finance,Graduate School of Business,1,Active,98.0,10,258,6896.0,-4.003813155386082,94.0,78.46000000000001,-1.5500000000000114,0,0.0,0,0,3,3.0,Low,Performance decline,Routine monitoring
STU000511,CHEM,Chemistry,School of Sciences and Humanities,4,Active,84.0,10,210,5774.0,-0.11627906976745507,72.0,61.473333333333336,3.499999999999993,10,0.0,14,17,0,41.0,Moderate,Attendance; Assignment submission; Assessment performance,Review
STU000512,SOCI,Sociology,School of Sciences and Humanities,2,Active,86.0,10,172,4900.0,-7.590759075907587,72.0,68.86,9.100000000000009,10,0.0,14,8,0,32.0,Moderate,Attendance; Assignment submission; Assessment performance,Review
STU000513,FIN,Finance,Graduate School of Business,3,Active,76.0,10,168,5137.0,18.398268398268396,82.0,70.89333333333335,-3.3500000000000085,18,0.0,7,8,3,36.0,Moderate,Attendance; Assignment submission; Assessment performance; Performance decline,Review
STU000514,PSIR,Political Science and International Relations,School of Sciences and Humanities,1,Active,88.0,10,183,5621.0,0.11634671320534533,78.0,59.813333333333325,-14.75,10,0.0,7,17,10,44.0,Moderate,Attendance; Assignment submission; Assessment performance; Performance decline,Review
STU000515,ECON,Economics,Graduate School of Business,1,Active,65.99999999999999,10,111,2381.0,0.2652519893899166,50.0,53.333333333333336,-9.25,25,0.0,20,25,6,76.0,High,Attendance; Assignment submission; Assessment performance; Performance decline,Priority outreach
STU000516,CHEM,Chemistry,School of Sciences and Humanities,4,Active,77.5,10,127,3494.0,-3.3962264150943398,62.5,64.47500000000001,3.200000000000003,18,0.0,14,17,0,49.0,Moderate,Attendance; Assignment submission; Assessment performance,Review
STU000517,CS,Computer Science,School of Engineering and Digital Sciences,3,Active,75.0,10,190,5588.0,1.59118727050185,66.66666666666666,69.8111111111111,-4.800000000000011,18,0.0,14,8,3,43.0,Moderate,Attendance; Assignment submission; Assessment performance; Performance decline,Review
STU000518,PSIR,Political Science and International Relations,School of Sciences and Humanities,1,Active,60.0,10,133,3428.0,-16.74249317561419,61.66666666666667,50.17777777777778,-3.75,25,5.0,14,25,3,72.0,High,Attendance; LMS engagement; Assignment submission; Assessment performance; Performance decline,Priority outreach
STU000519,AI,Artificial Intelligence,School of Engineering and Digital Sciences,1,Active,86.0,10,194,5509.0,-2.7305825242718447,86.0,66.26666666666667,12.350000000000009,10,0.0,7,8,0,25.0,Low,Attendance; Assignment submission; Assessment performance,Routine monitoring
STU000520,BIO,Biological Sciences,School of Sciences and Humanities,2,Active,76.66666666666666,10,188,5633.0,0.42424242424243114,68.33333333333333,72.0611111111111,5.3500000000000085,18,0.0,14,8,0,40.0,Moderate,Attendance; Assignment submission; Assessment performance,Review
STU000521,EE,Electrical Engineering,School of Engineering and Digital Sciences,3,Active,76.0,10,142,4233.0,-12.357846853677037,66.0,76.79333333333334,-18.900000000000006,18,0.0,14,0,10,42.0,Moderate,Attendance; Assignment submission; Performance decline,Review
STU000522,PHYS,Physics,School of Sciences and Humanities,3,Active,85.0,10,211,6094.0,-4.308985811875991,75.0,63.92222222222222,4.450000000000003,10,0.0,7,17,0,34.0,Moderate,Attendance; Assignment submission; Assessment performance,Review
STU000523,ME,Mechanical Engineering,School of Engineering and Digital Sciences,2,Active,83.33333333333334,10,176,5202.0,1.0126582278481087,66.66666666666666,60.59444444444445,7.300000000000004,10,0.0,14,17,0,41.0,Moderate,Attendance; Assignment submission; Assessment performance,Review
STU000524,SOCI,Sociology,School of Sciences and Humanities,4,Active,85.0,10,184,4746.0,15.441722345953982,85.0,75.09166666666667,1.4499999999999886,10,0.0,7,0,0,17.0,Low,Attendance; Assignment submission,Routine monitoring
STU000525,ECON,Economics,Graduate School of Business,1,Active,65.99999999999999,10,113,3251.0,0.5010020040080047,56.00000000000001,63.306666666666665,-5.300000000000004,25,0.0,20,17,6,68.0,High,Attendance; Assignment submission; Assessment performance; Performance decline,Priority outreach
STU000526,CS,Computer Science,School of Engineering and Digital Sciences,2,Active,82.5,10,140,4102.0,-2.6295436968290753,77.5,74.3,0.6999999999999886,10,0.0,7,8,0,25.0,Low,Attendance; Assignment submission; Assessment performance,Routine monitoring
STU000527,CS,Computer Science,School of Engineering and Digital Sciences,4,Active,90.0,10,211,5173.0,-11.915438821268427,80.0,63.76,0.5,0,0.0,7,17,0,24.0,Low,Assignment submission; Assessment performance,Routine monitoring
STU000528,BIO,Biological Sciences,School of Sciences and Humanities,3,Active,80.0,10,166,5006.0,2.080344332855085,70.0,70.52666666666667,6.699999999999989,10,0.0,14,8,0,32.0,Moderate,Attendance; Assignment submission; Assessment performance,Review
STU000529,CHEM,Chemistry,School of Sciences and Humanities,3,Active,65.99999999999999,10,144,4404.0,1.1235955056179776,60.0,53.940000000000005,-15.549999999999997,25,0.0,14,25,10,74.0,High,Attendance; Assignment submission; Assessment performance; Performance decline,Priority outreach
STU000530,CS,Computer Science,School of Engineering and Digital Sciences,4,Active,81.66666666666667,10,210,6033.0,7.4116965836711195,78.33333333333333,61.63333333333334,-10.5,10,0.0,7,17,10,44.0,Moderate,Attendance; Assignment submission; Assessment performance; Performance decline,Review
STU000531,AI,Artificial Intelligence,School of Engineering and Digital Sciences,4,Active,88.0,10,206,6157.0,-2.0933977455716586,88.0,78.98666666666666,12.25,10,0.0,7,0,0,17.0,Low,Attendance; Assignment submission,Routine monitoring
STU000532,EE,Electrical Engineering,School of Engineering and Digital Sciences,2,Active,80.0,10,195,5563.0,-13.796849538294401,70.0,68.21111111111111,-11.800000000000004,10,0.0,14,8,10,42.0,Moderate,Attendance; Assignment submission; Assessment performance; Performance decline,Review
STU000533,FIN,Finance,Graduate School of Business,2,Active,92.5,10,197,5547.0,6.527093596059099,87.5,86.06666666666666,-3.75,0,0.0,7,0,3,10.0,Low,Assignment submission; Performance decline,Routine monitoring
STU000534,CS,Computer Science,School of Engineering and Digital Sciences,3,Active,85.0,10,158,4358.0,16.69435215946844,87.5,75.78333333333333,7.199999999999989,10,0.0,7,0,0,17.0,Low,Attendance; Assignment submission,Routine monitoring
STU000535,ECON,Economics,Graduate School of Business,2,Active,80.0,10,146,3769.0,19.162303664921467,65.0,77.78333333333333,-3.1500000000000057,10,0.0,14,0,3,27.0,Low,Attendance; Assignment submission; Performance decline,Routine monitoring
STU000536,FIN,Finance,Graduate School of Business,4,Active,61.66666666666667,10,122,2924.0,-6.0200668896321075,51.66666666666667,66.94999999999999,-10.550000000000004,25,0.0,20,8,10,63.0,High,Attendance; Assignment submission; Assessment performance; Performance decline,Priority outreach
STU000537,CS,Computer Science,School of Engineering and Digital Sciences,4,Active,73.33333333333334,10,154,5038.0,-6.282722513089005,70.0,72.65,-6.700000000000003,18,0.0,14,8,6,46.0,Moderate,Attendance; Assignment submission; Assessment performance; Performance decline,Review
STU000538,AI,Artificial Intelligence,School of Engineering and Digital Sciences,4,Active,76.66666666666666,10,162,4346.0,9.63302752293578,51.66666666666667,63.83888888888888,2.749999999999993,18,0.0,20,17,0,55.0,Moderate,Attendance; Assignment submission; Assessment performance,Review
STU000539,CHEM,Chemistry,School of Sciences and Humanities,3,Active,100.0,10,178,5030.0,18.10668670172802,82.5,83.64166666666667,2.6999999999999886,0,0.0,7,0,0,7.0,Low,Assignment submission,Routine monitoring
STU000540,SOCI,Sociology,School of Sciences and Humanities,2,Active,80.0,10,175,4287.0,-18.857142857142854,60.0,63.24,10.75,10,5.0,14,17,0,46.0,Moderate,Attendance; LMS engagement; Assignment submission; Assessment performance,Review
STU000541,ME,Mechanical Engineering,School of Engineering and Digital Sciences,1,Active,73.33333333333334,10,91,2640.0,-43.85614385614386,43.333333333333336,49.455555555555556,-7.699999999999996,18,9.0,20,25,6,78.0,High,Attendance; LMS engagement; Assignment submission; Assessment performance; Performance decline,Priority outreach
STU000542,AI,Artificial Intelligence,School of Engineering and Digital Sciences,1,Active,57.49999999999999,10,89,1829.0,19.999999999999993,62.5,54.23333333333333,4.300000000000004,25,0.0,14,25,0,64.0,High,Attendance; Assignment submission; Assessment performance,Priority outreach
STU000543,ME,Mechanical Engineering,School of Engineering and Digital Sciences,4,Active,73.33333333333334,10,161,4650.0,-2.06033848417954,60.0,64.42222222222222,-11.450000000000003,18,0.0,14,17,10,59.0,Moderate,Attendance; Assignment submission; Assessment performance; Performance decline,Review
STU000544,PSIR,Political Science and International Relations,School of Sciences and Humanities,1,Active,72.5,10,105,2878.0,-1.3559322033898304,57.49999999999999,60.958333333333336,-15.699999999999996,18,0.0,20,17,10,65.0,High,Attendance; Assignment submission; Assessment performance; Performance decline,Priority outreach
STU000545,BIO,Biological Sciences,School of Sciences and Humanities,2,Active,78.33333333333333,10,164,4973.0,-0.06535947712417929,71.66666666666667,67.00555555555556,0.10000000000000142,18,0.0,14,8,0,40.0,Moderate,Attendance; Assignment submission; Assessment performance,Review
STU000546,EE,Electrical Engineering,School of Engineering and Digital Sciences,2,Active,86.66666666666667,10,182,5690.0,-1.2507106310403702,65.0,74.5,0.7999999999999972,10,0.0,14,8,0,32.0,Moderate,Attendance; Assignment submission; Assessment performance,Review
STU000547,FIN,Finance,Graduate School of Business,4,Active,75.0,10,120,3287.0,-16.30941286113701,65.0,61.51666666666667,15.75,18,5.0,14,17,0,54.0,Moderate,Attendance; LMS engagement; Assignment submission; Assessment performance,Review
STU000548,AI,Artificial Intelligence,School of Engineering and Digital Sciences,4,Active,68.0,10,145,3577.0,-12.62398557258792,64.0,58.12,-5.649999999999999,25,0.0,14,17,6,62.0,High,Attendance; Assignment submission; Assessment performance; Performance decline,Priority outreach
STU000549,PHYS,Physics,School of Sciences and Humanities,3,Active,65.0,10,146,4784.0,-7.834757834757839,63.33333333333333,70.85555555555555,-12.049999999999997,25,0.0,14,8,10,57.0,Moderate,Attendance; Assignment submission; Assessment performance; Performance decline,Review
STU000550,CHEM,Chemistry,School of Sciences and Humanities,3,Active,88.0,10,157,4127.0,-7.94251134644478,56.00000000000001,70.79333333333334,1.5499999999999972,10,0.0,20,8,0,38.0,Moderate,Attendance; Assignment submission; Assessment performance,Review
STU000551,PHYS,Physics,School of Sciences and Humanities,2,Active,86.0,10,225,6154.0,4.496124031007752,84.0,78.50666666666666,-11.800000000000011,10,0.0,7,0,10,27.0,Low,Attendance; Assignment submission; Performance decline,Routine monitoring
STU000552,PHYS,Physics,School of Sciences and Humanities,4,Active,72.0,10,156,4564.0,13.384615384615387,68.0,67.12666666666667,-0.04999999999999716,18,0.0,14,8,3,43.0,Moderate,Attendance; Assignment submission; Assessment performance; Performance decline,Review
STU000553,CS,Computer Science,School of Engineering and Digital Sciences,2,Active,76.0,10,133,3662.0,-8.098271155595986,50.0,63.15333333333333,-18.150000000000006,18,0.0,20,17,10,65.0,High,Attendance; Assignment submission; Assessment performance; Performance decline,Priority outreach
STU000554,PHYS,Physics,School of Sciences and Humanities,3,Active,92.5,10,183,5256.0,0.9900990099009972,92.5,73.58333333333333,14.700000000000003,0,0.0,0,8,0,8.0,Low,Assessment performance,Routine monitoring
STU000555,PSIR,Political Science and International Relations,School of Sciences and Humanities,3,Active,85.0,10,238,6757.0,-12.44087038789025,80.0,61.78888888888889,-1.9499999999999957,10,0.0,7,17,3,37.0,Moderate,Attendance; Assignment submission; Assessment performance; Performance decline,Review
STU000556,CS,Computer Science,School of Engineering and Digital Sciences,2,Active,78.33333333333333,10,197,6092.0,2.8587764436820975,78.33333333333333,74.05000000000001,-14.650000000000006,18,0.0,7,8,10,43.0,Moderate,Attendance; Assignment submission; Assessment performance; Performance decline,Review
STU000557,PHYS,Physics,School of Sciences and Humanities,2,Active,68.33333333333333,10,114,2799.0,18.082191780821905,60.0,63.25555555555555,-7.0,25,0.0,14,17,6,62.0,High,Attendance; Assignment submission; Assessment performance; Performance decline,Priority outreach
STU000558,CE,Civil Engineering,School of Mining and Geosciences,3,Active,83.33333333333334,10,208,5515.0,-5.587229190421886,75.0,70.6888888888889,-19.950000000000003,10,0.0,7,8,10,35.0,Moderate,Attendance; Assignment submission; Assessment performance; Performance decline,Review
STU000559,ME,Mechanical Engineering,School of Engineering and Digital Sciences,1,Active,98.0,10,246,6709.0,12.812659520163344,98.0,68.99333333333334,-6.049999999999983,0,0.0,0,8,6,14.0,Low,Assessment performance; Performance decline,Routine monitoring
STU000560,CE,Civil Engineering,School of Mining and Geosciences,4,Active,74.0,10,169,4221.0,-18.23361823361823,74.0,67.68,-16.5,18,5.0,14,8,10,55.0,Moderate,Attendance; LMS engagement; Assignment submission; Assessment performance; Performance decline,Review
STU000561,AI,Artificial Intelligence,School of Engineering and Digital Sciences,3,Active,70.0,10,197,4942.0,-10.89171974522294,66.66666666666666,65.31666666666666,-0.5999999999999943,18,0.0,14,8,3,43.0,Moderate,Attendance; Assignment submission; Assessment performance; Performance decline,Review
STU000562,AI,Artificial Intelligence,School of Engineering and Digital Sciences,4,Active,75.0,10,107,3305.0,-22.088724584103517,55.00000000000001,57.42777777777778,-11.049999999999997,18,5.0,20,17,10,70.0,High,Attendance; LMS engagement; Assignment submission; Assessment performance; Performance decline,Priority outreach
STU000563,ECON,Economics,Graduate School of Business,3,Active,90.0,10,226,6848.0,3.369140625,78.33333333333333,76.33888888888889,4.549999999999997,0,0.0,7,0,0,7.0,Low,Assignment submission,Routine monitoring
STU000564,CS,Computer Science,School of Engineering and Digital Sciences,4,Active,85.0,10,254,7133.0,-12.188612099644132,83.33333333333334,71.36666666666666,2.5500000000000114,10,0.0,7,8,0,25.0,Low,Attendance; Assignment submission; Assessment performance,Routine monitoring
STU000565,PSIR,Political Science and International Relations,School of Sciences and Humanities,4,Active,80.0,10,144,4275.0,8.520900321543404,77.5,74.35833333333333,4.150000000000006,10,0.0,7,8,0,25.0,Low,Attendance; Assignment submission; Assessment performance,Routine monitoring
STU000566,CS,Computer Science,School of Engineering and Digital Sciences,1,Active,91.66666666666666,10,265,7207.0,-6.016688625384273,68.33333333333333,80.66111111111111,-1.5,0,0.0,14,0,3,17.0,Low,Assignment submission; Performance decline,Routine monitoring
STU000567,ME,Mechanical Engineering,School of Engineering and Digital Sciences,2,Active,74.0,10,133,4018.0,-20.256024096385545,57.99999999999999,65.14,3.3500000000000085,18,5.0,20,8,0,51.0,Moderate,Attendance; LMS engagement; Assignment submission; Assessment performance,Review
STU000568,BIO,Biological Sciences,School of Sciences and Humanities,1,Active,86.66666666666667,10,220,6213.0,-1.1739594450373412,80.0,74.26666666666667,-21.5,10,0.0,7,8,10,35.0,Moderate,Attendance; Assignment submission; Assessment performance; Performance decline,Review
STU000569,PSIR,Political Science and International Relations,School of Sciences and Humanities,2,Active,90.0,10,299,8265.0,-4.4164037854889635,95.0,70.05555555555556,-14.600000000000009,0,0.0,0,8,10,18.0,Low,Assessment performance; Performance decline,Routine monitoring
STU000570,PHYS,Physics,School of Sciences and Humanities,2,Active,57.49999999999999,10,78,2282.0,-22.363405336721726,57.49999999999999,59.475,-0.14999999999999858,25,5.0,20,17,3,70.0,High,Attendance; LMS engagement; Assignment submission; Assessment performance; Performance decline,Priority outreach
STU000571,FIN,Finance,Graduate School of Business,1,Active,70.0,10,110,3102.0,-17.948717948717956,50.0,60.958333333333336,-1.3499999999999943,18,5.0,20,17,3,63.0,High,Attendance; LMS engagement; Assignment submission; Assessment performance; Performance decline,Priority outreach
STU000572,ECON,Economics,Graduate School of Business,2,Active,90.0,10,171,4734.0,0.4294917680744453,70.0,65.00666666666667,-9.950000000000003,0,0.0,14,8,6,28.0,Low,Assignment submission; Assessment performance; Performance decline,Routine monitoring
STU000573,CHEM,Chemistry,School of Sciences and Humanities,4,Active,78.33333333333333,10,205,5789.0,-8.41878035617917,70.0,70.69999999999999,-8.299999999999997,18,0.0,14,8,6,46.0,Moderate,Attendance; Assignment submission; Assessment performance; Performance decline,Review
STU000574,CE,Civil Engineering,School of Mining and Geosciences,4,Active,78.33333333333333,10,205,4949.0,-16.449410304158903,55.00000000000001,64.39444444444445,3.749999999999993,18,5.0,20,17,0,60.0,High,Attendance; LMS engagement; Assignment submission; Assessment performance,Priority outreach
STU000575,PSIR,Political Science and International Relations,School of Sciences and Humanities,1,Active,80.0,10,175,4498.0,-15.447710184552296,77.5,82.3,-3.3499999999999943,10,5.0,7,0,3,25.0,Low,Attendance; LMS engagement; Assignment submission; Performance decline,Routine monitoring
STU000576,AI,Artificial Intelligence,School of Engineering and Digital Sciences,1,Active,85.0,10,233,6980.0,-0.04750593824226949,78.33333333333333,69.82222222222222,-16.000000000000007,10,0.0,7,8,10,35.0,Moderate,Attendance; Assignment submission; Assessment performance; Performance decline,Review
STU000577,EE,Electrical Engineering,School of Engineering and Digital Sciences,1,Active,62.5,10,103,2713.0,-29.09270216962525,55.00000000000001,65.8,-13.75,25,5.0,20,8,10,68.0,High,Attendance; LMS engagement; Assignment submission; Assessment performance; Performance decline,Priority outreach
STU000578,EE,Electrical Engineering,School of Engineering and Digital Sciences,1,Active,86.0,10,173,4467.0,-4.67550593161201,78.0,75.48,-14.049999999999997,10,0.0,7,0,10,27.0,Low,Attendance; Assignment submission; Performance decline,Routine monitoring
STU000579,EE,Electrical Engineering,School of Engineering and Digital Sciences,4,Active,86.66666666666667,10,232,6253.0,14.47587354409318,88.33333333333333,68.62777777777778,6.449999999999996,10,0.0,7,8,0,25.0,Low,Attendance; Assignment submission; Assessment performance,Routine monitoring
STU000580,ME,Mechanical Engineering,School of Engineering and Digital Sciences,1,Active,76.66666666666666,10,211,5443.0,-0.41617122473244783,63.33333333333333,80.89444444444445,-21.349999999999994,18,0.0,14,0,10,42.0,Moderate,Attendance; Assignment submission; Performance decline,Review
STU000581,CHEM,Chemistry,School of Sciences and Humanities,2,Active,76.0,10,138,4180.0,-2.6053639846743253,68.0,64.48666666666666,-26.80000000000001,18,0.0,14,17,10,59.0,Moderate,Attendance; Assignment submission; Assessment performance; Performance decline,Review
STU000582,EE,Electrical Engineering,School of Engineering and Digital Sciences,4,Active,75.0,10,183,5340.0,-9.920634920634926,73.33333333333333,63.57777777777778,-22.400000000000006,18,0.0,14,17,10,59.0,Moderate,Attendance; Assignment submission; Assessment performance; Performance decline,Review
STU000583,ECON,Economics,Graduate School of Business,4,Active,96.66666666666667,10,279,8622.0,2.7613412228796888,93.33333333333333,78.75,4.650000000000006,0,0.0,0,0,0,0.0,Low,No material signal,Routine monitoring
STU000584,SOCI,Sociology,School of Sciences and Humanities,4,Active,71.66666666666667,10,172,4268.0,7.943925233644859,53.333333333333336,49.016666666666666,-1.8999999999999915,18,0.0,20,25,3,66.0,High,Attendance; Assignment submission; Assessment performance; Performance decline,Priority outreach
STU000585,PSIR,Political Science and International Relations,School of Sciences and Humanities,3,Active,82.0,10,113,3309.0,-2.1384928716904277,60.0,64.72,-23.349999999999994,10,0.0,14,17,10,51.0,Moderate,Attendance; Assignment submission; Assessment performance; Performance decline,Review
STU000586,ME,Mechanical Engineering,School of Engineering and Digital Sciences,4,Active,76.0,10,151,4256.0,16.761594792514227,62.0,72.86,-10.149999999999977,18,0.0,14,8,10,50.0,Moderate,Attendance; Assignment submission; Assessment performance; Performance decline,Review
STU000587,CHEM,Chemistry,School of Sciences and Humanities,4,Active,88.33333333333333,10,230,6439.0,0.5832449628844235,76.66666666666667,70.38888888888889,3.8499999999999943,10,0.0,7,8,0,25.0,Low,Attendance; Assignment submission; Assessment performance,Routine monitoring
STU000588,CS,Computer Science,School of Engineering and Digital Sciences,4,Active,77.5,10,142,4040.0,-4.038772213247177,85.0,71.96666666666667,9.400000000000006,18,0.0,7,8,0,33.0,Moderate,Attendance; Assignment submission; Assessment performance,Review
STU000589,PSIR,Political Science and International Relations,School of Sciences and Humanities,4,Active,76.66666666666666,10,130,2767.0,-32.777777777777786,46.666666666666664,57.983333333333334,-8.249999999999993,18,9.0,20,17,6,70.0,High,Attendance; LMS engagement; Assignment submission; Assessment performance; Performance decline,Priority outreach
STU000590,ME,Mechanical Engineering,School of Engineering and Digital Sciences,2,Active,87.5,10,167,4141.0,5.086136177194427,80.0,60.15,-1.1999999999999886,10,0.0,7,17,3,37.0,Moderate,Attendance; Assignment submission; Assessment performance; Performance decline,Review
STU000591,CS,Computer Science,School of Engineering and Digital Sciences,3,Active,77.5,10,133,3506.0,-8.098271155595986,70.0,66.89999999999999,7.75,18,0.0,14,8,0,40.0,Moderate,Attendance; Assignment submission; Assessment performance,Review
STU000592,PHYS,Physics,School of Sciences and Humanities,2,Active,84.0,10,190,5529.0,-13.924050632911381,70.0,73.68,-5.549999999999997,10,0.0,14,8,6,38.0,Moderate,Attendance; Assignment submission; Assessment performance; Performance decline,Review
STU000593,CE,Civil Engineering,School of Mining and Geosciences,3,Active,82.5,10,85,3058.0,-6.060606060606054,55.00000000000001,68.375,-12.599999999999994,10,0.0,20,8,10,48.0,Moderate,Attendance; Assignment submission; Assessment performance; Performance decline,Review
STU000594,EE,Electrical Engineering,School of Engineering and Digital Sciences,2,Active,70.0,10,117,3352.0,-5.383848454636092,60.0,62.8,6.6000000000000085,18,0.0,14,17,0,49.0,Moderate,Attendance; Assignment submission; Assessment performance,Review
STU000595,FIN,Finance,Graduate School of Business,2,Active,70.0,10,144,3833.0,-10.557432432432437,51.66666666666667,60.0,0.3999999999999986,18,0.0,20,17,0,55.0,Moderate,Attendance; Assignment submission; Assessment performance,Review
STU000596,SOCI,Sociology,School of Sciences and Humanities,1,Active,82.0,10,189,5705.0,-2.092050209205014,88.0,79.94,11.400000000000006,10,0.0,7,0,0,17.0,Low,Attendance; Assignment submission,Routine monitoring
STU000597,ME,Mechanical Engineering,School of Engineering and Digital Sciences,3,Active,84.0,10,219,5187.0,-6.830769230769221,68.0,74.93333333333334,9.049999999999983,10,0.0,14,8,0,32.0,Moderate,Attendance; Assignment submission; Assessment performance,Review
STU000598,ECON,Economics,Graduate School of Business,1,Active,95.0,10,199,5272.0,5.454545454545454,80.0,81.96666666666667,10.150000000000006,0,0.0,7,0,0,7.0,Low,Assignment submission,Routine monitoring
STU000599,ME,Mechanical Engineering,School of Engineering and Digital Sciences,4,Active,90.0,10,271,6865.0,11.846870150025854,76.66666666666667,68.66666666666667,-12.5,0,0.0,7,8,10,25.0,Low,Assignment submission; Assessment performance; Performance decline,Routine monitoring
STU000600,PSIR,Political Science and International Relations,School of Sciences and Humanities,4,Active,80.0,10,118,3579.0,4.068117313150436,65.0,67.54166666666667,1.5000000000000142,10,0.0,14,8,0,32.0,Moderate,Attendance; Assignment submission; Assessment performance,Review
STU000601,ECON,Economics,Graduate School of Business,4,Active,91.66666666666666,10,281,7389.0,-13.747323340471091,85.0,73.10555555555555,-14.5,0,0.0,7,8,10,25.0,Low,Assignment submission; Assessment performance; Performance decline,Routine monitoring
STU000602,PHYS,Physics,School of Sciences and Humanities,4,Active,90.0,10,125,3067.0,-15.584415584415584,52.5,76.39999999999999,-0.45000000000001705,0,5.0,20,0,3,28.0,Low,LMS engagement; Assignment submission; Performance decline,Routine monitoring
STU000603,PSIR,Political Science and International Relations,School of Sciences and Humanities,3,Active,88.0,10,185,5408.0,-16.49371927908247,82.0,73.53333333333333,-9.549999999999997,10,5.0,7,8,6,36.0,Moderate,Attendance; LMS engagement; Assignment submission; Assessment performance; Performance decline,Review
STU000604,PHYS,Physics,School of Sciences and Humanities,3,Active,80.0,10,220,6049.0,6.072644721906917,66.66666666666666,80.1,-0.549999999999983,10,0.0,14,0,3,27.0,Low,Attendance; Assignment submission; Performance decline,Routine monitoring
STU000605,FIN,Finance,Graduate School of Business,1,Active,83.33333333333334,10,211,5694.0,-2.218430034129693,65.0,71.27222222222223,4.200000000000017,10,0.0,14,8,0,32.0,Moderate,Attendance; Assignment submission; Assessment performance,Review
STU000606,EE,Electrical Engineering,School of Engineering and Digital Sciences,4,Active,80.0,10,184,5294.0,-15.83236321303841,75.0,69.04444444444444,-15.799999999999997,10,5.0,7,8,10,40.0,Moderate,Attendance; LMS engagement; Assignment submission; Assessment performance; Performance decline,Review
STU000607,CHEM,Chemistry,School of Sciences and Humanities,1,Active,88.33333333333333,10,236,7033.0,-5.018248175182477,75.0,74.71666666666667,10.950000000000003,10,0.0,7,8,0,25.0,Low,Attendance; Assignment submission; Assessment performance,Routine monitoring
STU000608,CS,Computer Science,School of Engineering and Digital Sciences,4,Active,90.0,10,230,5959.0,6.449803701626459,68.33333333333333,82.08888888888889,9.650000000000006,0,0.0,14,0,0,14.0,Low,Assignment submission,Routine monitoring
STU000609,ME,Mechanical Engineering,School of Engineering and Digital Sciences,1,Active,82.0,10,149,4613.0,0.34794711203897405,66.0,78.38000000000001,7.650000000000006,10,0.0,14,0,0,24.0,Low,Attendance; Assignment submission,Routine monitoring
STU000610,ME,Mechanical Engineering,School of Engineering and Digital Sciences,1,Active,85.0,10,216,6062.0,-0.3337041156840934,83.33333333333334,70.32777777777778,-1.0999999999999943,10,0.0,7,8,3,28.0,Low,Attendance; Assignment submission; Assessment performance; Performance decline,Routine monitoring
STU000611,CE,Civil Engineering,School of Mining and Geosciences,4,Active,82.5,10,162,4234.0,-27.650727650727653,85.0,68.44166666666666,6.349999999999994,10,5.0,7,8,0,30.0,Moderate,Attendance; LMS engagement; Assignment submission; Assessment performance,Review
STU000612,PHYS,Physics,School of Sciences and Humanities,1,Active,85.0,10,253,7146.0,0.3569834895136049,90.0,74.64444444444445,-0.6499999999999915,10,0.0,0,8,3,21.0,Low,Attendance; Assessment performance; Performance decline,Routine monitoring
STU000613,FIN,Finance,Graduate School of Business,1,Active,82.5,10,134,3879.0,-11.411665257819106,70.0,70.26666666666667,15.25,10,0.0,14,8,0,32.0,Moderate,Attendance; Assignment submission; Assessment performance,Review
STU000614,ECON,Economics,Graduate School of Business,1,Active,83.33333333333334,10,201,5844.0,-10.938337801608581,78.33333333333333,71.22777777777777,2.8499999999999943,10,0.0,7,8,0,25.0,Low,Attendance; Assignment submission; Assessment performance,Routine monitoring
STU000615,ME,Mechanical Engineering,School of Engineering and Digital Sciences,2,Active,93.33333333333333,10,282,8122.0,3.60934182590234,98.33333333333333,69.19999999999999,3.5500000000000114,0,0.0,0,8,0,8.0,Low,Assessment performance,Routine monitoring
STU000616,PHYS,Physics,School of Sciences and Humanities,3,Active,86.66666666666667,10,171,5637.0,-5.4818234275822215,73.33333333333333,61.022222222222226,8.350000000000001,10,0.0,14,17,0,41.0,Moderate,Attendance; Assignment submission; Assessment performance,Review
STU000617,CE,Civil Engineering,School of Mining and Geosciences,1,Active,82.0,10,161,4270.0,-14.134275618374561,62.0,59.193333333333335,-3.5999999999999943,10,0.0,14,17,3,44.0,Moderate,Attendance; Assignment submission; Assessment performance; Performance decline,Review
STU000618,CS,Computer Science,School of Engineering and Digital Sciences,3,Active,65.99999999999999,10,86,2581.0,-25.54517133956386,64.0,50.10666666666667,-4.0,25,5.0,14,25,3,72.0,High,Attendance; LMS engagement; Assignment submission; Assessment performance; Performance decline,Priority outreach
STU000619,PSIR,Political Science and International Relations,School of Sciences and Humanities,1,Active,80.0,10,149,3850.0,-6.73400673400674,82.5,66.05,1.0,10,0.0,7,8,0,25.0,Low,Attendance; Assignment submission; Assessment performance,Routine monitoring
STU000620,ME,Mechanical Engineering,School of Engineering and Digital Sciences,3,Active,74.0,10,140,3841.0,-3.005686433793659,50.0,69.24666666666667,-4.3999999999999915,18,0.0,20,8,3,49.0,Moderate,Attendance; Assignment submission; Assessment performance; Performance decline,Review
STU000621,PHYS,Physics,School of Sciences and Humanities,4,Active,83.33333333333334,10,132,4233.0,6.180665610142631,55.00000000000001,58.42222222222222,-5.899999999999999,10,0.0,20,17,6,53.0,Moderate,Attendance; Assignment submission; Assessment performance; Performance decline,Review
STU000622,CE,Civil Engineering,School of Mining and Geosciences,2,Active,91.66666666666666,10,242,6581.0,-1.725790987535954,81.66666666666667,71.96666666666667,26.000000000000014,0,0.0,7,8,0,15.0,Low,Assignment submission; Assessment performance,Routine monitoring
STU000623,PHYS,Physics,School of Sciences and Humanities,4,Active,87.5,10,175,4759.0,4.06272273699216,80.0,58.31666666666666,0.10000000000000142,10,0.0,7,17,0,34.0,Moderate,Attendance; Assignment submission; Assessment performance,Review
STU000624,AI,Artificial Intelligence,School of Engineering and Digital Sciences,2,Active,80.0,10,82,2452.0,-17.108433734939762,60.0,49.125,-9.0,10,5.0,14,25,6,60.0,High,Attendance; LMS engagement; Assignment submission; Assessment performance; Performance decline,Priority outreach
STU000625,FIN,Finance,Graduate School of Business,2,Active,67.5,10,125,3411.0,2.4342745861733315,45.0,72.375,-12.550000000000004,25,0.0,20,8,10,63.0,High,Attendance; Assignment submission; Assessment performance; Performance decline,Priority outreach
STU000626,ME,Mechanical Engineering,School of Engineering and Digital Sciences,2,Active,72.5,10,110,3135.0,-13.840155945419097,60.0,56.36666666666667,-4.799999999999997,18,0.0,14,17,3,52.0,Moderate,Attendance; Assignment submission; Assessment performance; Performance decline,Review
STU000627,CS,Computer Science,School of Engineering and Digital Sciences,4,Active,90.0,10,190,5464.0,19.121621621621617,76.0,72.76666666666667,-10.400000000000006,0,0.0,7,8,10,25.0,Low,Assignment submission; Assessment performance; Performance decline,Routine monitoring
STU000628,PSIR,Political Science and International Relations,School of Sciences and Humanities,4,Active,84.0,10,169,4171.0,-7.4558032282859426,64.0,73.85333333333332,-6.300000000000011,10,0.0,14,8,6,38.0,Moderate,Attendance; Assignment submission; Assessment performance; Performance decline,Review
STU000629,SOCI,Sociology,School of Sciences and Humanities,1,Active,76.66666666666666,10,163,4506.0,7.29483282674772,65.0,68.49444444444445,-12.200000000000003,18,0.0,14,8,10,50.0,Moderate,Attendance; Assignment submission; Assessment performance; Performance decline,Review
STU000630,SOCI,Sociology,School of Sciences and Humanities,3,Active,81.66666666666667,10,192,5307.0,-9.675550405562007,61.66666666666667,61.41111111111112,-3.6499999999999986,10,0.0,14,17,3,44.0,Moderate,Attendance; Assignment submission; Assessment performance; Performance decline,Review
STU000631,CS,Computer Science,School of Engineering and Digital Sciences,4,Active,96.0,10,212,5615.0,11.66562694946973,82.0,65.30666666666667,0.5,0,0.0,7,8,0,15.0,Low,Assignment submission; Assessment performance,Routine monitoring
STU000632,PSIR,Political Science and International Relations,School of Sciences and Humanities,2,Active,90.0,10,191,5005.0,15.496017378711075,82.0,69.3,6.599999999999994,0,0.0,7,8,0,15.0,Low,Assignment submission; Assessment performance,Routine monitoring
STU000633,SOCI,Sociology,School of Sciences and Humanities,1,Active,90.0,10,179,5025.0,6.937631394533987,95.0,83.51666666666667,-17.950000000000017,0,0.0,0,0,10,10.0,Low,Performance decline,Routine monitoring
STU000634,SOCI,Sociology,School of Sciences and Humanities,4,Active,78.0,10,156,4538.0,-6.215846994535515,64.0,61.7,7.700000000000003,18,0.0,14,17,0,49.0,Moderate,Attendance; Assignment submission; Assessment performance,Review
STU000635,CS,Computer Science,School of Engineering and Digital Sciences,4,Active,77.5,10,106,3035.0,-7.982740021574979,50.0,68.40833333333333,9.799999999999997,18,0.0,20,8,0,46.0,Moderate,Attendance; Assignment submission; Assessment performance,Review
STU000636,EE,Electrical Engineering,School of Engineering and Digital Sciences,4,Active,66.66666666666667,10,148,4149.0,-0.7125890736342043,53.333333333333336,65.17222222222222,-5.049999999999997,25,0.0,20,8,6,59.0,Moderate,Attendance; Assignment submission; Assessment performance; Performance decline,Review
STU000637,BIO,Biological Sciences,School of Sciences and Humanities,3,Active,82.5,10,139,3860.0,9.165902841429876,77.5,68.90833333333335,-12.350000000000009,10,0.0,7,8,10,35.0,Moderate,Attendance; Assignment submission; Assessment performance; Performance decline,Review
STU000638,ME,Mechanical Engineering,School of Engineering and Digital Sciences,2,Active,74.0,10,160,4214.0,-3.3820138355111498,68.0,68.16666666666667,3.1500000000000057,18,0.0,14,8,0,40.0,Moderate,Attendance; Assignment submission; Assessment performance,Review
STU000639,AI,Artificial Intelligence,School of Engineering and Digital Sciences,2,Active,80.0,10,123,3226.0,16.628959276018097,65.0,63.300000000000004,-4.450000000000003,10,0.0,14,17,3,44.0,Moderate,Attendance; Assignment submission; Assessment performance; Performance decline,Review
STU000640,ME,Mechanical Engineering,School of Engineering and Digital Sciences,3,Active,78.33333333333333,10,166,5029.0,-25.547013601419273,68.33333333333333,67.49444444444445,-23.35000000000001,18,5.0,14,8,10,55.0,Moderate,Attendance; LMS engagement; Assignment submission; Assessment performance; Performance decline,Review
STU000641,CE,Civil Engineering,School of Mining and Geosciences,4,Active,82.5,10,112,3379.0,2.260495156081808,70.0,73.125,-8.75,10,0.0,14,8,6,38.0,Moderate,Attendance; Assignment submission; Assessment performance; Performance decline,Review
STU000642,FIN,Finance,Graduate School of Business,3,Active,80.0,10,155,4070.0,-19.62406015037594,62.0,74.71333333333334,1.299999999999983,10,5.0,14,8,0,37.0,Moderate,Attendance; LMS engagement; Assignment submission; Assessment performance,Review
STU000643,EE,Electrical Engineering,School of Engineering and Digital Sciences,2,Active,71.66666666666667,10,176,5068.0,-10.144020037570455,55.00000000000001,65.27777777777777,-6.900000000000006,18,0.0,20,8,6,52.0,Moderate,Attendance; Assignment submission; Assessment performance; Performance decline,Review
STU000644,CE,Civil Engineering,School of Mining and Geosciences,3,Active,96.66666666666667,10,225,7160.0,6.085686465433312,85.0,76.36666666666666,-31.14999999999999,0,0.0,7,0,10,17.0,Low,Assignment submission; Performance decline,Routine monitoring
STU000645,AI,Artificial Intelligence,School of Engineering and Digital Sciences,3,Active,64.0,10,126,3298.0,-1.283422459893048,52.0,65.88000000000001,-13.049999999999997,25,0.0,20,8,10,63.0,High,Attendance; Assignment submission; Assessment performance; Performance decline,Priority outreach
STU000646,CHEM,Chemistry,School of Sciences and Humanities,3,Active,90.0,10,134,3740.0,-14.015477214101471,75.0,71.25,1.0500000000000114,0,0.0,7,8,0,15.0,Low,Assignment submission; Assessment performance,Routine monitoring
STU000647,PHYS,Physics,School of Sciences and Humanities,4,Active,65.0,10,100,2730.0,11.11111111111112,62.5,67.70833333333333,13.149999999999991,25,0.0,14,8,0,47.0,Moderate,Attendance; Assignment submission; Assessment performance,Review
STU000648,PSIR,Political Science and International Relations,School of Sciences and Humanities,2,Active,80.0,10,175,5040.0,-3.3552631578947367,86.0,57.54,-19.60000000000001,10,0.0,7,17,10,44.0,Moderate,Attendance; Assignment submission; Assessment performance; Performance decline,Review
STU000649,CE,Civil Engineering,School of Mining and Geosciences,2,Active,82.0,10,161,3962.0,-1.3640238704177274,68.0,62.60666666666667,-0.20000000000000284,10,0.0,14,17,3,44.0,Moderate,Attendance; Assignment submission; Assessment performance; Performance decline,Review
STU000650,ECON,Economics,Graduate School of Business,2,Active,83.33333333333334,10,239,6529.0,-4.345603271983646,76.66666666666667,68.73333333333333,2.0999999999999943,10,0.0,7,8,0,25.0,Low,Attendance; Assignment submission; Assessment performance,Routine monitoring
STU000651,AI,Artificial Intelligence,School of Engineering and Digital Sciences,2,Active,81.66666666666667,10,218,6435.0,-3.8877952755905567,71.66666666666667,57.46666666666667,2.25,10,0.0,14,17,0,41.0,Moderate,Attendance; Assignment submission; Assessment performance,Review
STU000652,EE,Electrical Engineering,School of Engineering and Digital Sciences,2,Active,68.0,10,86,1988.0,-2.086956521739131,40.0,54.72,-13.099999999999994,25,0.0,20,25,10,80.0,Critical,Attendance; Assignment submission; Assessment performance; Performance decline,Urgent review
STU000653,AI,Artificial Intelligence,School of Engineering and Digital Sciences,2,Active,92.0,10,214,6079.0,-0.6959314775160479,82.0,68.01333333333334,-12.800000000000011,0,0.0,7,8,10,25.0,Low,Assignment submission; Assessment performance; Performance decline,Routine monitoring
STU000654,AI,Artificial Intelligence,School of Engineering and Digital Sciences,2,Active,64.0,10,129,3761.0,-19.252187748607803,64.0,72.4,-0.6500000000000057,25,5.0,14,8,3,55.0,Moderate,Attendance; LMS engagement; Assignment submission; Assessment performance; Performance decline,Review
STU000655,FIN,Finance,Graduate School of Business,3,Active,88.33333333333333,10,220,6377.0,-2.9472595656670113,71.66666666666667,70.87777777777778,-0.8999999999999915,10,0.0,14,8,3,35.0,Moderate,Attendance; Assignment submission; Assessment performance; Performance decline,Review
STU000656,ME,Mechanical Engineering,School of Engineering and Digital Sciences,1,Active,61.66666666666667,10,73,2773.0,-34.69194312796209,41.66666666666667,51.07222222222222,-14.100000000000009,25,9.0,20,25,10,89.0,Critical,Attendance; LMS engagement; Assignment submission; Assessment performance; Performance decline,Urgent review
STU000657,SOCI,Sociology,School of Sciences and Humanities,1,Active,96.66666666666667,10,262,8339.0,9.028960817717216,90.0,69.16111111111111,-10.75,0,0.0,0,8,10,18.0,Low,Assessment performance; Performance decline,Routine monitoring
STU000658,FIN,Finance,Graduate School of Business,1,Active,95.0,10,166,4289.0,-1.0614101592115281,82.5,54.76666666666667,5.950000000000003,0,0.0,7,25,0,32.0,Moderate,Assignment submission; Assessment performance,Review
STU000659,BIO,Biological Sciences,School of Sciences and Humanities,2,Active,67.5,10,99,3141.0,-7.354555433589474,60.0,71.61666666666666,4.25,25,0.0,14,8,0,47.0,Moderate,Attendance; Assignment submission; Assessment performance,Review
STU000660,AI,Artificial Intelligence,School of Engineering and Digital Sciences,4,Active,82.5,10,157,4528.0,17.122683142100605,80.0,75.43333333333334,34.19999999999999,10,0.0,7,0,0,17.0,Low,Attendance; Assignment submission,Routine monitoring
STU000661,ME,Mechanical Engineering,School of Engineering and Digital Sciences,4,Active,72.0,10,112,3731.0,-12.681744749596133,69.38775510204081,58.580000000000005,3.1499999999999986,18,0.0,14,17,0,49.0,Moderate,Attendance; Assignment submission; Assessment performance,Review
STU000662,CS,Computer Science,School of Engineering and Digital Sciences,4,Active,85.0,10,164,4817.0,5.046863734679173,85.0,73.61666666666666,-3.8499999999999943,10,0.0,7,8,3,28.0,Low,Attendance; Assignment submission; Assessment performance; Performance decline,Routine monitoring
STU000663,ECON,Economics,Graduate School of Business,2,Active,81.66666666666667,10,187,5075.0,-15.507692307692297,71.66666666666667,69.32222222222222,-2.75,10,5.0,14,8,3,40.0,Moderate,Attendance; LMS engagement; Assignment submission; Assessment performance; Performance decline,Review
STU000664,SOCI,Sociology,School of Sciences and Humanities,4,Active,72.0,10,118,3760.0,-2.631578947368411,66.0,67.91333333333334,16.25,18,0.0,14,8,0,40.0,Moderate,Attendance; Assignment submission; Assessment performance,Review
STU000665,FIN,Finance,Graduate School of Business,3,Active,78.33333333333333,10,220,5772.0,-10.496957403651114,78.33333333333333,71.76666666666667,0.0,18,0.0,7,8,0,33.0,Moderate,Attendance; Assignment submission; Assessment performance,Review
STU000666,PHYS,Physics,School of Sciences and Humanities,1,Active,91.66666666666666,10,267,7577.0,-0.13198416190057194,93.33333333333333,84.76111111111112,4.6499999999999915,0,0.0,0,0,0,0.0,Low,No material signal,Routine monitoring
STU000667,ECON,Economics,Graduate School of Business,3,Active,92.5,10,175,4400.0,-6.66156202143951,87.5,63.96666666666667,3.1500000000000057,0,0.0,7,17,0,24.0,Low,Assignment submission; Assessment performance,Routine monitoring
STU000668,SOCI,Sociology,School of Sciences and Humanities,2,Active,84.0,10,204,4784.0,-0.9021512838306692,74.0,80.1,2.25,10,0.0,14,0,0,24.0,Low,Attendance; Assignment submission,Routine monitoring
STU000669,EE,Electrical Engineering,School of Engineering and Digital Sciences,4,Active,87.5,10,110,3081.0,-2.6737967914438623,77.5,60.725,-11.75,10,0.0,7,17,10,44.0,Moderate,Attendance; Assignment submission; Assessment performance; Performance decline,Review
STU000670,AI,Artificial Intelligence,School of Engineering and Digital Sciences,2,Active,98.0,10,222,6679.0,-4.514229636898932,94.0,76.46666666666667,0.20000000000000284,0,0.0,0,0,0,0.0,Low,No material signal,Routine monitoring
STU000671,SOCI,Sociology,School of Sciences and Humanities,1,Active,74.0,10,124,3292.0,2.063983488132101,66.0,67.78666666666666,-12.349999999999994,18,0.0,14,8,10,50.0,Moderate,Attendance; Assignment submission; Assessment performance; Performance decline,Review
STU000672,CHEM,Chemistry,School of Sciences and Humanities,3,Active,76.66666666666666,10,204,5795.0,-12.395397489539748,80.0,77.66666666666667,1.5,18,0.0,7,0,0,25.0,Low,Attendance; Assignment submission,Routine monitoring
STU000673,CS,Computer Science,School of Engineering and Digital Sciences,4,Active,76.66666666666666,10,196,6519.0,-11.078431372549025,91.66666666666666,80.76111111111112,2.4000000000000057,18,0.0,0,0,0,18.0,Low,Attendance,Routine monitoring
STU000674,AI,Artificial Intelligence,School of Engineering and Digital Sciences,1,Active,72.5,10,95,3070.0,-6.767676767676761,60.0,57.074999999999996,-15.350000000000009,18,0.0,14,17,10,59.0,Moderate,Attendance; Assignment submission; Assessment performance; Performance decline,Review
STU000675,ME,Mechanical Engineering,School of Engineering and Digital Sciences,1,Active,77.5,10,131,3260.0,-1.4150943396226416,80.0,68.975,9.899999999999999,18,0.0,7,8,0,33.0,Moderate,Attendance; Assignment submission; Assessment performance,Review
STU000676,ECON,Economics,Graduate School of Business,2,Active,90.0,10,130,4045.0,-9.416342412451357,70.0,77.14166666666667,2.450000000000003,0,0.0,14,0,0,14.0,Low,Assignment submission,Routine monitoring
STU000677,FIN,Finance,Graduate School of Business,1,Active,76.0,10,108,3020.0,-15.225563909774436,42.0,56.77333333333333,-4.700000000000003,18,5.0,20,17,3,63.0,High,Attendance; LMS engagement; Assignment submission; Assessment performance; Performance decline,Priority outreach
STU000678,PHYS,Physics,School of Sciences and Humanities,1,Active,78.33333333333333,10,177,4541.0,-11.962750716332371,53.333333333333336,66.52777777777777,-10.29999999999999,18,0.0,20,8,10,56.0,Moderate,Attendance; Assignment submission; Assessment performance; Performance decline,Review
STU000679,ECON,Economics,Graduate School of Business,4,Active,70.0,10,94,2768.0,-3.4278959810874774,65.0,55.68333333333334,7.450000000000003,18,0.0,14,17,0,49.0,Moderate,Attendance; Assignment submission; Assessment performance,Review
STU000680,ME,Mechanical Engineering,School of Engineering and Digital Sciences,3,Active,86.66666666666667,10,279,6969.0,9.441836202399587,81.35593220338984,68.16111111111111,12.800000000000004,10,0.0,7,8,0,25.0,Low,Attendance; Assignment submission; Assessment performance,Routine monitoring
STU000681,EE,Electrical Engineering,School of Engineering and Digital Sciences,1,Active,86.66666666666667,10,219,6883.0,4.870775347912536,73.33333333333333,59.611111111111114,-5.100000000000001,10,0.0,14,17,6,47.0,Moderate,Attendance; Assignment submission; Assessment performance; Performance decline,Review
STU000682,ECON,Economics,Graduate School of Business,3,Active,63.33333333333333,10,149,4116.0,-22.329427980702963,51.66666666666667,61.25555555555555,4.5,25,5.0,20,17,0,67.0,High,Attendance; LMS engagement; Assignment submission; Assessment performance,Priority outreach
STU000683,FIN,Finance,Graduate School of Business,1,Active,95.0,10,182,5443.0,10.287241148964602,92.5,83.94166666666668,-1.75,0,0.0,0,0,3,3.0,Low,Performance decline,Routine monitoring
STU000684,PHYS,Physics,School of Sciences and Humanities,3,Active,58.00000000000001,10,73,2003.0,-34.16320885200554,48.0,54.13333333333333,-16.150000000000006,25,9.0,20,25,10,89.0,Critical,Attendance; LMS engagement; Assignment submission; Assessment performance; Performance decline,Urgent review
STU000685,ECON,Economics,Graduate School of Business,4,Active,88.33333333333333,10,237,6421.0,-4.8969072164948395,86.66666666666667,72.01111111111112,0.6500000000000057,10,0.0,7,8,0,25.0,Low,Attendance; Assignment submission; Assessment performance,Routine monitoring
STU000686,ECON,Economics,Graduate School of Business,2,Active,77.5,10,80,2254.0,-3.725782414306996,47.5,61.775,10.950000000000003,18,0.0,20,17,0,55.0,Moderate,Attendance; Assignment submission; Assessment performance,Review
STU000687,AI,Artificial Intelligence,School of Engineering and Digital Sciences,3,Active,86.0,10,132,3859.0,-7.784911717495984,72.0,64.94666666666667,-0.04999999999999716,10,0.0,14,17,3,44.0,Moderate,Attendance; Assignment submission; Assessment performance; Performance decline,Review
STU000688,ME,Mechanical Engineering,School of Engineering and Digital Sciences,4,Active,84.0,10,209,5195.0,13.552068473609127,74.0,66.26666666666667,7.300000000000011,10,0.0,14,8,0,32.0,Moderate,Attendance; Assignment submission; Assessment performance,Review
STU000689,PHYS,Physics,School of Sciences and Humanities,2,Active,83.33333333333334,10,173,4929.0,-15.038560411311044,58.333333333333336,65.76111111111112,-13.399999999999991,10,5.0,20,8,10,53.0,Moderate,Attendance; LMS engagement; Assignment submission; Assessment performance; Performance decline,Review
STU000690,CS,Computer Science,School of Engineering and Digital Sciences,3,Active,71.66666666666667,10,181,4995.0,-11.034047919293819,71.66666666666667,68.08333333333333,0.20000000000000284,18,0.0,14,8,0,40.0,Moderate,Attendance; Assignment submission; Assessment performance,Review
STU000691,PSIR,Political Science and International Relations,School of Sciences and Humanities,4,Active,82.0,10,169,4970.0,-8.327953518398976,76.0,69.52,-7.800000000000011,10,0.0,7,8,6,31.0,Moderate,Attendance; Assignment submission; Assessment performance; Performance decline,Review
STU000692,CE,Civil Engineering,School of Mining and Geosciences,2,Active,92.5,10,159,4874.0,7.7190542420027946,90.0,72.95,3.75,0,0.0,0,8,0,8.0,Low,Assessment performance,Routine monitoring
STU000693,ME,Mechanical Engineering,School of Engineering and Digital Sciences,2,Active,90.0,10,151,4957.0,-10.33112582781457,78.0,69.71333333333334,-9.649999999999991,0,0.0,7,8,6,21.0,Low,Assignment submission; Assessment performance; Performance decline,Routine monitoring
STU000694,ME,Mechanical Engineering,School of Engineering and Digital Sciences,2,Active,75.0,10,135,3354.0,5.380710659898483,75.0,62.53333333333333,16.799999999999997,18,0.0,7,17,0,42.0,Moderate,Attendance; Assignment submission; Assessment performance,Review
STU000695,CS,Computer Science,School of Engineering and Digital Sciences,2,Active,78.0,10,120,3280.0,1.310483870967736,54.0,63.513333333333335,0.4000000000000057,18,0.0,20,17,0,55.0,Moderate,Attendance; Assignment submission; Assessment performance,Review
STU000696,EE,Electrical Engineering,School of Engineering and Digital Sciences,4,Active,83.33333333333334,10,165,5662.0,5.8083832335329415,71.66666666666667,71.87222222222222,1.0499999999999972,10,0.0,14,8,0,32.0,Moderate,Attendance; Assignment submission; Assessment performance,Review
STU000697,ECON,Economics,Graduate School of Business,2,Active,88.0,10,221,5759.0,-7.778399552322315,80.0,78.10666666666665,-11.099999999999994,10,0.0,7,0,10,27.0,Low,Attendance; Assignment submission; Performance decline,Routine monitoring
STU000698,ME,Mechanical Engineering,School of Engineering and Digital Sciences,3,Active,72.5,10,143,3995.0,-7.109375000000008,65.0,66.89166666666667,5.400000000000006,18,0.0,14,8,0,40.0,Moderate,Attendance; Assignment submission; Assessment performance,Review
STU000699,CHEM,Chemistry,School of Sciences and Humanities,4,Active,76.0,10,99,1980.0,-25.396825396825395,57.99999999999999,59.166666666666664,-23.75,18,5.0,20,17,10,70.0,High,Attendance; LMS engagement; Assignment submission; Assessment performance; Performance decline,Priority outreach
STU000700,PHYS,Physics,School of Sciences and Humanities,4,Active,86.66666666666667,10,237,6634.0,-5.271160669031925,80.0,68.95555555555556,-8.699999999999996,10,0.0,7,8,6,31.0,Moderate,Attendance; Assignment submission; Assessment performance; Performance decline,Review
STU000701,CE,Civil Engineering,School of Mining and Geosciences,2,Active,86.0,10,186,5045.0,-9.951456310679614,84.0,71.16666666666667,-2.049999999999983,10,0.0,7,8,3,28.0,Low,Attendance; Assignment submission; Assessment performance; Performance decline,Routine monitoring
STU000702,AI,Artificial Intelligence,School of Engineering and Digital Sciences,3,Active,58.00000000000001,10,107,2241.0,-6.976744186046512,52.0,58.62,-27.0,25,0.0,20,17,10,72.0,High,Attendance; Assignment submission; Assessment performance; Performance decline,Priority outreach
STU000703,EE,Electrical Engineering,School of Engineering and Digital Sciences,2,Active,83.33333333333334,10,160,4822.0,-7.821982467970323,60.0,63.266666666666666,-6.75,10,0.0,14,17,6,47.0,Moderate,Attendance; Assignment submission; Assessment performance; Performance decline,Review
STU000704,PSIR,Political Science and International Relations,School of Sciences and Humanities,4,Active,88.33333333333333,10,209,6409.0,6.645230439442665,70.0,70.38888888888889,17.60000000000001,10,0.0,14,8,0,32.0,Moderate,Attendance; Assignment submission; Assessment performance,Review
STU000705,BIO,Biological Sciences,School of Sciences and Humanities,4,Active,81.66666666666667,10,220,5838.0,-7.425742574257425,81.66666666666667,72.02777777777777,0.75,10,0.0,7,8,0,25.0,Low,Attendance; Assignment submission; Assessment performance,Routine monitoring
STU000706,ME,Mechanical Engineering,School of Engineering and Digital Sciences,1,Active,72.5,10,95,3128.0,-2.9946524064171243,72.5,60.800000000000004,28.849999999999994,18,0.0,14,17,0,49.0,Moderate,Attendance; Assignment submission; Assessment performance,Review
STU000707,PHYS,Physics,School of Sciences and Humanities,1,Active,77.5,10,108,3703.0,17.730496453900706,70.0,59.85833333333333,-17.64999999999999,18,0.0,14,17,10,59.0,Moderate,Attendance; Assignment submission; Assessment performance; Performance decline,Review
STU000708,PSIR,Political Science and International Relations,School of Sciences and Humanities,3,Active,86.66666666666667,10,206,5170.0,-6.61375661375661,80.0,75.17222222222222,5.3999999999999915,10,0.0,7,0,0,17.0,Low,Attendance; Assignment submission,Routine monitoring
STU000709,SOCI,Sociology,School of Sciences and Humanities,4,Active,91.66666666666666,10,271,7833.0,-3.5505430242272396,91.66666666666666,79.82222222222222,8.050000000000011,0,0.0,0,0,0,0.0,Low,No material signal,Routine monitoring
STU000710,CHEM,Chemistry,School of Sciences and Humanities,3,Active,86.66666666666667,10,221,6027.0,-7.933194154488513,78.33333333333333,68.82777777777778,-2.499999999999986,10,0.0,7,8,3,28.0,Low,Attendance; Assignment submission; Assessment performance; Performance decline,Routine monitoring
STU000711,FIN,Finance,Graduate School of Business,1,Active,60.0,10,76,1864.0,-23.95498392282959,35.0,72.38333333333334,-0.20000000000000284,25,5.0,20,8,3,61.0,High,Attendance; LMS engagement; Assignment submission; Assessment performance; Performance decline,Priority outreach
STU000712,CS,Computer Science,School of Engineering and Digital Sciences,3,Active,80.0,10,175,5066.0,13.85159010600706,68.0,71.96666666666667,-2.0999999999999943,10,0.0,14,8,3,35.0,Moderate,Attendance; Assignment submission; Assessment performance; Performance decline,Review
STU000713,FIN,Finance,Graduate School of Business,2,Active,72.0,10,163,4739.0,-10.512483574244412,74.0,65.86666666666666,-15.800000000000004,18,0.0,14,8,10,50.0,Moderate,Attendance; Assignment submission; Assessment performance; Performance decline,Review
STU000714,CE,Civil Engineering,School of Mining and Geosciences,3,Active,85.0,10,147,4280.0,-4.303599374021905,77.5,60.824999999999996,10.299999999999997,10,0.0,7,17,0,34.0,Moderate,Attendance; Assignment submission; Assessment performance,Review
STU000715,CE,Civil Engineering,School of Mining and Geosciences,4,Active,80.0,10,173,4765.0,-7.7613855035279,64.0,83.42666666666668,0.7000000000000028,10,0.0,14,0,0,24.0,Low,Attendance; Assignment submission,Routine monitoring
STU000716,AI,Artificial Intelligence,School of Engineering and Digital Sciences,4,Active,84.0,10,180,4878.0,-14.119922630560927,84.0,71.42666666666668,-10.100000000000009,10,0.0,7,8,10,35.0,Moderate,Attendance; Assignment submission; Assessment performance; Performance decline,Review
STU000717,ECON,Economics,Graduate School of Business,1,Active,80.0,10,114,3294.0,1.5991471215351813,60.0,65.24166666666666,-6.0,10,0.0,14,8,6,38.0,Moderate,Attendance; Assignment submission; Assessment performance; Performance decline,Review
STU000718,PHYS,Physics,School of Sciences and Humanities,2,Active,75.0,10,123,2871.0,-19.45889698231009,57.49999999999999,63.94166666666666,0.19999999999999574,18,5.0,20,17,0,60.0,High,Attendance; LMS engagement; Assignment submission; Assessment performance,Priority outreach
STU000719,CE,Civil Engineering,School of Mining and Geosciences,2,Active,57.49999999999999,10,75,1895.0,9.135399673735721,40.0,61.86666666666667,5.400000000000006,25,0.0,20,17,0,62.0,High,Attendance; Assignment submission; Assessment performance,Priority outreach
STU000720,ECON,Economics,Graduate School of Business,1,Active,85.0,10,150,3858.0,-3.364969801553063,77.5,71.50833333333334,-3.0,10,0.0,7,8,3,28.0,Low,Attendance; Assignment submission; Assessment performance; Performance decline,Routine monitoring
STU000721,CE,Civil Engineering,School of Mining and Geosciences,4,Active,90.0,10,160,4581.0,-2.2939068100358466,78.0,71.61999999999999,8.949999999999996,0,0.0,7,8,0,15.0,Low,Assignment submission; Assessment performance,Routine monitoring
STU000722,PSIR,Political Science and International Relations,School of Sciences and Humanities,1,Active,76.66666666666666,10,166,4516.0,-5.462822458270106,61.016949152542374,70.42222222222222,1.75,18,0.0,14,8,0,40.0,Moderate,Attendance; Assignment submission; Assessment performance,Review
STU000723,PHYS,Physics,School of Sciences and Humanities,1,Active,72.0,10,129,4284.0,-0.228310502283105,74.0,71.96666666666667,-10.099999999999994,18,0.0,14,8,10,50.0,Moderate,Attendance; Assignment submission; Assessment performance; Performance decline,Review
STU000724,SOCI,Sociology,School of Sciences and Humanities,3,Active,82.0,10,186,5274.0,-7.530120481927714,76.0,70.27333333333333,-2.75,10,0.0,7,8,3,28.0,Low,Attendance; Assignment submission; Assessment performance; Performance decline,Routine monitoring
STU000725,PHYS,Physics,School of Sciences and Humanities,3,Active,90.0,10,155,4444.0,5.941358024691362,82.5,70.66666666666667,-14.150000000000006,0,0.0,7,8,10,25.0,Low,Assignment submission; Assessment performance; Performance decline,Routine monitoring
STU000726,PHYS,Physics,School of Sciences and Humanities,2,Active,85.0,10,213,5580.0,10.999371464487728,63.33333333333333,68.14444444444445,-19.69999999999999,10,0.0,14,8,10,42.0,Moderate,Attendance; Assignment submission; Assessment performance; Performance decline,Review
STU000727,CE,Civil Engineering,School of Mining and Geosciences,2,Active,76.0,10,150,4817.0,-16.388174807197935,78.0,75.36666666666666,27.249999999999993,18,5.0,7,0,0,30.0,Moderate,Attendance; LMS engagement; Assignment submission,Review
STU000728,CS,Computer Science,School of Engineering and Digital Sciences,4,Active,72.5,10,138,3566.0,-5.953488372093018,65.0,62.583333333333336,-1.4000000000000057,18,0.0,14,17,3,52.0,Moderate,Attendance; Assignment submission; Assessment performance; Performance decline,Review
STU000729,CE,Civil Engineering,School of Mining and Geosciences,2,Active,76.66666666666666,10,188,4717.0,-8.383635144198529,60.0,66.56666666666666,-2.9000000000000057,18,0.0,14,8,3,43.0,Moderate,Attendance; Assignment submission; Assessment performance; Performance decline,Review
STU000730,BIO,Biological Sciences,School of Sciences and Humanities,2,Active,80.0,10,259,7366.0,2.979101823032464,81.66666666666667,78.21666666666667,-1.1500000000000057,10,0.0,7,0,3,20.0,Low,Attendance; Assignment submission; Performance decline,Routine monitoring
STU000731,CS,Computer Science,School of Engineering and Digital Sciences,4,Active,78.0,10,162,4831.0,9.334248455730949,62.0,72.58,-21.050000000000004,18,0.0,14,8,10,50.0,Moderate,Attendance; Assignment submission; Assessment performance; Performance decline,Review
STU000732,FIN,Finance,Graduate School of Business,4,Active,87.5,10,138,3669.0,5.178907721280597,65.0,69.36666666666666,2.3000000000000114,10,0.0,14,8,0,32.0,Moderate,Attendance; Assignment submission; Assessment performance,Review
STU000733,FIN,Finance,Graduate School of Business,1,Active,78.33333333333333,10,220,6846.0,-5.347846663511605,68.33333333333333,76.11666666666666,3.950000000000003,18,0.0,14,0,0,32.0,Moderate,Attendance; Assignment submission,Review
STU000734,CS,Computer Science,School of Engineering and Digital Sciences,4,Active,78.0,10,147,3878.0,-8.737864077669903,74.0,66.46,9.900000000000006,18,0.0,14,8,0,40.0,Moderate,Attendance; Assignment submission; Assessment performance,Review
STU000735,BIO,Biological Sciences,School of Sciences and Humanities,1,Active,90.0,10,140,3528.0,-28.23813354786806,57.49999999999999,82.29166666666667,1.7500000000000142,0,5.0,20,0,0,25.0,Low,LMS engagement; Assignment submission,Routine monitoring
STU000736,PSIR,Political Science and International Relations,School of Sciences and Humanities,3,Active,96.0,10,228,6508.0,4.500775995861355,80.0,71.40666666666667,-0.8499999999999943,0,0.0,7,8,3,18.0,Low,Assignment submission; Assessment performance; Performance decline,Routine monitoring
STU000737,ME,Mechanical Engineering,School of Engineering and Digital Sciences,1,Active,77.5,10,146,3509.0,-4.04475043029259,80.0,60.10833333333333,1.0,18,0.0,7,17,0,42.0,Moderate,Attendance; Assignment submission; Assessment performance,Review
STU000738,PHYS,Physics,School of Sciences and Humanities,4,Active,86.0,10,158,4469.0,7.047768206734534,70.0,65.64666666666668,-0.75,10,0.0,14,8,3,35.0,Moderate,Attendance; Assignment submission; Assessment performance; Performance decline,Review
STU000739,CHEM,Chemistry,School of Sciences and Humanities,4,Active,92.0,10,182,5243.0,2.0240354206198536,72.0,66.26,-4.049999999999997,0,0.0,14,8,3,25.0,Low,Assignment submission; Assessment performance; Performance decline,Routine monitoring
STU000740,CS,Computer Science,School of Engineering and Digital Sciences,4,Active,82.0,10,182,4304.0,0.40355125100888267,76.0,66.36666666666666,-1.9499999999999886,10,0.0,7,8,3,28.0,Low,Attendance; Assignment submission; Assessment performance; Performance decline,Routine monitoring
STU000741,ECON,Economics,Graduate School of Business,4,Active,73.33333333333334,10,140,3636.0,-13.058419243986258,51.66666666666667,61.78333333333333,-3.299999999999997,18,0.0,20,17,3,58.0,Moderate,Attendance; Assignment submission; Assessment performance; Performance decline,Review
STU000742,CE,Civil Engineering,School of Mining and Geosciences,2,Active,77.5,10,113,3285.0,-4.178272980501393,50.0,62.9,8.550000000000011,18,0.0,20,17,0,55.0,Moderate,Attendance; Assignment submission; Assessment performance,Review
STU000743,CS,Computer Science,School of Engineering and Digital Sciences,4,Active,91.66666666666666,10,251,7371.0,-13.99999999999999,81.66666666666667,77.68333333333334,-0.10000000000000853,0,0.0,7,0,3,10.0,Low,Assignment submission; Performance decline,Routine monitoring
STU000744,ECON,Economics,Graduate School of Business,3,Active,81.66666666666667,10,169,4498.0,0.5166051660516563,65.0,55.11666666666667,-13.799999999999997,10,0.0,14,17,10,51.0,Moderate,Attendance; Assignment submission; Assessment performance; Performance decline,Review
STU000745,CHEM,Chemistry,School of Sciences and Humanities,3,Active,90.0,10,242,6439.0,7.947368421052619,76.66666666666667,76.50555555555555,-4.099999999999994,0,0.0,7,0,3,10.0,Low,Assignment submission; Performance decline,Routine monitoring
STU000746,CS,Computer Science,School of Engineering and Digital Sciences,4,Active,97.5,10,185,5108.0,-0.9032258064516057,90.0,77.58333333333333,6.299999999999997,0,0.0,0,0,0,0.0,Low,No material signal,Routine monitoring
STU000747,CHEM,Chemistry,School of Sciences and Humanities,2,Active,72.5,10,90,2575.0,0.9888751545117288,52.5,49.349999999999994,8.899999999999999,18,0.0,20,25,0,63.0,High,Attendance; Assignment submission; Assessment performance,Priority outreach
STU000748,PHYS,Physics,School of Sciences and Humanities,3,Active,57.49999999999999,10,91,2301.0,-10.014306151645211,60.0,54.275,-6.149999999999999,25,0.0,14,25,6,70.0,High,Attendance; Assignment submission; Assessment performance; Performance decline,Priority outreach
STU000749,ECON,Economics,Graduate School of Business,2,Active,92.5,10,138,4327.0,2.8391167192429023,80.0,69.54166666666667,-0.8999999999999915,0,0.0,7,8,3,18.0,Low,Assignment submission; Assessment performance; Performance decline,Routine monitoring
STU000750,EE,Electrical Engineering,School of Engineering and Digital Sciences,4,Active,86.66666666666667,10,240,6140.0,-0.053734551316502614,71.66666666666667,61.083333333333336,-5.899999999999999,10,0.0,14,17,6,47.0,Moderate,Attendance; Assignment submission; Assessment performance; Performance decline,Review
STU000751,CHEM,Chemistry,School of Sciences and Humanities,2,Active,87.5,10,163,4704.0,20.746887966804977,80.0,79.18333333333334,-3.0,10,0.0,7,0,3,20.0,Low,Attendance; Assignment submission; Performance decline,Routine monitoring
STU000752,CE,Civil Engineering,School of Mining and Geosciences,3,Active,88.0,10,195,5939.0,-6.324324324324325,76.0,73.22666666666667,16.75,10,0.0,7,8,0,25.0,Low,Attendance; Assignment submission; Assessment performance,Routine monitoring
STU000753,CHEM,Chemistry,School of Sciences and Humanities,3,Active,82.5,10,98,2487.0,-23.236009732360095,55.00000000000001,66.56666666666666,-1.1499999999999915,10,5.0,20,8,3,46.0,Moderate,Attendance; LMS engagement; Assignment submission; Assessment performance; Performance decline,Review
STU000754,CE,Civil Engineering,School of Mining and Geosciences,4,Active,83.33333333333334,10,221,6208.0,-8.813041263372401,80.0,66.19444444444444,-11.399999999999999,10,0.0,7,8,10,35.0,Moderate,Attendance; Assignment submission; Assessment performance; Performance decline,Review
STU000755,AI,Artificial Intelligence,School of Engineering and Digital Sciences,2,Active,72.0,10,136,3170.0,-12.942271880819362,52.0,59.35333333333333,8.399999999999991,18,0.0,20,17,0,55.0,Moderate,Attendance; Assignment submission; Assessment performance,Review
STU000756,AI,Artificial Intelligence,School of Engineering and Digital Sciences,3,Active,86.0,10,171,4882.0,8.657373440939113,66.0,66.86,-14.700000000000003,10,0.0,14,8,10,42.0,Moderate,Attendance; Assignment submission; Assessment performance; Performance decline,Review
STU000757,PSIR,Political Science and International Relations,School of Sciences and Humanities,1,Active,92.0,10,197,5884.0,-2.2260273972602738,82.0,66.28666666666666,-7.149999999999999,0,0.0,7,8,6,21.0,Low,Assignment submission; Assessment performance; Performance decline,Routine monitoring
STU000758,CHEM,Chemistry,School of Sciences and Humanities,2,Active,81.66666666666667,10,201,6138.0,-2.0777836973894512,78.33333333333333,76.4,10.149999999999991,10,0.0,7,0,0,17.0,Low,Attendance; Assignment submission,Routine monitoring
STU000759,PHYS,Physics,School of Sciences and Humanities,2,Active,85.0,10,138,3877.0,-23.579109062980027,77.5,74.47500000000001,-19.25,10,5.0,7,8,10,40.0,Moderate,Attendance; LMS engagement; Assignment submission; Assessment performance; Performance decline,Review
STU000760,CS,Computer Science,School of Engineering and Digital Sciences,4,Active,60.0,10,71,2022.0,-12.53561253561254,52.5,65.14166666666667,-5.650000000000006,25,0.0,20,8,6,59.0,Moderate,Attendance; Assignment submission; Assessment performance; Performance decline,Review
STU000761,CS,Computer Science,School of Engineering and Digital Sciences,1,Active,76.0,10,170,4844.0,-11.597938144329907,70.0,77.99333333333334,-11.049999999999997,18,0.0,14,0,10,42.0,Moderate,Attendance; Assignment submission; Performance decline,Review
STU000762,AI,Artificial Intelligence,School of Engineering and Digital Sciences,3,Active,83.33333333333334,10,195,4585.0,5.758017492711379,68.33333333333333,61.949999999999996,-10.100000000000001,10,0.0,14,17,10,51.0,Moderate,Attendance; Assignment submission; Assessment performance; Performance decline,Review
STU000763,ECON,Economics,Graduate School of Business,4,Active,92.0,10,196,5197.0,-2.692055154300726,82.0,56.733333333333334,1.2000000000000028,0,0.0,7,17,0,24.0,Low,Assignment submission; Assessment performance,Routine monitoring
STU000764,CE,Civil Engineering,School of Mining and Geosciences,2,Active,70.0,10,153,3897.0,-4.048234280792426,72.5,68.56666666666666,-3.1500000000000057,18,0.0,14,8,3,43.0,Moderate,Attendance; Assignment submission; Assessment performance; Performance decline,Review
STU000765,FIN,Finance,Graduate School of Business,2,Active,92.5,10,154,4086.0,12.500000000000005,60.0,66.71666666666667,11.649999999999999,0,0.0,14,8,0,22.0,Low,Assignment submission; Assessment performance,Routine monitoring
STU000766,ME,Mechanical Engineering,School of Engineering and Digital Sciences,3,Active,91.66666666666666,10,234,6367.0,-12.617052735337609,76.66666666666667,72.05000000000001,16.75,0,0.0,7,8,0,15.0,Low,Assignment submission; Assessment performance,Routine monitoring
STU000767,CHEM,Chemistry,School of Sciences and Humanities,2,Active,70.0,10,134,3540.0,12.192622950819679,57.99999999999999,70.53333333333333,13.25,18,0.0,20,8,0,46.0,Moderate,Attendance; Assignment submission; Assessment performance,Review
STU000768,CE,Civil Engineering,School of Mining and Geosciences,1,Active,82.0,10,168,4527.0,-7.6019350380096675,70.0,68.58,-0.3999999999999915,10,0.0,14,8,3,35.0,Moderate,Attendance; Assignment submission; Assessment performance; Performance decline,Review
STU000769,AI,Artificial Intelligence,School of Engineering and Digital Sciences,1,Active,82.5,10,122,3752.0,-11.663947797716153,67.5,66.4,3.9000000000000057,10,0.0,14,8,0,32.0,Moderate,Attendance; Assignment submission; Assessment performance,Review
STU000770,BIO,Biological Sciences,School of Sciences and Humanities,1,Active,74.0,10,146,3237.0,-10.450819672131148,68.0,62.65333333333333,-4.5,18,0.0,14,17,3,52.0,Moderate,Attendance; Assignment submission; Assessment performance; Performance decline,Review
STU000771,ECON,Economics,Graduate School of Business,3,Active,98.33333333333333,10,257,8332.0,-4.976851851851852,90.0,80.06666666666666,26.25,0,0.0,0,0,0,0.0,Low,No material signal,Routine monitoring
STU000772,ME,Mechanical Engineering,School of Engineering and Digital Sciences,1,Active,82.5,10,124,3631.0,14.315139031925844,65.0,70.875,12.049999999999997,10,0.0,14,8,0,32.0,Moderate,Attendance; Assignment submission; Assessment performance,Review
STU000773,FIN,Finance,Graduate School of Business,3,Active,83.33333333333334,10,220,6149.0,5.140961857379768,68.33333333333333,66.37777777777778,-3.0500000000000043,10,0.0,14,8,3,35.0,Moderate,Attendance; Assignment submission; Assessment performance; Performance decline,Review
STU000774,PSIR,Political Science and International Relations,School of Sciences and Humanities,3,Active,78.33333333333333,10,221,5730.0,-8.292682926829269,68.33333333333333,76.10555555555555,2.1500000000000057,18,0.0,14,0,0,32.0,Moderate,Attendance; Assignment submission,Review
STU000775,CS,Computer Science,School of Engineering and Digital Sciences,3,Active,62.5,10,132,3101.0,-11.576846307385235,67.5,61.34166666666667,-16.800000000000004,25,0.0,14,17,10,66.0,High,Attendance; Assignment submission; Assessment performance; Performance decline,Priority outreach
STU000776,FIN,Finance,Graduate School of Business,1,Active,86.0,10,104,3768.0,-6.405693950177936,50.0,69.83999999999999,-15.349999999999994,10,0.0,20,8,10,48.0,Moderate,Attendance; Assignment submission; Assessment performance; Performance decline,Review
STU000777,PSIR,Political Science and International Relations,School of Sciences and Humanities,3,Active,94.0,10,217,6364.0,10.22988505747127,90.0,70.42666666666668,6.099999999999994,0,0.0,0,8,0,8.0,Low,Assessment performance,Routine monitoring
STU000778,SOCI,Sociology,School of Sciences and Humanities,2,Active,81.66666666666667,10,203,5485.0,-3.0902348578492105,71.66666666666667,63.955555555555556,4.750000000000014,10,0.0,14,17,0,41.0,Moderate,Attendance; Assignment submission; Assessment performance,Review
STU000779,CS,Computer Science,School of Engineering and Digital Sciences,3,Active,88.33333333333333,10,248,6780.0,7.18685831622176,75.0,71.15555555555555,-21.05000000000001,10,0.0,7,8,10,35.0,Moderate,Attendance; Assignment submission; Assessment performance; Performance decline,Review
STU000780,EE,Electrical Engineering,School of Engineering and Digital Sciences,4,Active,76.0,10,146,3837.0,-5.897658282740667,76.0,65.82,-5.75,18,0.0,7,8,6,39.0,Moderate,Attendance; Assignment submission; Assessment performance; Performance decline,Review
STU000781,CHEM,Chemistry,School of Sciences and Humanities,4,Active,82.5,10,96,2859.0,-24.920127795527154,52.5,67.18333333333334,-10.299999999999983,10,5.0,20,8,10,53.0,Moderate,Attendance; LMS engagement; Assignment submission; Assessment performance; Performance decline,Review
STU000782,FIN,Finance,Graduate School of Business,1,Active,72.5,10,111,3092.0,10.56338028169014,62.5,74.94166666666666,-15.449999999999989,18,0.0,14,8,10,50.0,Moderate,Attendance; Assignment submission; Assessment performance; Performance decline,Review
STU000783,AI,Artificial Intelligence,School of Engineering and Digital Sciences,3,Active,95.0,10,183,5069.0,-9.720457433290969,80.0,78.48333333333333,-17.10000000000001,0,0.0,7,0,10,17.0,Low,Assignment submission; Performance decline,Routine monitoring
STU000784,ECON,Economics,Graduate School of Business,2,Active,95.0,10,143,4499.0,-5.642857142857151,87.5,61.98333333333334,2.4499999999999957,0,0.0,7,17,0,24.0,Low,Assignment submission; Assessment performance,Routine monitoring
STU000785,BIO,Biological Sciences,School of Sciences and Humanities,1,Active,83.33333333333334,10,239,6296.0,3.6500268384326295,78.33333333333333,64.87222222222222,-5.150000000000006,10,0.0,7,17,6,40.0,Moderate,Attendance; Assignment submission; Assessment performance; Performance decline,Review
STU000786,BIO,Biological Sciences,School of Sciences and Humanities,4,Active,78.0,10,108,2760.0,-29.03553299492385,52.0,66.85333333333332,-1.8999999999999915,18,5.0,20,8,3,54.0,Moderate,Attendance; LMS engagement; Assignment submission; Assessment performance; Performance decline,Review
STU000787,ME,Mechanical Engineering,School of Engineering and Digital Sciences,2,Active,90.0,10,173,4728.0,-5.195681511470989,92.5,76.83333333333333,-15.599999999999994,0,0.0,0,0,10,10.0,Low,Performance decline,Routine monitoring
STU000788,BIO,Biological Sciences,School of Sciences and Humanities,4,Active,82.0,10,215,5424.0,-6.087936865839909,86.0,68.56666666666666,0.6500000000000057,10,0.0,7,8,0,25.0,Low,Attendance; Assignment submission; Assessment performance,Routine monitoring
STU000789,ME,Mechanical Engineering,School of Engineering and Digital Sciences,1,Active,92.0,10,165,4646.0,-4.941860465116283,64.0,77.08666666666666,-5.650000000000006,0,0.0,14,0,6,20.0,Low,Assignment submission; Performance decline,Routine monitoring
STU000790,CE,Civil Engineering,School of Mining and Geosciences,2,Active,88.0,10,178,4471.0,9.803921568627446,70.0,67.83333333333333,-2.6500000000000057,10,0.0,14,8,3,35.0,Moderate,Attendance; Assignment submission; Assessment performance; Performance decline,Review
STU000791,CHEM,Chemistry,School of Sciences and Humanities,2,Active,80.0,10,199,5555.0,-11.252068394925537,71.66666666666667,55.56666666666666,-9.700000000000003,10,0.0,14,17,6,47.0,Moderate,Attendance; Assignment submission; Assessment performance; Performance decline,Review
STU000792,PSIR,Political Science and International Relations,School of Sciences and Humanities,3,Active,77.5,10,116,3361.0,-24.410774410774415,62.5,68.325,-4.0,18,5.0,14,8,3,48.0,Moderate,Attendance; LMS engagement; Assignment submission; Assessment performance; Performance decline,Review
STU000793,SOCI,Sociology,School of Sciences and Humanities,3,Active,94.0,10,174,5282.0,16.96238466997871,72.0,65.0,0.09999999999999432,0,0.0,14,8,0,22.0,Low,Assignment submission; Assessment performance,Routine monitoring
STU000794,PSIR,Political Science and International Relations,School of Sciences and Humanities,3,Active,78.0,10,153,4245.0,-1.1971268954509178,64.0,74.50666666666666,2.049999999999997,18,0.0,14,8,0,40.0,Moderate,Attendance; Assignment submission; Assessment performance,Review
STU000795,ME,Mechanical Engineering,School of Engineering and Digital Sciences,3,Active,92.5,10,139,4348.0,5.3787878787878824,70.0,77.20833333333333,15.799999999999997,0,0.0,14,0,0,14.0,Low,Assignment submission,Routine monitoring
STU000796,PHYS,Physics,School of Sciences and Humanities,4,Active,95.0,10,183,4840.0,-6.4020486555697795,90.0,67.11666666666666,-0.25,0,0.0,0,8,3,11.0,Low,Assessment performance; Performance decline,Routine monitoring
STU000797,CE,Civil Engineering,School of Mining and Geosciences,2,Active,72.0,10,63,1744.0,-33.053691275167786,46.0,48.26,-15.0,18,9.0,20,25,10,82.0,Critical,Attendance; LMS engagement; Assignment submission; Assessment performance; Performance decline,Urgent review
STU000798,AI,Artificial Intelligence,School of Engineering and Digital Sciences,2,Active,76.0,10,152,4120.0,17.067108533554272,57.99999999999999,66.48666666666666,10.550000000000004,18,0.0,20,8,0,46.0,Moderate,Attendance; Assignment submission; Assessment performance,Review
STU000799,ME,Mechanical Engineering,School of Engineering and Digital Sciences,4,Active,93.33333333333333,10,243,6979.0,4.821600771456112,86.66666666666667,83.93333333333334,-19.94999999999999,0,0.0,7,0,10,17.0,Low,Assignment submission; Performance decline,Routine monitoring
STU000800,ME,Mechanical Engineering,School of Engineering and Digital Sciences,2,Active,91.66666666666666,10,253,6449.0,4.9622437971952476,73.33333333333333,72.11111111111111,-7.199999999999989,0,0.0,14,8,6,28.0,Low,Assignment submission; Assessment performance; Performance decline,Routine monitoring
STU000801,SOCI,Sociology,School of Sciences and Humanities,1,Active,78.0,10,126,3721.0,-15.553745928338753,64.0,68.10666666666667,-18.650000000000006,18,5.0,14,8,10,55.0,Moderate,Attendance; LMS engagement; Assignment submission; Assessment performance; Performance decline,Review
STU000802,PSIR,Political Science and International Relations,School of Sciences and Humanities,2,Active,80.0,10,195,4794.0,-11.360544217687078,63.33333333333333,64.23333333333333,-16.049999999999997,10,0.0,14,17,10,51.0,Moderate,Attendance; Assignment submission; Assessment performance; Performance decline,Review
STU000803,ECON,Economics,Graduate School of Business,1,Active,82.0,10,201,4933.0,-15.129151291512915,72.0,82.63333333333334,0.20000000000001705,10,5.0,14,0,0,29.0,Low,Attendance; LMS engagement; Assignment submission,Routine monitoring
STU000804,ECON,Economics,Graduate School of Business,4,Active,86.0,10,194,5299.0,-12.413394919168594,70.0,69.43333333333334,-9.549999999999997,10,0.0,14,8,6,38.0,Moderate,Attendance; Assignment submission; Assessment performance; Performance decline,Review
STU000805,CS,Computer Science,School of Engineering and Digital Sciences,2,Active,90.0,10,130,3578.0,-11.346316680779005,65.0,67.48333333333333,2.999999999999993,0,0.0,14,8,0,22.0,Low,Assignment submission; Assessment performance,Routine monitoring
STU000806,CHEM,Chemistry,School of Sciences and Humanities,4,Active,80.0,10,150,5066.0,-16.466552315608922,86.0,66.53333333333333,-9.0,10,5.0,7,8,6,36.0,Moderate,Attendance; LMS engagement; Assignment submission; Assessment performance; Performance decline,Review
STU000807,PHYS,Physics,School of Sciences and Humanities,2,Active,76.66666666666666,10,221,5940.0,-11.87335092348285,78.33333333333333,74.56666666666666,-5.450000000000017,18,0.0,7,8,6,39.0,Moderate,Attendance; Assignment submission; Assessment performance; Performance decline,Review
STU000808,ECON,Economics,Graduate School of Business,1,Active,76.66666666666666,10,132,4419.0,-28.58934169278996,58.333333333333336,65.25555555555555,-12.149999999999999,18,5.0,20,8,10,61.0,High,Attendance; LMS engagement; Assignment submission; Assessment performance; Performance decline,Priority outreach
STU000809,BIO,Biological Sciences,School of Sciences and Humanities,3,Active,85.0,10,123,3326.0,-6.460674157303371,57.49999999999999,64.39999999999999,-14.399999999999991,10,0.0,20,17,10,57.0,Moderate,Attendance; Assignment submission; Assessment performance; Performance decline,Review
STU000810,PHYS,Physics,School of Sciences and Humanities,1,Active,80.0,10,186,5426.0,4.233128834355828,80.0,77.36,9.100000000000009,10,0.0,7,0,0,17.0,Low,Attendance; Assignment submission,Routine monitoring
STU000811,PSIR,Political Science and International Relations,School of Sciences and Humanities,4,Active,87.5,10,149,4225.0,-4.413892908827794,75.0,67.69166666666666,-0.9000000000000057,10,0.0,7,8,3,28.0,Low,Attendance; Assignment submission; Assessment performance; Performance decline,Routine monitoring
STU000812,CS,Computer Science,School of Engineering and Digital Sciences,1,Active,91.66666666666666,10,255,6995.0,-4.095720202485054,86.66666666666667,72.59444444444445,7.900000000000006,0,0.0,7,8,0,15.0,Low,Assignment submission; Assessment performance,Routine monitoring
STU000813,CHEM,Chemistry,School of Sciences and Humanities,4,Active,86.66666666666667,10,231,6389.0,-15.494252873563225,83.33333333333334,71.22777777777777,10.149999999999991,10,5.0,7,8,0,30.0,Moderate,Attendance; LMS engagement; Assignment submission; Assessment performance,Review
STU000814,AI,Artificial Intelligence,School of Engineering and Digital Sciences,3,Active,85.0,10,130,3530.0,-25.491873396065024,65.0,64.825,-6.750000000000014,10,5.0,14,17,6,52.0,Moderate,Attendance; LMS engagement; Assignment submission; Assessment performance; Performance decline,Review
STU000815,CE,Civil Engineering,School of Mining and Geosciences,1,Active,82.5,10,152,4300.0,0.4528301886792453,82.5,84.075,-8.950000000000003,10,0.0,7,0,6,23.0,Low,Attendance; Assignment submission; Performance decline,Routine monitoring
STU000816,BIO,Biological Sciences,School of Sciences and Humanities,2,Active,84.0,10,186,5581.0,6.297709923664121,86.0,69.50666666666666,-13.900000000000006,10,0.0,7,8,10,35.0,Moderate,Attendance; Assignment submission; Assessment performance; Performance decline,Review
STU000817,BIO,Biological Sciences,School of Sciences and Humanities,1,Active,75.0,10,157,3833.0,-20.982839313572534,63.33333333333333,66.72777777777777,5.800000000000011,18,5.0,14,8,0,45.0,Moderate,Attendance; LMS engagement; Assignment submission; Assessment performance,Review
STU000818,PSIR,Political Science and International Relations,School of Sciences and Humanities,4,Active,76.66666666666666,10,156,4350.0,-33.62720403022671,65.0,66.18333333333334,-7.900000000000006,18,9.0,14,8,6,55.0,Moderate,Attendance; LMS engagement; Assignment submission; Assessment performance; Performance decline,Review
STU000819,CE,Civil Engineering,School of Mining and Geosciences,2,Active,68.0,10,127,3596.0,-17.17523975588491,64.0,67.68,-5.849999999999994,25,5.0,14,8,6,58.0,Moderate,Attendance; LMS engagement; Assignment submission; Assessment performance; Performance decline,Review
STU000820,ECON,Economics,Graduate School of Business,4,Active,76.0,10,126,2745.0,5.099502487562196,54.0,45.22666666666667,-16.9,18,0.0,20,25,10,73.0,High,Attendance; Assignment submission; Assessment performance; Performance decline,Priority outreach
STU000821,PHYS,Physics,School of Sciences and Humanities,4,Active,90.0,10,161,5372.0,-2.7010804321728688,90.0,82.31666666666666,1.2000000000000028,0,0.0,0,0,0,0.0,Low,No material signal,Routine monitoring
STU000822,BIO,Biological Sciences,School of Sciences and Humanities,2,Active,82.0,10,174,4985.0,1.8312622629169353,74.0,66.0,16.200000000000003,10,0.0,14,8,0,32.0,Moderate,Attendance; Assignment submission; Assessment performance,Review
STU000823,CE,Civil Engineering,School of Mining and Geosciences,1,Active,92.5,10,166,4599.0,-0.8339124391938846,82.5,75.0,-3.799999999999997,0,0.0,7,0,3,10.0,Low,Assignment submission; Performance decline,Routine monitoring
STU000824,CS,Computer Science,School of Engineering and Digital Sciences,3,Active,70.0,10,97,2550.0,-16.914285714285718,67.5,55.25833333333333,4.049999999999997,18,5.0,14,17,0,54.0,Moderate,Attendance; LMS engagement; Assignment submission; Assessment performance,Review
STU000825,CS,Computer Science,School of Engineering and Digital Sciences,2,Active,72.0,10,109,2822.0,-27.50263435194941,50.0,52.440000000000005,24.300000000000004,18,5.0,20,25,0,68.0,High,Attendance; LMS engagement; Assignment submission; Assessment performance,Priority outreach
STU000826,CE,Civil Engineering,School of Mining and Geosciences,4,Active,80.0,10,161,4701.0,-6.60042583392477,65.0,66.38888888888889,-0.30000000000000426,10,0.0,14,8,3,35.0,Moderate,Attendance; Assignment submission; Assessment performance; Performance decline,Review
STU000827,SOCI,Sociology,School of Sciences and Humanities,3,Active,70.0,10,157,4718.0,-15.581977471839789,65.0,67.38888888888889,-7.249999999999986,18,5.0,14,8,6,51.0,Moderate,Attendance; LMS engagement; Assignment submission; Assessment performance; Performance decline,Review
STU000828,CHEM,Chemistry,School of Sciences and Humanities,4,Active,82.5,10,145,4179.0,7.867820613690004,72.5,60.949999999999996,12.600000000000009,10,0.0,14,17,0,41.0,Moderate,Attendance; Assignment submission; Assessment performance,Review
STU000829,ECON,Economics,Graduate School of Business,4,Active,82.5,10,190,4519.0,-9.894736842105264,82.5,67.38333333333334,1.3999999999999915,10,0.0,7,8,0,25.0,Low,Attendance; Assignment submission; Assessment performance,Routine monitoring
STU000830,FIN,Finance,Graduate School of Business,4,Active,100.0,10,212,5686.0,-3.677663601947011,86.0,70.01333333333334,-10.449999999999996,0,0.0,7,8,10,25.0,Low,Assignment submission; Assessment performance; Performance decline,Routine monitoring
STU000831,PHYS,Physics,School of Sciences and Humanities,1,Active,65.0,10,105,3196.0,-16.76245210727969,60.0,65.69166666666666,-5.049999999999997,25,5.0,14,8,6,58.0,Moderate,Attendance; LMS engagement; Assignment submission; Assessment performance; Performance decline,Review
STU000832,CS,Computer Science,School of Engineering and Digital Sciences,4,Active,82.5,10,144,3954.0,-12.844759653270287,70.0,67.18333333333332,16.94999999999999,10,0.0,14,8,0,32.0,Moderate,Attendance; Assignment submission; Assessment performance,Review
STU000833,PSIR,Political Science and International Relations,School of Sciences and Humanities,4,Active,90.0,10,119,3371.0,20.965971459934124,67.5,65.04166666666667,-15.100000000000001,0,0.0,14,8,10,32.0,Moderate,Assignment submission; Assessment performance; Performance decline,Review
STU000834,PSIR,Political Science and International Relations,School of Sciences and Humanities,1,Active,80.0,10,143,3851.0,16.900093370681603,75.0,79.00833333333334,-1.6000000000000085,10,0.0,7,0,3,20.0,Low,Attendance; Assignment submission; Performance decline,Routine monitoring
STU000835,FIN,Finance,Graduate School of Business,1,Active,80.0,10,146,4240.0,-3.5955056179775284,65.0,73.45,-6.049999999999983,10,0.0,14,8,6,38.0,Moderate,Attendance; Assignment submission; Assessment performance; Performance decline,Review
STU000836,AI,Artificial Intelligence,School of Engineering and Digital Sciences,2,Active,82.5,10,121,3017.0,0.8879023307436247,70.0,59.30833333333333,-2.3500000000000014,10,0.0,14,17,3,44.0,Moderate,Attendance; Assignment submission; Assessment performance; Performance decline,Review
STU000837,FIN,Finance,Graduate School of Business,4,Active,80.0,10,131,4402.0,-5.5595667870036145,72.0,64.00666666666667,-15.399999999999999,10,0.0,14,17,10,51.0,Moderate,Attendance; Assignment submission; Assessment performance; Performance decline,Review
STU000838,CHEM,Chemistry,School of Sciences and Humanities,1,Active,66.66666666666667,10,117,3863.0,3.8687973086627516,45.0,68.86111111111111,10.25,25,0.0,20,8,0,53.0,Moderate,Attendance; Assignment submission; Assessment performance,Review
STU000839,CE,Civil Engineering,School of Mining and Geosciences,4,Active,95.0,10,133,4228.0,3.9484286865431053,87.5,68.2,6.800000000000011,0,0.0,7,8,0,15.0,Low,Assignment submission; Assessment performance,Routine monitoring
STU000840,CE,Civil Engineering,School of Mining and Geosciences,3,Active,77.5,10,124,3386.0,-3.9886039886039883,50.0,64.11666666666666,-6.449999999999996,18,0.0,20,17,6,61.0,High,Attendance; Assignment submission; Assessment performance; Performance decline,Priority outreach
STU000841,EE,Electrical Engineering,School of Engineering and Digital Sciences,3,Active,82.0,10,235,5930.0,-4.644808743169405,86.0,74.17333333333333,14.25,10,0.0,7,8,0,25.0,Low,Attendance; Assignment submission; Assessment performance,Routine monitoring
STU000842,ECON,Economics,Graduate School of Business,2,Active,90.0,10,284,7831.0,2.413339183852572,88.33333333333333,72.17777777777778,-9.450000000000003,0,0.0,7,8,6,21.0,Low,Assignment submission; Assessment performance; Performance decline,Routine monitoring
STU000843,SOCI,Sociology,School of Sciences and Humanities,4,Active,75.0,10,137,3709.0,12.313432835820896,80.0,69.36666666666666,-6.700000000000017,18,0.0,7,8,6,39.0,Moderate,Attendance; Assignment submission; Assessment performance; Performance decline,Review
STU000844,EE,Electrical Engineering,School of Engineering and Digital Sciences,2,Active,84.0,10,195,4900.0,-21.933085501858738,74.0,78.27333333333333,-9.000000000000014,10,5.0,14,0,6,35.0,Moderate,Attendance; LMS engagement; Assignment submission; Performance decline,Review
STU000845,ME,Mechanical Engineering,School of Engineering and Digital Sciences,4,Active,85.0,10,123,4050.0,-0.8077544426494437,75.0,65.74166666666666,-1.6500000000000057,10,0.0,7,8,3,28.0,Low,Attendance; Assignment submission; Assessment performance; Performance decline,Routine monitoring
STU000846,SOCI,Sociology,School of Sciences and Humanities,2,Active,77.5,10,108,3155.0,21.694480102695753,57.49999999999999,64.47500000000001,4.350000000000001,18,0.0,20,17,0,55.0,Moderate,Attendance; Assignment submission; Assessment performance,Review
STU000847,CHEM,Chemistry,School of Sciences and Humanities,1,Active,95.0,10,181,5571.0,-2.1339656194427974,95.0,80.40833333333333,8.450000000000017,0,0.0,0,0,0,0.0,Low,No material signal,Routine monitoring
STU000848,PHYS,Physics,School of Sciences and Humanities,1,Active,85.0,10,124,4096.0,1.382113821138216,70.0,70.61666666666666,-15.150000000000006,10,0.0,14,8,10,42.0,Moderate,Attendance; Assignment submission; Assessment performance; Performance decline,Review
STU000849,BIO,Biological Sciences,School of Sciences and Humanities,3,Active,92.5,10,175,3726.0,14.384236453201977,65.0,73.64999999999999,-3.0500000000000114,0,0.0,14,8,3,25.0,Low,Assignment submission; Assessment performance; Performance decline,Routine monitoring
STU000850,ME,Mechanical Engineering,School of Engineering and Digital Sciences,1,Active,65.0,10,84,2449.0,12.052980132450335,62.5,65.75,-6.299999999999997,25,0.0,14,8,6,53.0,Moderate,Attendance; Assignment submission; Assessment performance; Performance decline,Review
STU000851,SOCI,Sociology,School of Sciences and Humanities,2,Active,80.0,10,156,4072.0,16.666666666666664,82.5,64.16666666666667,-10.949999999999989,10,0.0,7,17,10,44.0,Moderate,Attendance; Assignment submission; Assessment performance; Performance decline,Review
STU000852,ME,Mechanical Engineering,School of Engineering and Digital Sciences,3,Active,72.5,10,145,4177.0,15.43264942016056,67.5,74.43333333333334,-2.0,18,0.0,14,8,3,43.0,Moderate,Attendance; Assignment submission; Assessment performance; Performance decline,Review
STU000853,ME,Mechanical Engineering,School of Engineering and Digital Sciences,1,Active,82.5,10,153,3925.0,5.714285714285724,70.0,79.10833333333333,-17.799999999999997,10,0.0,14,0,10,34.0,Moderate,Attendance; Assignment submission; Performance decline,Review
STU000854,SOCI,Sociology,School of Sciences and Humanities,4,Active,82.5,10,88,2692.0,-5.748502994011977,47.5,55.48333333333333,10.149999999999999,10,0.0,20,17,0,47.0,Moderate,Attendance; Assignment submission; Assessment performance,Review
STU000855,ECON,Economics,Graduate School of Business,1,Active,65.0,10,90,3011.0,-1.0309278350515407,67.5,65.80833333333334,2.799999999999997,25,0.0,14,8,0,47.0,Moderate,Attendance; Assignment submission; Assessment performance,Review
STU000856,EE,Electrical Engineering,School of Engineering and Digital Sciences,3,Active,96.66666666666667,10,263,7465.0,15.86174242424242,95.0,80.35555555555555,6.250000000000014,0,0.0,0,0,0,0.0,Low,No material signal,Routine monitoring
STU000857,PHYS,Physics,School of Sciences and Humanities,4,Active,78.0,10,129,3434.0,-22.64462809917355,42.0,56.27333333333333,-16.05000000000001,18,5.0,20,17,10,70.0,High,Attendance; LMS engagement; Assignment submission; Assessment performance; Performance decline,Priority outreach
STU000858,ME,Mechanical Engineering,School of Engineering and Digital Sciences,4,Active,87.5,10,160,4254.0,2.365930599369085,75.0,82.24166666666666,17.299999999999997,10,0.0,7,0,0,17.0,Low,Attendance; Assignment submission,Routine monitoring
STU000859,ECON,Economics,Graduate School of Business,4,Active,80.0,10,119,3512.0,4.206500956022934,57.99999999999999,63.980000000000004,2.75,10,0.0,20,17,0,47.0,Moderate,Attendance; Assignment submission; Assessment performance,Review
STU000860,ME,Mechanical Engineering,School of Engineering and Digital Sciences,3,Active,68.0,10,118,3135.0,12.715517241379324,50.0,65.33333333333333,-23.64999999999999,25,0.0,20,8,10,63.0,High,Attendance; Assignment submission; Assessment performance; Performance decline,Priority outreach
STU000861,PSIR,Political Science and International Relations,School of Sciences and Humanities,1,Active,60.0,10,72,1842.0,20.93933463796477,40.0,54.958333333333336,-23.299999999999997,25,0.0,20,25,10,80.0,Critical,Attendance; Assignment submission; Assessment performance; Performance decline,Urgent review
STU000862,ECON,Economics,Graduate School of Business,1,Active,90.0,10,142,4206.0,-10.155670867309121,82.5,69.60000000000001,-1.0,0,0.0,7,8,3,18.0,Low,Assignment submission; Assessment performance; Performance decline,Routine monitoring
STU000863,PHYS,Physics,School of Sciences and Humanities,4,Active,91.66666666666666,10,243,6313.0,-10.261470152935361,75.0,74.58333333333333,13.250000000000014,0,0.0,7,8,0,15.0,Low,Assignment submission; Assessment performance,Routine monitoring
STU000864,ME,Mechanical Engineering,School of Engineering and Digital Sciences,4,Active,86.0,10,183,4921.0,-7.9081632653061185,76.0,66.70666666666666,2.1000000000000014,10,0.0,7,8,0,25.0,Low,Attendance; Assignment submission; Assessment performance,Routine monitoring
STU000865,PHYS,Physics,School of Sciences and Humanities,3,Active,82.0,10,146,3958.0,3.1331592689295036,72.0,62.14666666666667,-9.899999999999991,10,0.0,14,17,6,47.0,Moderate,Attendance; Assignment submission; Assessment performance; Performance decline,Review
STU000866,ECON,Economics,Graduate School of Business,4,Active,100.0,10,186,5366.0,0.0,97.5,81.77499999999999,13.649999999999991,0,0.0,0,0,0,0.0,Low,No material signal,Routine monitoring
STU000867,ME,Mechanical Engineering,School of Engineering and Digital Sciences,4,Active,78.0,10,173,5134.0,-2.606484424666246,82.0,80.72666666666667,7.549999999999997,18,0.0,7,0,0,25.0,Low,Attendance; Assignment submission,Routine monitoring
STU000868,SOCI,Sociology,School of Sciences and Humanities,1,Active,76.66666666666666,10,154,4401.0,-0.15232292460015665,61.66666666666667,70.56666666666666,-4.650000000000006,18,0.0,14,8,3,43.0,Moderate,Attendance; Assignment submission; Assessment performance; Performance decline,Review
STU000869,FIN,Finance,Graduate School of Business,1,Active,88.33333333333333,10,245,6509.0,3.4161490683229814,90.0,72.9388888888889,10.950000000000003,10,0.0,0,8,0,18.0,Low,Attendance; Assessment performance,Routine monitoring
STU000870,ME,Mechanical Engineering,School of Engineering and Digital Sciences,1,Active,98.0,10,250,6428.0,-7.091836734693883,94.0,76.68666666666667,-2.5,0,0.0,0,0,3,3.0,Low,Performance decline,Routine monitoring
STU000871,FIN,Finance,Graduate School of Business,3,Active,85.0,10,231,5835.0,-21.50480256136606,76.66666666666667,75.87222222222222,2.0999999999999943,10,5.0,7,0,0,22.0,Low,Attendance; LMS engagement; Assignment submission,Routine monitoring
STU000872,BIO,Biological Sciences,School of Sciences and Humanities,3,Active,88.33333333333333,10,241,6888.0,-1.9333011116481285,71.66666666666667,71.88888888888889,2.5999999999999943,10,0.0,14,8,0,32.0,Moderate,Attendance; Assignment submission; Assessment performance,Review
STU000873,AI,Artificial Intelligence,School of Engineering and Digital Sciences,1,Active,74.0,10,108,2837.0,1.3888888888888962,44.0,57.45333333333333,-9.849999999999994,18,0.0,20,17,6,61.0,High,Attendance; Assignment submission; Assessment performance; Performance decline,Priority outreach
STU000874,PHYS,Physics,School of Sciences and Humanities,1,Active,85.0,10,189,5070.0,2.4234693877551168,71.66666666666667,64.39444444444445,-11.800000000000004,10,0.0,14,17,10,51.0,Moderate,Attendance; Assignment submission; Assessment performance; Performance decline,Review
STU000875,ECON,Economics,Graduate School of Business,1,Active,80.0,10,148,4323.0,-1.6141429669485012,72.5,78.49166666666666,9.900000000000006,10,0.0,14,0,0,24.0,Low,Attendance; Assignment submission,Routine monitoring
STU000876,CHEM,Chemistry,School of Sciences and Humanities,1,Active,93.33333333333333,10,255,7194.0,6.946454413892909,81.66666666666667,78.98888888888888,-3.5999999999999943,0,0.0,7,0,3,10.0,Low,Assignment submission; Performance decline,Routine monitoring
STU000877,SOCI,Sociology,School of Sciences and Humanities,1,Active,76.66666666666666,10,186,5037.0,-14.033018867924534,61.66666666666667,61.705555555555556,-23.5,18,0.0,14,17,10,59.0,Moderate,Attendance; Assignment submission; Assessment performance; Performance decline,Review
STU000878,CHEM,Chemistry,School of Sciences and Humanities,3,Active,80.0,10,93,2463.0,-10.754017305315214,60.0,65.49166666666666,2.450000000000003,10,0.0,14,8,0,32.0,Moderate,Attendance; Assignment submission; Assessment performance,Review
STU000879,FIN,Finance,Graduate School of Business,1,Active,90.0,10,173,5002.0,1.7820424948594968,53.333333333333336,63.69444444444444,-0.8999999999999915,0,0.0,20,17,3,40.0,Moderate,Assignment submission; Assessment performance; Performance decline,Review
STU000880,FIN,Finance,Graduate School of Business,3,Active,72.0,10,127,3472.0,1.9102196752626606,48.0,62.20666666666667,-0.29999999999999716,18,0.0,20,17,3,58.0,Moderate,Attendance; Assignment submission; Assessment performance; Performance decline,Review
STU000881,FIN,Finance,Graduate School of Business,4,Active,82.5,10,149,4114.0,9.974640743871523,75.0,68.2,4.300000000000011,10,0.0,7,8,0,25.0,Low,Attendance; Assignment submission; Assessment performance,Routine monitoring
STU000882,EE,Electrical Engineering,School of Engineering and Digital Sciences,2,Active,78.33333333333333,10,207,6121.0,6.6390041493775795,65.0,73.15555555555555,-3.500000000000014,18,0.0,14,8,3,43.0,Moderate,Attendance; Assignment submission; Assessment performance; Performance decline,Review
STU000883,CHEM,Chemistry,School of Sciences and Humanities,3,Active,71.66666666666667,10,214,5896.0,-10.593455352190787,71.66666666666667,69.76111111111112,-25.39999999999999,18,0.0,14,8,10,50.0,Moderate,Attendance; Assignment submission; Assessment performance; Performance decline,Review
STU000884,PHYS,Physics,School of Sciences and Humanities,3,Active,88.33333333333333,10,282,7846.0,-7.2813612979818005,91.66666666666666,84.91111111111111,-8.649999999999991,10,0.0,0,0,6,16.0,Low,Attendance; Performance decline,Routine monitoring
STU000885,PHYS,Physics,School of Sciences and Humanities,4,Active,85.0,10,118,3603.0,-0.353045013239198,77.5,69.16666666666667,10.850000000000009,10,0.0,7,8,0,25.0,Low,Attendance; Assignment submission; Assessment performance,Routine monitoring
STU000886,AI,Artificial Intelligence,School of Engineering and Digital Sciences,1,Active,82.5,10,108,2880.0,-8.156028368794328,50.0,69.79166666666667,-8.249999999999986,10,0.0,20,8,6,44.0,Moderate,Attendance; Assignment submission; Assessment performance; Performance decline,Review
STU000887,CHEM,Chemistry,School of Sciences and Humanities,3,Active,85.0,10,143,3313.0,3.72398685651699,75.0,75.74166666666666,-4.099999999999994,10,0.0,7,0,3,20.0,Low,Attendance; Assignment submission; Performance decline,Routine monitoring
STU000888,CS,Computer Science,School of Engineering and Digital Sciences,2,Active,80.0,10,176,4436.0,-13.43596920923723,66.66666666666666,69.91111111111111,-14.799999999999997,10,0.0,14,8,10,42.0,Moderate,Attendance; Assignment submission; Assessment performance; Performance decline,Review
STU000889,ECON,Economics,Graduate School of Business,2,Active,97.5,10,165,5015.0,4.405874499332455,90.0,78.94166666666666,-9.349999999999994,0,0.0,0,0,6,6.0,Low,Performance decline,Routine monitoring
STU000890,EE,Electrical Engineering,School of Engineering and Digital Sciences,1,Active,77.5,10,141,3931.0,11.397058823529406,75.0,70.40833333333333,14.799999999999983,18,0.0,7,8,0,33.0,Moderate,Attendance; Assignment submission; Assessment performance,Review
STU000891,CHEM,Chemistry,School of Sciences and Humanities,2,Active,72.0,10,179,4498.0,14.285714285714285,64.0,67.28,9.950000000000003,18,0.0,14,8,0,40.0,Moderate,Attendance; Assignment submission; Assessment performance,Review
STU000892,EE,Electrical Engineering,School of Engineering and Digital Sciences,3,Active,72.5,10,83,2374.0,7.857142857142849,52.5,53.68333333333334,-6.599999999999994,18,0.0,20,25,6,69.0,High,Attendance; Assignment submission; Assessment performance; Performance decline,Priority outreach
STU000893,EE,Electrical Engineering,School of Engineering and Digital Sciences,4,Active,87.5,10,92,2522.0,-4.951856946354883,57.49999999999999,62.916666666666664,4.449999999999996,10,0.0,20,17,0,47.0,Moderate,Attendance; Assignment submission; Assessment performance,Review
STU000894,AI,Artificial Intelligence,School of Engineering and Digital Sciences,3,Active,75.0,10,95,2800.0,-4.783599088838268,52.5,59.949999999999996,-10.350000000000001,18,0.0,20,17,10,65.0,High,Attendance; Assignment submission; Assessment performance; Performance decline,Priority outreach
STU000895,ME,Mechanical Engineering,School of Engineering and Digital Sciences,2,Active,98.33333333333333,10,274,8297.0,6.8259385665528916,91.66666666666666,67.58888888888889,-5.049999999999997,0,0.0,0,8,6,14.0,Low,Assessment performance; Performance decline,Routine monitoring
STU000896,PHYS,Physics,School of Sciences and Humanities,1,Active,95.0,10,179,4986.0,-6.191117092866749,85.0,70.91666666666667,0.15000000000000568,0,0.0,7,8,0,15.0,Low,Assignment submission; Assessment performance,Routine monitoring
STU000897,AI,Artificial Intelligence,School of Engineering and Digital Sciences,3,Active,90.0,10,172,5248.0,-4.556962025316445,76.0,64.48666666666666,-6.850000000000001,0,0.0,7,17,6,30.0,Moderate,Assignment submission; Assessment performance; Performance decline,Review
STU000898,PSIR,Political Science and International Relations,School of Sciences and Humanities,2,Active,75.0,10,64,1674.0,-32.414910858995135,50.0,62.68333333333334,-9.199999999999996,18,9.0,20,17,6,70.0,High,Attendance; LMS engagement; Assignment submission; Assessment performance; Performance decline,Priority outreach
STU000899,PHYS,Physics,School of Sciences and Humanities,3,Active,74.0,10,175,4046.0,0.7698887938408896,60.0,76.96000000000001,-1.4500000000000028,18,0.0,14,0,3,35.0,Moderate,Attendance; Assignment submission; Performance decline,Review
STU000900,CHEM,Chemistry,School of Sciences and Humanities,3,Active,75.0,10,192,5139.0,-7.536764705882352,58.333333333333336,72.51666666666667,6.700000000000003,18,0.0,20,8,0,46.0,Moderate,Attendance; Assignment submission; Assessment performance,Review
STU000901,SOCI,Sociology,School of Sciences and Humanities,3,Active,82.0,10,187,5663.0,12.999999999999984,82.0,71.35333333333332,-17.35000000000001,10,0.0,7,8,10,35.0,Moderate,Attendance; Assignment submission; Assessment performance; Performance decline,Review
STU000902,CHEM,Chemistry,School of Sciences and Humanities,2,Active,82.0,10,161,4098.0,18.651488616462345,74.0,63.2,0.7499999999999929,10,0.0,14,17,0,41.0,Moderate,Attendance; Assignment submission; Assessment performance,Review
STU000903,PSIR,Political Science and International Relations,School of Sciences and Humanities,1,Active,90.0,10,200,5112.0,-0.4644990046449863,92.0,79.98,-21.200000000000003,0,0.0,0,0,10,10.0,Low,Performance decline,Routine monitoring
STU000904,BIO,Biological Sciences,School of Sciences and Humanities,3,Active,75.0,10,140,3453.0,15.824594852240223,70.0,57.60833333333333,6.700000000000003,18,0.0,14,17,0,49.0,Moderate,Attendance; Assignment submission; Assessment performance,Review
STU000905,ME,Mechanical Engineering,School of Engineering and Digital Sciences,1,Active,88.33333333333333,10,235,6084.0,-8.508457201435167,66.66666666666666,72.83888888888889,-6.6499999999999915,10,0.0,14,8,6,38.0,Moderate,Attendance; Assignment submission; Assessment performance; Performance decline,Review
STU000906,ECON,Economics,Graduate School of Business,2,Active,95.0,10,165,4678.0,-0.407055630936228,85.0,80.88333333333334,-1.4500000000000028,0,0.0,7,0,3,10.0,Low,Assignment submission; Performance decline,Routine monitoring
STU000907,BIO,Biological Sciences,School of Sciences and Humanities,4,Active,100.0,10,194,5407.0,3.042071197410996,90.0,83.91666666666667,3.1000000000000085,0,0.0,0,0,0,0.0,Low,No material signal,Routine monitoring
STU000908,ECON,Economics,Graduate School of Business,4,Active,80.0,10,96,3208.0,2.608695652173913,67.5,60.01666666666667,-2.249999999999993,10,0.0,14,17,3,44.0,Moderate,Attendance; Assignment submission; Assessment performance; Performance decline,Review
STU000909,CHEM,Chemistry,School of Sciences and Humanities,4,Active,96.0,10,243,6813.0,3.9019509754877437,84.0,73.40666666666667,-31.200000000000003,0,0.0,7,8,10,25.0,Low,Assignment submission; Assessment performance; Performance decline,Routine monitoring
STU000910,BIO,Biological Sciences,School of Sciences and Humanities,3,Active,88.33333333333333,10,249,7516.0,-1.4236410698878343,90.0,80.17777777777778,-4.650000000000006,10,0.0,0,0,3,13.0,Low,Attendance; Performance decline,Routine monitoring
STU000911,BIO,Biological Sciences,School of Sciences and Humanities,2,Active,88.33333333333333,10,226,6133.0,-12.736572890025577,68.33333333333333,73.25,2.0999999999999943,10,0.0,14,8,0,32.0,Moderate,Attendance; Assignment submission; Assessment performance,Review
STU000912,BIO,Biological Sciences,School of Sciences and Humanities,1,Active,78.0,10,144,4421.0,-16.206395348837216,72.0,66.51333333333334,-19.150000000000006,18,5.0,14,8,10,55.0,Moderate,Attendance; LMS engagement; Assignment submission; Assessment performance; Performance decline,Review
STU000913,CHEM,Chemistry,School of Sciences and Humanities,2,Active,70.0,10,139,3479.0,-30.646515533165413,51.66666666666667,66.48888888888888,-0.25,18,9.0,20,8,3,58.0,Moderate,Attendance; LMS engagement; Assignment submission; Assessment performance; Performance decline,Review
STU000914,CE,Civil Engineering,School of Mining and Geosciences,3,Active,84.0,10,156,4868.0,-7.266666666666663,72.0,71.33333333333333,-15.149999999999991,10,0.0,14,8,10,42.0,Moderate,Attendance; Assignment submission; Assessment performance; Performance decline,Review
STU000915,SOCI,Sociology,School of Sciences and Humanities,2,Active,80.0,10,167,4045.0,-14.432989690721639,62.0,53.6,1.0500000000000043,10,0.0,14,25,0,49.0,Moderate,Attendance; Assignment submission; Assessment performance,Review
STU000916,FIN,Finance,Graduate School of Business,3,Active,85.0,10,146,3991.0,1.4394580863674755,67.5,59.666666666666664,10.25,10,0.0,14,17,0,41.0,Moderate,Attendance; Assignment submission; Assessment performance,Review
STU000917,ME,Mechanical Engineering,School of Engineering and Digital Sciences,3,Active,94.0,10,195,6120.0,-9.480932203389841,94.0,86.72666666666667,8.700000000000003,0,0.0,0,0,0,0.0,Low,No material signal,Routine monitoring
STU000918,PSIR,Political Science and International Relations,School of Sciences and Humanities,3,Active,88.33333333333333,10,252,7174.0,-3.1767955801104977,85.0,71.53333333333333,7.400000000000006,10,0.0,7,8,0,25.0,Low,Attendance; Assignment submission; Assessment performance,Routine monitoring
STU000919,ME,Mechanical Engineering,School of Engineering and Digital Sciences,2,Active,90.0,10,194,5636.0,-4.219877845641316,84.0,64.72,-7.1499999999999915,0,0.0,7,17,6,30.0,Moderate,Assignment submission; Assessment performance; Performance decline,Review
STU000920,BIO,Biological Sciences,School of Sciences and Humanities,2,Active,78.33333333333333,10,139,4158.0,3.6846615252784867,58.333333333333336,65.92222222222222,-32.849999999999994,18,0.0,20,8,10,56.0,Moderate,Attendance; Assignment submission; Assessment performance; Performance decline,Review
STU000921,CE,Civil Engineering,School of Mining and Geosciences,1,Active,77.5,10,160,4505.0,12.144504227517285,85.0,73.35000000000001,-6.299999999999997,18,0.0,7,8,6,39.0,Moderate,Attendance; Assignment submission; Assessment performance; Performance decline,Review
STU000922,ME,Mechanical Engineering,School of Engineering and Digital Sciences,1,Active,60.0,10,118,3502.0,-2.0018198362147355,50.0,58.800000000000004,-10.100000000000009,25,0.0,20,17,10,72.0,High,Attendance; Assignment submission; Assessment performance; Performance decline,Priority outreach
STU000923,CHEM,Chemistry,School of Sciences and Humanities,3,Active,76.0,10,197,4892.0,-10.080645161290322,74.0,69.60666666666665,1.0999999999999943,18,0.0,14,8,0,40.0,Moderate,Attendance; Assignment submission; Assessment performance,Review
STU000924,ME,Mechanical Engineering,School of Engineering and Digital Sciences,3,Active,94.0,10,194,6197.0,-7.636363636363637,94.0,70.23333333333333,4.400000000000006,0,0.0,0,8,0,8.0,Low,Assessment performance,Routine monitoring
STU000925,CS,Computer Science,School of Engineering and Digital Sciences,1,Active,76.0,10,121,3384.0,-1.823416506717845,48.0,67.58666666666666,-2.0500000000000043,18,0.0,20,8,3,49.0,Moderate,Attendance; Assignment submission; Assessment performance; Performance decline,Review
STU000926,PHYS,Physics,School of Sciences and Humanities,1,Active,95.0,10,278,8096.0,-0.16227180527382445,86.66666666666667,70.19444444444444,6.200000000000003,0,0.0,7,8,0,15.0,Low,Assignment submission; Assessment performance,Routine monitoring
STU000927,ME,Mechanical Engineering,School of Engineering and Digital Sciences,3,Active,86.66666666666667,10,201,6066.0,-8.304498269896193,83.33333333333334,62.833333333333336,-12.5,10,0.0,7,17,10,44.0,Moderate,Attendance; Assignment submission; Assessment performance; Performance decline,Review
STU000928,PSIR,Political Science and International Relations,School of Sciences and Humanities,3,Active,65.99999999999999,10,107,3335.0,-11.869158878504683,72.0,60.93333333333333,-5.950000000000003,25,0.0,14,17,6,62.0,High,Attendance; Assignment submission; Assessment performance; Performance decline,Priority outreach
STU000929,EE,Electrical Engineering,School of Engineering and Digital Sciences,1,Active,75.0,10,105,2238.0,-11.44827586206896,45.0,62.074999999999996,-17.39999999999999,18,0.0,20,17,10,65.0,High,Attendance; Assignment submission; Assessment performance; Performance decline,Priority outreach
STU000930,AI,Artificial Intelligence,School of Engineering and Digital Sciences,1,Active,80.0,10,102,2326.0,-11.840411840411837,55.00000000000001,66.65833333333333,-6.150000000000006,10,0.0,20,8,6,44.0,Moderate,Attendance; Assignment submission; Assessment performance; Performance decline,Review
STU000931,CS,Computer Science,School of Engineering and Digital Sciences,2,Active,88.33333333333333,10,171,5865.0,-12.164383561643834,76.66666666666667,64.29444444444444,-2.25,10,0.0,7,17,3,37.0,Moderate,Attendance; Assignment submission; Assessment performance; Performance decline,Review
STU000932,ME,Mechanical Engineering,School of Engineering and Digital Sciences,3,Active,90.0,10,127,2970.0,7.151370679380214,65.0,66.85000000000001,14.700000000000017,0,0.0,14,8,0,22.0,Low,Assignment submission; Assessment performance,Routine monitoring
STU000933,EE,Electrical Engineering,School of Engineering and Digital Sciences,2,Active,73.33333333333334,10,159,4943.0,-10.038610038610038,61.66666666666667,73.18333333333334,1.1500000000000057,18,0.0,14,8,0,40.0,Moderate,Attendance; Assignment submission; Assessment performance,Review
STU000934,CHEM,Chemistry,School of Sciences and Humanities,2,Active,80.0,10,158,4324.0,-9.429657794676801,68.0,67.3,-2.1000000000000085,10,0.0,14,8,3,35.0,Moderate,Attendance; Assignment submission; Assessment performance; Performance decline,Review
STU000935,CHEM,Chemistry,School of Sciences and Humanities,2,Active,78.0,10,116,4419.0,4.215976331360947,64.0,62.17333333333333,-2.4499999999999957,18,0.0,14,17,3,52.0,Moderate,Attendance; Assignment submission; Assessment performance; Performance decline,Review
STU000936,BIO,Biological Sciences,School of Sciences and Humanities,1,Active,93.33333333333333,10,293,7933.0,-7.2427983539094605,91.66666666666666,77.8111111111111,-17.050000000000004,0,0.0,0,0,10,10.0,Low,Performance decline,Routine monitoring
STU000937,SOCI,Sociology,School of Sciences and Humanities,3,Active,80.0,10,128,3569.0,-16.182572614107883,48.0,60.5,6.349999999999994,10,5.0,20,17,0,52.0,Moderate,Attendance; LMS engagement; Assignment submission; Assessment performance,Review
STU000938,SOCI,Sociology,School of Sciences and Humanities,4,Active,93.33333333333333,10,234,6807.0,-0.14485755673587639,81.66666666666667,71.90555555555555,3.6000000000000085,0,0.0,7,8,0,15.0,Low,Assignment submission; Assessment performance,Routine monitoring
STU000939,ECON,Economics,Graduate School of Business,1,Active,70.0,10,79,2436.0,-0.6345177664974692,55.00000000000001,66.97500000000001,-2.04999999999999,18,0.0,20,8,3,49.0,Moderate,Attendance; Assignment submission; Assessment performance; Performance decline,Review
STU000940,PHYS,Physics,School of Sciences and Humanities,1,Active,85.0,10,139,3617.0,1.392757660167131,62.5,69.25833333333334,6.1000000000000085,10,0.0,14,8,0,32.0,Moderate,Attendance; Assignment submission; Assessment performance,Review
STU000941,CE,Civil Engineering,School of Mining and Geosciences,2,Active,70.0,10,61,1564.0,-22.66666666666667,45.0,66.03333333333333,-15.850000000000009,18,5.0,20,8,10,61.0,High,Attendance; LMS engagement; Assignment submission; Assessment performance; Performance decline,Priority outreach
STU000942,CS,Computer Science,School of Engineering and Digital Sciences,1,Active,70.0,10,148,4029.0,3.9552880481513277,70.0,72.94,8.75,18,0.0,14,8,0,40.0,Moderate,Attendance; Assignment submission; Assessment performance,Review
STU000943,FIN,Finance,Graduate School of Business,4,Active,76.0,10,98,3655.0,-13.355874894336422,57.99999999999999,59.62,-19.549999999999997,18,0.0,20,17,10,65.0,High,Attendance; Assignment submission; Assessment performance; Performance decline,Priority outreach
STU000944,FIN,Finance,Graduate School of Business,2,Active,90.0,10,114,4173.0,-11.54700222057735,80.0,64.58333333333333,-2.3000000000000043,0,0.0,7,17,3,27.0,Low,Assignment submission; Assessment performance; Performance decline,Routine monitoring
STU000945,AI,Artificial Intelligence,School of Engineering and Digital Sciences,4,Active,91.66666666666666,10,259,7126.0,6.310211946050091,83.33333333333334,74.47222222222223,-3.0999999999999943,0,0.0,7,8,3,18.0,Low,Assignment submission; Assessment performance; Performance decline,Routine monitoring
STU000946,EE,Electrical Engineering,School of Engineering and Digital Sciences,3,Active,70.0,10,151,3301.0,-17.10069444444445,44.0,60.64,-6.700000000000003,18,5.0,20,17,6,66.0,High,Attendance; LMS engagement; Assignment submission; Assessment performance; Performance decline,Priority outreach
STU000947,CS,Computer Science,School of Engineering and Digital Sciences,3,Active,86.0,10,132,3716.0,-11.548331907613345,48.0,58.026666666666664,0.09999999999999432,10,0.0,20,17,0,47.0,Moderate,Attendance; Assignment submission; Assessment performance,Review
STU000948,FIN,Finance,Graduate School of Business,1,Active,76.0,10,168,4668.0,-17.361111111111114,82.0,78.92,-7.999999999999986,18,5.0,7,0,6,36.0,Moderate,Attendance; LMS engagement; Assignment submission; Performance decline,Review
STU000949,CHEM,Chemistry,School of Sciences and Humanities,4,Active,70.0,10,88,2291.0,-18.807947019867544,47.5,67.23333333333333,-18.349999999999994,18,5.0,20,8,10,61.0,High,Attendance; LMS engagement; Assignment submission; Assessment performance; Performance decline,Priority outreach
STU000950,PHYS,Physics,School of Sciences and Humanities,4,Active,86.66666666666667,10,182,4680.0,-4.720744680851056,56.666666666666664,60.0,-12.0,10,0.0,20,17,10,57.0,Moderate,Attendance; Assignment submission; Assessment performance; Performance decline,Review
STU000951,FIN,Finance,Graduate School of Business,1,Active,87.5,10,135,4094.0,-3.3037872683319947,85.0,69.89166666666667,-18.650000000000006,10,0.0,7,8,10,35.0,Moderate,Attendance; Assignment submission; Assessment performance; Performance decline,Review
STU000952,CS,Computer Science,School of Engineering and Digital Sciences,4,Active,80.0,10,131,3559.0,0.5660377358490567,67.5,68.81666666666666,-14.5,10,0.0,14,8,10,42.0,Moderate,Attendance; Assignment submission; Assessment performance; Performance decline,Review
STU000953,ME,Mechanical Engineering,School of Engineering and Digital Sciences,2,Active,82.5,10,148,4202.0,5.777400169923539,77.5,68.93333333333334,-12.25,10,0.0,7,8,10,35.0,Moderate,Attendance; Assignment submission; Assessment performance; Performance decline,Review
STU000954,CE,Civil Engineering,School of Mining and Geosciences,1,Active,86.0,10,196,5205.0,-2.7794935145151327,74.0,59.45333333333333,11.199999999999989,10,0.0,14,17,0,41.0,Moderate,Attendance; Assignment submission; Assessment performance,Review
STU000955,CE,Civil Engineering,School of Mining and Geosciences,2,Active,72.5,10,103,3122.0,29.883720930232542,82.5,62.61666666666667,1.25,18,0.0,7,17,0,42.0,Moderate,Attendance; Assignment submission; Assessment performance,Review
STU000956,CS,Computer Science,School of Engineering and Digital Sciences,1,Active,92.0,10,200,5730.0,-11.820199778024417,74.0,71.31333333333333,-13.400000000000006,0,0.0,14,8,10,32.0,Moderate,Assignment submission; Assessment performance; Performance decline,Review
STU000957,ME,Mechanical Engineering,School of Engineering and Digital Sciences,1,Active,90.0,10,162,4301.0,-7.8228782287822956,77.5,68.75,2.8499999999999943,0,0.0,7,8,0,15.0,Low,Assignment submission; Assessment performance,Routine monitoring
STU000958,PHYS,Physics,School of Sciences and Humanities,3,Active,82.5,10,146,4484.0,7.5,87.5,81.69166666666666,-9.699999999999989,10,0.0,7,0,6,23.0,Low,Attendance; Assignment submission; Performance decline,Routine monitoring
STU000959,CE,Civil Engineering,School of Mining and Geosciences,4,Active,80.0,10,146,4008.0,1.5384615384615385,76.0,65.08,-0.10000000000000853,10,0.0,7,8,3,28.0,Low,Attendance; Assignment submission; Assessment performance; Performance decline,Routine monitoring
STU000960,CS,Computer Science,School of Engineering and Digital Sciences,1,Active,81.66666666666667,10,194,5072.0,-13.577981651376147,70.0,61.71111111111111,-2.6499999999999915,10,0.0,14,17,3,44.0,Moderate,Attendance; Assignment submission; Assessment performance; Performance decline,Review
STU000961,ECON,Economics,Graduate School of Business,2,Active,82.5,10,125,3625.0,-8.08695652173913,62.5,70.99166666666666,2.1500000000000057,10,0.0,14,8,0,32.0,Moderate,Attendance; Assignment submission; Assessment performance,Review
STU000962,SOCI,Sociology,School of Sciences and Humanities,2,Active,84.0,10,165,4414.0,7.750188111361922,72.0,69.22,-11.75,10,0.0,14,8,10,42.0,Moderate,Attendance; Assignment submission; Assessment performance; Performance decline,Review
STU000963,CE,Civil Engineering,School of Mining and Geosciences,1,Active,77.5,10,123,3354.0,-5.247813411078718,47.5,61.31666666666666,-8.149999999999991,18,0.0,20,17,6,61.0,High,Attendance; Assignment submission; Assessment performance; Performance decline,Priority outreach
STU000964,BIO,Biological Sciences,School of Sciences and Humanities,3,Active,86.0,10,159,4965.0,-1.5027322404371546,76.0,67.04,-9.600000000000009,10,0.0,7,8,6,31.0,Moderate,Attendance; Assignment submission; Assessment performance; Performance decline,Review
STU000965,CHEM,Chemistry,School of Sciences and Humanities,3,Active,60.0,10,123,3138.0,-4.918032786885246,46.0,54.559999999999995,1.25,25,0.0,20,25,0,70.0,High,Attendance; Assignment submission; Assessment performance,Priority outreach
STU000966,FIN,Finance,Graduate School of Business,4,Active,85.0,10,140,3947.0,-12.15334420880914,72.5,60.89166666666667,-2.700000000000003,10,0.0,14,17,3,44.0,Moderate,Attendance; Assignment submission; Assessment performance; Performance decline,Review
STU000967,SOCI,Sociology,School of Sciences and Humanities,3,Active,76.0,10,145,4412.0,4.042715484363086,54.0,62.24666666666667,-4.550000000000011,18,0.0,20,17,3,58.0,Moderate,Attendance; Assignment submission; Assessment performance; Performance decline,Review
STU000968,ME,Mechanical Engineering,School of Engineering and Digital Sciences,1,Active,84.0,10,174,4952.0,-2.6281208935611002,70.0,73.6,-8.5,10,0.0,14,8,6,38.0,Moderate,Attendance; Assignment submission; Assessment performance; Performance decline,Review
STU000969,CHEM,Chemistry,School of Sciences and Humanities,4,Active,81.66666666666667,10,233,6302.0,6.186152099886479,85.0,77.94999999999999,11.349999999999994,10,0.0,7,0,0,17.0,Low,Attendance; Assignment submission,Routine monitoring
STU000970,BIO,Biological Sciences,School of Sciences and Humanities,3,Active,85.0,10,102,2753.0,-19.33124346917451,57.49999999999999,62.31666666666666,-13.300000000000004,10,5.0,20,17,10,62.0,High,Attendance; LMS engagement; Assignment submission; Assessment performance; Performance decline,Priority outreach
STU000971,ME,Mechanical Engineering,School of Engineering and Digital Sciences,4,Active,78.33333333333333,10,219,5849.0,6.0226595110315975,68.33333333333333,67.07777777777778,-0.5,18,0.0,14,8,3,43.0,Moderate,Attendance; Assignment submission; Assessment performance; Performance decline,Review
STU000972,CE,Civil Engineering,School of Mining and Geosciences,4,Active,90.0,10,174,5077.0,4.329896907216495,70.0,65.49333333333333,-6.5,0,0.0,14,8,6,28.0,Low,Assignment submission; Assessment performance; Performance decline,Routine monitoring
STU000973,SOCI,Sociology,School of Sciences and Humanities,3,Active,52.5,10,81,2059.0,-4.632587859424916,45.0,68.0,-18.0,25,0.0,20,8,10,63.0,High,Attendance; Assignment submission; Assessment performance; Performance decline,Priority outreach
STU000974,SOCI,Sociology,School of Sciences and Humanities,3,Active,82.0,10,130,3427.0,2.054794520547945,62.0,57.65333333333333,-8.750000000000007,10,0.0,14,17,6,47.0,Moderate,Attendance; Assignment submission; Assessment performance; Performance decline,Review
STU000975,SOCI,Sociology,School of Sciences and Humanities,3,Active,83.33333333333334,10,216,6507.0,-5.827619980411356,88.33333333333333,60.46666666666667,-13.049999999999997,10,0.0,7,17,10,44.0,Moderate,Attendance; Assignment submission; Assessment performance; Performance decline,Review
STU000976,ECON,Economics,Graduate School of Business,3,Active,92.0,10,159,4893.0,5.651595744680848,88.0,66.08666666666666,5.099999999999994,0,0.0,7,8,0,15.0,Low,Assignment submission; Assessment performance,Routine monitoring
STU000977,BIO,Biological Sciences,School of Sciences and Humanities,1,Active,82.0,10,185,5022.0,2.0738820479585147,74.0,69.72,-13.699999999999989,10,0.0,14,8,10,42.0,Moderate,Attendance; Assignment submission; Assessment performance; Performance decline,Review
STU000978,FIN,Finance,Graduate School of Business,2,Active,68.33333333333333,10,121,3205.0,-14.564007421150274,50.0,64.59444444444445,-11.249999999999986,25,0.0,20,17,10,72.0,High,Attendance; Assignment submission; Assessment performance; Performance decline,Priority outreach
STU000979,CHEM,Chemistry,School of Sciences and Humanities,1,Active,87.5,10,148,4758.0,-7.128446536650983,70.0,70.80833333333334,15.25,10,0.0,14,8,0,32.0,Moderate,Attendance; Assignment submission; Assessment performance,Review
STU000980,BIO,Biological Sciences,School of Sciences and Humanities,3,Active,62.0,10,122,3207.0,-3.6764705882353046,60.0,64.6,-16.700000000000003,25,0.0,14,17,10,66.0,High,Attendance; Assignment submission; Assessment performance; Performance decline,Priority outreach
STU000981,PSIR,Political Science and International Relations,School of Sciences and Humanities,4,Active,81.66666666666667,10,180,5730.0,-10.139484978540771,76.66666666666667,66.83333333333333,10.649999999999991,10,0.0,7,8,0,25.0,Low,Attendance; Assignment submission; Assessment performance,Routine monitoring
STU000982,FIN,Finance,Graduate School of Business,3,Active,84.0,10,163,4640.0,-3.034482758620682,86.0,65.87333333333333,-6.849999999999994,10,0.0,7,8,6,31.0,Moderate,Attendance; Assignment submission; Assessment performance; Performance decline,Review
STU000983,CHEM,Chemistry,School of Sciences and Humanities,4,Active,83.33333333333334,10,193,5626.0,16.34980988593156,65.0,64.19444444444444,0.8000000000000043,10,0.0,14,17,0,41.0,Moderate,Attendance; Assignment submission; Assessment performance,Review
STU000984,EE,Electrical Engineering,School of Engineering and Digital Sciences,1,Active,82.5,10,166,4288.0,51.247401247401235,85.0,72.80833333333334,14.950000000000003,10,0.0,7,8,0,25.0,Low,Attendance; Assignment submission; Assessment performance,Routine monitoring
STU000985,SOCI,Sociology,School of Sciences and Humanities,3,Active,83.33333333333334,10,223,6048.0,-4.8186247969680505,73.33333333333333,69.26111111111112,3.6000000000000014,10,0.0,14,8,0,32.0,Moderate,Attendance; Assignment submission; Assessment performance,Review
STU000986,CE,Civil Engineering,School of Mining and Geosciences,3,Active,67.5,10,61,1249.0,-34.25925925925925,42.5,65.10833333333333,-0.75,25,9.0,20,8,3,65.0,High,Attendance; LMS engagement; Assignment submission; Assessment performance; Performance decline,Priority outreach
STU000987,EE,Electrical Engineering,School of Engineering and Digital Sciences,3,Active,65.99999999999999,10,120,3798.0,-3.6317567567567663,52.0,60.78,-15.399999999999999,25,0.0,20,17,10,72.0,High,Attendance; Assignment submission; Assessment performance; Performance decline,Priority outreach
STU000988,AI,Artificial Intelligence,School of Engineering and Digital Sciences,3,Active,78.0,10,153,4212.0,6.766325727773398,64.0,60.27333333333333,-12.849999999999994,18,0.0,14,17,10,59.0,Moderate,Attendance; Assignment submission; Assessment performance; Performance decline,Review
STU000989,PHYS,Physics,School of Sciences and Humanities,4,Active,90.0,10,202,5445.0,-5.931695626123426,80.0,73.48666666666666,10.949999999999989,0,0.0,7,8,0,15.0,Low,Assignment submission; Assessment performance,Routine monitoring
STU000990,SOCI,Sociology,School of Sciences and Humanities,3,Active,87.5,10,155,4666.0,8.894044856921884,97.5,81.45,0.9000000000000057,10,0.0,0,0,0,10.0,Low,Attendance,Routine monitoring
STU000991,PSIR,Political Science and International Relations,School of Sciences and Humanities,2,Active,93.33333333333333,10,248,7648.0,1.0036496350365016,80.0,74.36111111111111,6.099999999999994,0,0.0,7,8,0,15.0,Low,Assignment submission; Assessment performance,Routine monitoring
STU000992,CS,Computer Science,School of Engineering and Digital Sciences,1,Active,76.66666666666666,10,237,5782.0,2.3962594973699525,66.66666666666666,65.84444444444445,-8.400000000000006,18,0.0,14,8,6,46.0,Moderate,Attendance; Assignment submission; Assessment performance; Performance decline,Review
STU000993,ME,Mechanical Engineering,School of Engineering and Digital Sciences,1,Active,90.0,10,193,5001.0,-12.976629766297659,68.0,64.22,7.75,0,0.0,14,17,0,31.0,Moderate,Assignment submission; Assessment performance,Review
STU000994,PSIR,Political Science and International Relations,School of Sciences and Humanities,3,Active,81.66666666666667,10,195,5527.0,-6.0766961651917475,76.66666666666667,66.79444444444444,-7.5,10,0.0,7,8,6,31.0,Moderate,Attendance; Assignment submission; Assessment performance; Performance decline,Review
STU000995,PHYS,Physics,School of Sciences and Humanities,3,Active,96.66666666666667,10,250,7574.0,-12.569832402234638,91.66666666666666,79.61111111111111,1.7000000000000028,0,0.0,0,0,0,0.0,Low,No material signal,Routine monitoring
STU000996,SOCI,Sociology,School of Sciences and Humanities,2,Active,72.5,10,102,3227.0,-11.847014925373129,55.00000000000001,62.675000000000004,-5.200000000000003,18,0.0,20,17,6,61.0,High,Attendance; Assignment submission; Assessment performance; Performance decline,Priority outreach
STU000997,EE,Electrical Engineering,School of Engineering and Digital Sciences,1,Active,74.0,10,129,3282.0,-2.7494908350305503,42.0,65.26,-19.049999999999997,18,0.0,20,8,10,56.0,Moderate,Attendance; Assignment submission; Assessment performance; Performance decline,Review
STU000998,ECON,Economics,Graduate School of Business,2,Active,85.0,10,226,6610.0,6.227106227106221,78.33333333333333,74.85555555555555,-9.899999999999991,10,0.0,7,8,6,31.0,Moderate,Attendance; Assignment submission; Assessment performance; Performance decline,Review
STU000999,EE,Electrical Engineering,School of Engineering and Digital Sciences,1,Active,70.0,10,122,3382.0,-27.265100671140935,70.0,68.50833333333334,8.600000000000009,18,5.0,14,8,0,45.0,Moderate,Attendance; LMS engagement; Assignment submission; Assessment performance,Review
STU001000,ECON,Economics,Graduate School of Business,1,Active,81.66666666666667,10,204,6250.0,-0.6282722513089005,81.66666666666667,72.54444444444444,-21.75,10,0.0,7,8,10,35.0,Moderate,Attendance; Assignment submission; Assessment performance; Performance decline,Review
STU001001,SOCI,Sociology,School of Sciences and Humanities,4,Active,85.0,10,246,5893.0,0.5360333531864205,78.33333333333333,74.3111111111111,-1.4500000000000028,10,0.0,7,8,3,28.0,Low,Attendance; Assignment submission; Assessment performance; Performance decline,Routine monitoring
STU001002,PSIR,Political Science and International Relations,School of Sciences and Humanities,3,Active,90.0,10,206,6182.0,-0.8662696264212113,90.0,62.693333333333335,-14.349999999999994,0,0.0,0,17,10,27.0,Low,Assessment performance; Performance decline,Routine monitoring
STU001003,SOCI,Sociology,School of Sciences and Humanities,1,Active,78.33333333333333,10,168,5028.0,6.538196834136274,48.333333333333336,66.26666666666667,-10.549999999999997,18,0.0,20,8,10,56.0,Moderate,Attendance; Assignment submission; Assessment performance; Performance decline,Review
STU001004,EE,Electrical Engineering,School of Engineering and Digital Sciences,2,Active,90.0,10,154,4519.0,-3.535353535353531,85.0,73.24166666666666,-3.299999999999997,0,0.0,7,8,3,18.0,Low,Assignment submission; Assessment performance; Performance decline,Routine monitoring
STU001005,BIO,Biological Sciences,School of Sciences and Humanities,2,Active,78.33333333333333,10,197,5848.0,5.090497737556561,65.0,65.0611111111111,-10.600000000000009,18,0.0,14,8,10,50.0,Moderate,Attendance; Assignment submission; Assessment performance; Performance decline,Review
STU001006,CE,Civil Engineering,School of Mining and Geosciences,4,Active,93.33333333333333,10,277,7740.0,-0.16433853738702192,78.33333333333333,72.33888888888889,14.0,0,0.0,7,8,0,15.0,Low,Assignment submission; Assessment performance,Routine monitoring
STU001007,CHEM,Chemistry,School of Sciences and Humanities,4,Active,86.66666666666667,10,257,7336.0,-17.888799355358582,88.33333333333333,82.98333333333333,1.3499999999999943,10,5.0,7,0,0,22.0,Low,Attendance; LMS engagement; Assignment submission,Routine monitoring
STU001008,AI,Artificial Intelligence,School of Engineering and Digital Sciences,1,Active,75.0,10,113,2874.0,-14.414414414414411,57.49999999999999,71.60000000000001,16.94999999999999,18,0.0,20,8,0,46.0,Moderate,Attendance; Assignment submission; Assessment performance,Review
STU001009,AI,Artificial Intelligence,School of Engineering and Digital Sciences,3,Active,78.0,10,150,3948.0,-8.012820512820507,70.0,66.11333333333333,-0.20000000000000284,18,0.0,14,8,3,43.0,Moderate,Attendance; Assignment submission; Assessment performance; Performance decline,Review
STU001010,CE,Civil Engineering,School of Mining and Geosciences,2,Active,100.0,10,201,6319.0,17.799539170506915,82.0,77.82666666666667,-5.849999999999994,0,0.0,7,0,6,13.0,Low,Assignment submission; Performance decline,Routine monitoring
STU001011,CS,Computer Science,School of Engineering and Digital Sciences,3,Active,92.5,10,145,3962.0,1.8410041841004279,75.0,76.33333333333333,-5.050000000000011,0,0.0,7,0,6,13.0,Low,Assignment submission; Performance decline,Routine monitoring
STU001012,PSIR,Political Science and International Relations,School of Sciences and Humanities,2,Active,72.5,10,93,2568.0,-10.0250626566416,50.0,58.50833333333333,-17.35000000000001,18,0.0,20,17,10,65.0,High,Attendance; Assignment submission; Assessment performance; Performance decline,Priority outreach
STU001013,PHYS,Physics,School of Sciences and Humanities,2,Active,91.66666666666666,10,248,6824.0,-5.337742087860174,80.0,69.61666666666666,9.299999999999997,0,0.0,7,8,0,15.0,Low,Assignment submission; Assessment performance,Routine monitoring
STU001014,ECON,Economics,Graduate School of Business,1,Active,62.5,10,81,2285.0,-37.046004842615005,40.0,57.958333333333336,17.049999999999997,25,9.0,20,17,0,71.0,High,Attendance; LMS engagement; Assignment submission; Assessment performance,Priority outreach
STU001015,BIO,Biological Sciences,School of Sciences and Humanities,1,Active,82.5,10,96,2497.0,-9.564164648910406,57.49999999999999,49.958333333333336,-4.250000000000007,10,0.0,20,25,3,58.0,Moderate,Attendance; Assignment submission; Assessment performance; Performance decline,Review
STU001016,SOCI,Sociology,School of Sciences and Humanities,2,Active,95.0,10,187,5550.0,-10.78320090805903,87.5,84.34166666666667,7.849999999999994,0,0.0,7,0,0,7.0,Low,Assignment submission,Routine monitoring
STU001017,PSIR,Political Science and International Relations,School of Sciences and Humanities,3,Active,72.5,10,95,2387.0,40.3035413153457,57.49999999999999,62.49166666666667,-15.200000000000003,18,0.0,20,17,10,65.0,High,Attendance; Assignment submission; Assessment performance; Performance decline,Priority outreach
STU001018,EE,Electrical Engineering,School of Engineering and Digital Sciences,4,Active,83.33333333333334,10,240,6420.0,-4.110996916752307,81.66666666666667,61.48888888888889,13.049999999999997,10,0.0,7,17,0,34.0,Moderate,Attendance; Assignment submission; Assessment performance,Review
STU001019,PSIR,Political Science and International Relations,School of Sciences and Humanities,2,Active,92.0,10,180,5664.0,7.14714714714714,78.0,68.33999999999999,7.199999999999989,0,0.0,7,8,0,15.0,Low,Assignment submission; Assessment performance,Routine monitoring
STU001020,SOCI,Sociology,School of Sciences and Humanities,4,Active,86.0,10,203,5775.0,-3.5048049745618934,82.0,73.00666666666666,-12.25,10,0.0,7,8,10,35.0,Moderate,Attendance; Assignment submission; Assessment performance; Performance decline,Review
STU001021,ME,Mechanical Engineering,School of Engineering and Digital Sciences,1,Active,97.5,10,190,5338.0,-3.4013605442176944,95.0,68.35833333333333,-4.8999999999999915,0,0.0,0,8,3,11.0,Low,Assessment performance; Performance decline,Routine monitoring
STU001022,PSIR,Political Science and International Relations,School of Sciences and Humanities,3,Active,85.0,10,216,6660.0,6.090071647901734,80.0,62.46111111111111,-18.5,10,0.0,7,17,10,44.0,Moderate,Attendance; Assignment submission; Assessment performance; Performance decline,Review
STU001023,FIN,Finance,Graduate School of Business,3,Active,76.66666666666666,10,149,4221.0,-0.6400000000000046,61.66666666666667,67.25,-11.399999999999991,18,0.0,14,8,10,50.0,Moderate,Attendance; Assignment submission; Assessment performance; Performance decline,Review
STU001024,CHEM,Chemistry,School of Sciences and Humanities,2,Active,85.0,10,234,6339.0,5.79862941486557,76.66666666666667,80.02222222222223,-3.75,10,0.0,7,0,3,20.0,Low,Attendance; Assignment submission; Performance decline,Routine monitoring
STU001025,AI,Artificial Intelligence,School of Engineering and Digital Sciences,1,Active,80.0,10,180,5681.0,1.4434180138567998,65.0,67.30555555555556,-16.499999999999993,10,0.0,14,8,10,42.0,Moderate,Attendance; Assignment submission; Assessment performance; Performance decline,Review
STU001026,FIN,Finance,Graduate School of Business,3,Active,82.5,10,129,3800.0,11.826923076923077,67.5,72.64999999999999,-3.4000000000000057,10,0.0,14,8,3,35.0,Moderate,Attendance; Assignment submission; Assessment performance; Performance decline,Review
STU001027,BIO,Biological Sciences,School of Sciences and Humanities,4,Active,76.66666666666666,10,154,4231.0,-6.225059856344773,66.66666666666666,56.3,-3.3500000000000085,18,0.0,14,17,3,52.0,Moderate,Attendance; Assignment submission; Assessment performance; Performance decline,Review
STU001028,PHYS,Physics,School of Sciences and Humanities,3,Active,92.0,10,263,6557.0,-2.4772497472194193,98.0,73.08,8.799999999999997,0,0.0,0,8,0,8.0,Low,Assessment performance,Routine monitoring
STU001029,PSIR,Political Science and International Relations,School of Sciences and Humanities,1,Active,78.33333333333333,10,184,4552.0,-14.057063326374386,55.00000000000001,62.16111111111112,-23.999999999999986,18,0.0,20,17,10,65.0,High,Attendance; Assignment submission; Assessment performance; Performance decline,Priority outreach
STU001030,SOCI,Sociology,School of Sciences and Humanities,1,Active,82.0,10,141,3855.0,-2.1034180543382996,64.0,65.32666666666667,-11.900000000000013,10,0.0,14,8,10,42.0,Moderate,Attendance; Assignment submission; Assessment performance; Performance decline,Review
STU001031,SOCI,Sociology,School of Sciences and Humanities,3,Active,75.0,10,105,3373.0,-13.111726685133881,55.00000000000001,67.06666666666666,-3.9000000000000057,18,0.0,20,8,3,49.0,Moderate,Attendance; Assignment submission; Assessment performance; Performance decline,Review
STU001032,CS,Computer Science,School of Engineering and Digital Sciences,1,Active,90.0,10,244,7130.0,-2.709125475285171,83.33333333333334,77.27777777777777,1.1499999999999915,0,0.0,7,0,0,7.0,Low,Assignment submission,Routine monitoring
STU001033,PSIR,Political Science and International Relations,School of Sciences and Humanities,4,Active,75.0,10,160,4219.0,-13.642960812772126,48.333333333333336,63.75555555555555,-13.999999999999993,18,0.0,20,17,10,65.0,High,Attendance; Assignment submission; Assessment performance; Performance decline,Priority outreach
STU001034,PSIR,Political Science and International Relations,School of Sciences and Humanities,2,Active,82.5,10,131,3610.0,-12.690355329949238,62.5,66.27499999999999,0.10000000000000853,10,0.0,14,8,0,32.0,Moderate,Attendance; Assignment submission; Assessment performance,Review
STU001035,CHEM,Chemistry,School of Sciences and Humanities,1,Active,77.5,10,130,3602.0,-7.1737251512532465,75.0,61.125,0.8499999999999943,18,0.0,7,17,0,42.0,Moderate,Attendance; Assignment submission; Assessment performance,Review
STU001036,ECON,Economics,Graduate School of Business,3,Active,98.0,10,221,6315.0,0.0,92.0,84.21333333333334,3.6000000000000085,0,0.0,0,0,0,0.0,Low,No material signal,Routine monitoring
STU001037,AI,Artificial Intelligence,School of Engineering and Digital Sciences,2,Active,82.0,10,187,5590.0,-1.9784172661870503,78.0,64.92,7.049999999999983,10,0.0,7,17,0,34.0,Moderate,Attendance; Assignment submission; Assessment performance,Review
STU001038,CE,Civil Engineering,School of Mining and Geosciences,1,Active,95.0,10,258,8454.0,-0.11636927851047324,96.66666666666667,85.41111111111111,2.1000000000000085,0,0.0,0,0,0,0.0,Low,No material signal,Routine monitoring
STU001039,AI,Artificial Intelligence,School of Engineering and Digital Sciences,1,Active,75.0,10,132,3625.0,2.6465028355387465,77.5,61.25833333333333,10.249999999999993,18,0.0,7,17,0,42.0,Moderate,Attendance; Assignment submission; Assessment performance,Review
STU001040,PHYS,Physics,School of Sciences and Humanities,2,Active,98.33333333333333,10,275,8317.0,5.051302288871359,91.66666666666666,71.34444444444445,-19.150000000000006,0,0.0,0,8,10,18.0,Low,Assessment performance; Performance decline,Routine monitoring
STU001041,CS,Computer Science,School of Engineering and Digital Sciences,3,Active,78.0,10,133,3538.0,28.032619775739047,52.0,72.64666666666668,-14.25,18,0.0,20,8,10,56.0,Moderate,Attendance; Assignment submission; Assessment performance; Performance decline,Review
STU001042,ECON,Economics,Graduate School of Business,1,Active,90.0,10,167,4775.0,4.1216216216216175,92.5,82.7,5.150000000000006,0,0.0,0,0,0,0.0,Low,No material signal,Routine monitoring
STU001043,BIO,Biological Sciences,School of Sciences and Humanities,4,Active,66.66666666666667,10,126,4007.0,-25.992509363295884,65.0,59.10555555555556,-17.0,25,5.0,14,17,10,71.0,High,Attendance; LMS engagement; Assignment submission; Assessment performance; Performance decline,Priority outreach
STU001044,CE,Civil Engineering,School of Mining and Geosciences,3,Active,82.5,10,133,3268.0,-1.6699410609037217,70.0,72.59166666666667,-6.25,10,0.0,14,8,6,38.0,Moderate,Attendance; Assignment submission; Assessment performance; Performance decline,Review
STU001045,CHEM,Chemistry,School of Sciences and Humanities,3,Active,80.0,10,148,4201.0,-7.479674796747972,64.0,53.84,-9.199999999999996,10,0.0,14,25,6,55.0,Moderate,Attendance; Assignment submission; Assessment performance; Performance decline,Review
STU001046,PSIR,Political Science and International Relations,School of Sciences and Humanities,3,Active,62.5,10,95,2494.0,30.325443786982255,60.0,61.025,5.250000000000007,25,0.0,14,17,0,56.0,Moderate,Attendance; Assignment submission; Assessment performance,Review
STU001047,CHEM,Chemistry,School of Sciences and Humanities,3,Active,93.33333333333333,10,257,7998.0,9.073987901349465,93.33333333333333,75.30555555555556,-4.6000000000000085,0,0.0,0,0,3,3.0,Low,Performance decline,Routine monitoring
STU001048,CHEM,Chemistry,School of Sciences and Humanities,4,Active,85.0,10,162,5739.0,-9.154929577464795,68.33333333333333,67.11111111111111,-20.549999999999997,10,0.0,14,8,10,42.0,Moderate,Attendance; Assignment submission; Assessment performance; Performance decline,Review
STU001049,PSIR,Political Science and International Relations,School of Sciences and Humanities,1,Active,81.66666666666667,10,219,6162.0,-8.972352634324471,81.66666666666667,74.30000000000001,-9.100000000000009,10,0.0,7,8,6,31.0,Moderate,Attendance; Assignment submission; Assessment performance; Performance decline,Review
STU001050,PSIR,Political Science and International Relations,School of Sciences and Humanities,4,Active,82.5,10,134,3657.0,5.45950864422202,57.49999999999999,73.64166666666667,-21.5,10,0.0,20,8,10,48.0,Moderate,Attendance; Assignment submission; Assessment performance; Performance decline,Review
STU001051,PSIR,Political Science and International Relations,School of Sciences and Humanities,4,Active,95.0,10,157,4629.0,3.608247422680408,75.0,67.28333333333333,5.150000000000006,0,0.0,7,8,0,15.0,Low,Assignment submission; Assessment performance,Routine monitoring
STU001052,PHYS,Physics,School of Sciences and Humanities,2,Active,86.0,10,181,5169.0,-7.18484650555192,82.0,72.12666666666668,-4.75,10,0.0,7,8,3,28.0,Low,Attendance; Assignment submission; Assessment performance; Performance decline,Routine monitoring
STU001053,AI,Artificial Intelligence,School of Engineering and Digital Sciences,1,Active,88.0,10,191,5444.0,-3.201396973224667,78.0,76.62666666666668,3.5,10,0.0,7,0,0,17.0,Low,Attendance; Assignment submission,Routine monitoring
STU001054,ME,Mechanical Engineering,School of Engineering and Digital Sciences,2,Active,72.0,10,87,2418.0,8.368200836820083,48.0,62.43333333333333,-12.25,18,0.0,20,17,10,65.0,High,Attendance; Assignment submission; Assessment performance; Performance decline,Priority outreach
STU001055,FIN,Finance,Graduate School of Business,4,Active,87.5,10,141,3754.0,-9.463148316651491,67.5,63.833333333333336,-11.349999999999994,10,0.0,14,17,10,51.0,Moderate,Attendance; Assignment submission; Assessment performance; Performance decline,Review
STU001056,PSIR,Political Science and International Relations,School of Sciences and Humanities,2,Active,77.5,10,110,3462.0,-5.644402634054563,52.5,63.949999999999996,-0.14999999999999147,18,0.0,20,17,3,58.0,Moderate,Attendance; Assignment submission; Assessment performance; Performance decline,Review
STU001057,ECON,Economics,Graduate School of Business,2,Active,88.0,10,227,6591.0,-6.4731080437886765,84.0,77.08666666666666,2.3500000000000085,10,0.0,7,0,0,17.0,Low,Attendance; Assignment submission,Routine monitoring
STU001058,ME,Mechanical Engineering,School of Engineering and Digital Sciences,1,Active,85.0,10,147,4445.0,-14.60234680573663,82.5,71.625,-3.049999999999997,10,0.0,7,8,3,28.0,Low,Attendance; Assignment submission; Assessment performance; Performance decline,Routine monitoring
STU001059,CE,Civil Engineering,School of Mining and Geosciences,3,Active,78.0,10,148,4329.0,-15.601783060921248,72.0,67.04666666666667,-6.650000000000006,18,5.0,14,8,6,51.0,Moderate,Attendance; LMS engagement; Assignment submission; Assessment performance; Performance decline,Review
STU001060,FIN,Finance,Graduate School of Business,3,Active,80.0,10,112,3738.0,-10.168067226890766,80.0,61.199999999999996,-1.4500000000000028,10,0.0,7,17,3,37.0,Moderate,Attendance; Assignment submission; Assessment performance; Performance decline,Review
STU001061,FIN,Finance,Graduate School of Business,2,Active,64.0,10,120,3206.0,-12.881022615535894,66.0,54.68,-13.749999999999993,25,0.0,14,25,10,74.0,High,Attendance; Assignment submission; Assessment performance; Performance decline,Priority outreach
STU001062,FIN,Finance,Graduate School of Business,4,Active,73.33333333333334,10,175,4136.0,-5.942947702060222,53.333333333333336,58.92777777777778,-2.6500000000000057,18,0.0,20,17,3,58.0,Moderate,Attendance; Assignment submission; Assessment performance; Performance decline,Review
STU001063,EE,Electrical Engineering,School of Engineering and Digital Sciences,4,Active,86.0,10,161,4990.0,4.080221300138317,68.0,74.94666666666667,-20.69999999999999,10,0.0,14,8,10,42.0,Moderate,Attendance; Assignment submission; Assessment performance; Performance decline,Review
STU001064,CHEM,Chemistry,School of Sciences and Humanities,3,Active,95.0,10,175,5425.0,0.24227740763172453,92.5,83.73333333333333,-3.700000000000003,0,0.0,0,0,3,3.0,Low,Performance decline,Routine monitoring
STU001065,PHYS,Physics,School of Sciences and Humanities,2,Active,82.0,10,174,5391.0,-0.7710557532621657,86.0,66.48666666666666,0.3500000000000085,10,0.0,7,8,0,25.0,Low,Attendance; Assignment submission; Assessment performance,Routine monitoring
STU001066,SOCI,Sociology,School of Sciences and Humanities,4,Active,70.0,10,111,2437.0,-6.9974554707379175,57.49999999999999,52.39166666666667,-12.200000000000003,18,0.0,20,25,10,73.0,High,Attendance; Assignment submission; Assessment performance; Performance decline,Priority outreach
STU001067,ME,Mechanical Engineering,School of Engineering and Digital Sciences,4,Active,80.0,10,196,5486.0,2.1019108280254777,65.0,69.43333333333334,0.8499999999999943,10,0.0,14,8,0,32.0,Moderate,Attendance; Assignment submission; Assessment performance,Review
STU001068,CHEM,Chemistry,School of Sciences and Humanities,1,Active,67.5,10,122,3226.0,-4.935834155972365,55.00000000000001,61.025,-11.949999999999989,25,0.0,20,17,10,72.0,High,Attendance; Assignment submission; Assessment performance; Performance decline,Priority outreach
STU001069,BIO,Biological Sciences,School of Sciences and Humanities,2,Active,92.5,10,184,4735.0,-11.776447105788424,92.5,91.58333333333333,1.75,0,0.0,0,0,0,0.0,Low,No material signal,Routine monitoring
STU001070,PHYS,Physics,School of Sciences and Humanities,4,Active,87.5,10,121,3353.0,-1.6022620169651325,42.5,59.43333333333334,4.0,10,0.0,20,17,0,47.0,Moderate,Attendance; Assignment submission; Assessment performance,Review
STU001071,CE,Civil Engineering,School of Mining and Geosciences,4,Active,68.33333333333333,10,167,4731.0,-1.644245142002985,51.66666666666667,64.53333333333333,-15.25,25,0.0,20,17,10,72.0,High,Attendance; Assignment submission; Assessment performance; Performance decline,Priority outreach
STU001072,CHEM,Chemistry,School of Sciences and Humanities,3,Active,93.33333333333333,10,288,7986.0,-2.782392026578064,91.66666666666666,70.28888888888889,2.0,0,0.0,0,8,0,8.0,Low,Assessment performance,Routine monitoring
STU001073,FIN,Finance,Graduate School of Business,2,Active,97.5,10,176,4704.0,12.745812090313176,82.5,82.28333333333333,0.30000000000001137,0,0.0,7,0,0,7.0,Low,Assignment submission,Routine monitoring
STU001074,EE,Electrical Engineering,School of Engineering and Digital Sciences,3,Active,70.0,10,107,2499.0,-4.079110012360939,55.00000000000001,67.8,-0.7999999999999972,18,0.0,20,8,3,49.0,Moderate,Attendance; Assignment submission; Assessment performance; Performance decline,Review
STU001075,SOCI,Sociology,School of Sciences and Humanities,3,Active,78.0,10,161,4906.0,-3.505291005291009,80.0,71.38666666666667,-15.349999999999994,18,0.0,7,8,10,43.0,Moderate,Attendance; Assignment submission; Assessment performance; Performance decline,Review
STU001076,CHEM,Chemistry,School of Sciences and Humanities,2,Active,88.33333333333333,10,217,5966.0,-7.007672634271095,68.33333333333333,67.58888888888889,-7.200000000000003,10,0.0,14,8,6,38.0,Moderate,Attendance; Assignment submission; Assessment performance; Performance decline,Review
STU001077,PSIR,Political Science and International Relations,School of Sciences and Humanities,1,Active,80.0,10,142,3890.0,-16.027607361963195,67.5,75.59166666666667,8.0,10,5.0,14,0,0,29.0,Low,Attendance; LMS engagement; Assignment submission,Routine monitoring
STU001078,ME,Mechanical Engineering,School of Engineering and Digital Sciences,3,Active,85.0,10,214,5779.0,-11.69247197010144,75.0,71.19999999999999,-17.0,10,0.0,7,8,10,35.0,Moderate,Attendance; Assignment submission; Assessment performance; Performance decline,Review
STU001079,FIN,Finance,Graduate School of Business,3,Active,77.5,10,93,2599.0,-13.068181818181813,60.0,71.0,-3.1500000000000057,18,0.0,14,8,3,43.0,Moderate,Attendance; Assignment submission; Assessment performance; Performance decline,Review
STU001080,CS,Computer Science,School of Engineering and Digital Sciences,1,Active,90.0,10,149,4044.0,0.08285004142503014,80.0,73.625,2.1500000000000057,0,0.0,7,8,0,15.0,Low,Assignment submission; Assessment performance,Routine monitoring
STU001081,CE,Civil Engineering,School of Mining and Geosciences,3,Active,65.99999999999999,10,120,3114.0,0.1160092807424726,48.0,63.24666666666667,-6.200000000000003,25,0.0,20,17,6,68.0,High,Attendance; Assignment submission; Assessment performance; Performance decline,Priority outreach
STU001082,FIN,Finance,Graduate School of Business,1,Active,90.0,10,247,7660.0,12.367816091954017,88.33333333333333,79.30555555555556,5.199999999999989,0,0.0,7,0,0,7.0,Low,Assignment submission,Routine monitoring
STU001083,PHYS,Physics,School of Sciences and Humanities,3,Active,82.0,10,160,4198.0,-13.357400722021664,72.0,66.46666666666667,8.0,10,0.0,14,8,0,32.0,Moderate,Attendance; Assignment submission; Assessment performance,Review
STU001084,ME,Mechanical Engineering,School of Engineering and Digital Sciences,2,Active,85.0,10,158,4793.0,1.55096011816839,82.5,67.09166666666667,-6.099999999999994,10,0.0,7,8,6,31.0,Moderate,Attendance; Assignment submission; Assessment performance; Performance decline,Review
STU001085,SOCI,Sociology,School of Sciences and Humanities,2,Active,65.99999999999999,10,123,2976.0,17.9948586118252,56.00000000000001,64.06666666666666,4.999999999999993,25,0.0,20,17,0,62.0,High,Attendance; Assignment submission; Assessment performance,Priority outreach
STU001086,ME,Mechanical Engineering,School of Engineering and Digital Sciences,3,Active,73.33333333333334,10,188,4837.0,-9.287115761935913,51.66666666666667,66.22222222222223,6.5,18,0.0,20,8,0,46.0,Moderate,Attendance; Assignment submission; Assessment performance,Review
STU001087,AI,Artificial Intelligence,School of Engineering and Digital Sciences,2,Active,71.66666666666667,10,165,4396.0,19.22492401215805,56.666666666666664,56.81666666666667,7.350000000000001,18,0.0,20,17,0,55.0,Moderate,Attendance; Assignment submission; Assessment performance,Review
STU001088,EE,Electrical Engineering,School of Engineering and Digital Sciences,3,Active,88.0,10,195,4957.0,2.802460697197531,74.0,71.34666666666666,-27.249999999999993,10,0.0,14,8,10,42.0,Moderate,Attendance; Assignment submission; Assessment performance; Performance decline,Review
STU001089,PSIR,Political Science and International Relations,School of Sciences and Humanities,3,Active,96.66666666666667,10,315,8237.0,-3.382581648522551,88.33333333333333,74.30555555555556,13.800000000000011,0,0.0,7,8,0,15.0,Low,Assignment submission; Assessment performance,Routine monitoring
STU001090,ECON,Economics,Graduate School of Business,1,Active,88.0,10,204,5468.0,0.5541871921182265,82.0,75.76,-2.8499999999999943,10,0.0,7,0,3,20.0,Low,Attendance; Assignment submission; Performance decline,Routine monitoring
STU001091,ECON,Economics,Graduate School of Business,3,Active,80.0,10,175,4550.0,-6.433949349760434,61.66666666666667,56.105555555555554,-3.8999999999999986,10,0.0,14,17,3,44.0,Moderate,Attendance; Assignment submission; Assessment performance; Performance decline,Review
STU001092,FIN,Finance,Graduate School of Business,2,Active,78.0,10,206,5972.0,-7.91254554919314,86.0,67.56666666666666,-3.799999999999997,18,0.0,7,8,3,36.0,Moderate,Attendance; Assignment submission; Assessment performance; Performance decline,Review
STU001093,ECON,Economics,Graduate School of Business,2,Active,76.66666666666666,10,203,5145.0,-10.090556274256155,76.66666666666667,58.5611111111111,-9.799999999999997,18,0.0,7,17,6,48.0,Moderate,Attendance; Assignment submission; Assessment performance; Performance decline,Review
STU001094,CS,Computer Science,School of Engineering and Digital Sciences,3,Active,68.33333333333333,10,177,5123.0,-3.168567807351081,70.0,56.638888888888886,-2.5,25,0.0,14,17,3,59.0,Moderate,Attendance; Assignment submission; Assessment performance; Performance decline,Review
STU001095,PHYS,Physics,School of Sciences and Humanities,1,Active,82.0,10,148,4828.0,-18.006230529595012,78.0,63.54,-16.6,10,5.0,7,17,10,49.0,Moderate,Attendance; LMS engagement; Assignment submission; Assessment performance; Performance decline,Review
STU001096,PHYS,Physics,School of Sciences and Humanities,1,Active,72.5,10,123,3411.0,0.28653295128939826,62.5,64.96666666666667,4.5,18,0.0,14,17,0,49.0,Moderate,Attendance; Assignment submission; Assessment performance,Review
STU001097,PSIR,Political Science and International Relations,School of Sciences and Humanities,4,Active,96.66666666666667,10,274,8443.0,-2.575107296137339,88.33333333333333,79.00555555555555,13.899999999999991,0,0.0,7,0,0,7.0,Low,Assignment submission,Routine monitoring
STU001098,CHEM,Chemistry,School of Sciences and Humanities,2,Active,70.0,10,134,3640.0,-2.76100086281276,60.0,64.29166666666667,8.450000000000003,18,0.0,14,17,0,49.0,Moderate,Attendance; Assignment submission; Assessment performance,Review
STU001099,BIO,Biological Sciences,School of Sciences and Humanities,1,Active,92.5,10,149,4433.0,9.519867549668868,82.5,66.98333333333333,6.800000000000011,0,0.0,7,8,0,15.0,Low,Assignment submission; Assessment performance,Routine monitoring
STU001100,PSIR,Political Science and International Relations,School of Sciences and Humanities,3,Active,91.66666666666666,10,253,6984.0,-10.762527233115474,90.0,65.86111111111111,22.65,0,0.0,0,8,0,8.0,Low,Assessment performance,Routine monitoring
STU001101,PSIR,Political Science and International Relations,School of Sciences and Humanities,2,Active,83.33333333333334,10,165,5435.0,-14.277389277389279,68.33333333333333,78.1888888888889,-2.3499999999999943,10,0.0,14,0,3,27.0,Low,Attendance; Assignment submission; Performance decline,Routine monitoring
STU001102,EE,Electrical Engineering,School of Engineering and Digital Sciences,3,Active,84.0,10,187,5385.0,-6.852637962401449,74.0,67.73333333333333,-11.849999999999994,10,0.0,14,8,10,42.0,Moderate,Attendance; Assignment submission; Assessment performance; Performance decline,Review
STU001103,EE,Electrical Engineering,School of Engineering and Digital Sciences,3,Active,86.66666666666667,10,221,6351.0,-17.098445595854923,80.0,68.16111111111111,-11.949999999999996,10,5.0,7,8,10,40.0,Moderate,Attendance; LMS engagement; Assignment submission; Assessment performance; Performance decline,Review
STU001104,AI,Artificial Intelligence,School of Engineering and Digital Sciences,1,Active,90.0,10,183,5586.0,0.5885815185403045,86.0,68.61333333333333,4.000000000000014,0,0.0,7,8,0,15.0,Low,Assignment submission; Assessment performance,Routine monitoring
STU001105,CE,Civil Engineering,School of Mining and Geosciences,1,Active,70.0,10,119,3486.0,-13.083257090576387,55.00000000000001,60.64444444444444,-1.9500000000000028,18,0.0,20,17,3,58.0,Moderate,Attendance; Assignment submission; Assessment performance; Performance decline,Review
STU001106,BIO,Biological Sciences,School of Sciences and Humanities,1,Active,65.0,10,118,3278.0,-5.625,65.0,63.71666666666667,1.3999999999999915,25,0.0,14,17,0,56.0,Moderate,Attendance; Assignment submission; Assessment performance,Review
STU001107,PHYS,Physics,School of Sciences and Humanities,1,Active,90.0,10,207,6850.0,-3.117144293614876,81.66666666666667,79.15,10.899999999999991,0,0.0,7,0,0,7.0,Low,Assignment submission,Routine monitoring
STU001108,FIN,Finance,Graduate School of Business,4,Active,85.0,10,97,2624.0,-19.570707070707066,60.0,66.1,-10.800000000000011,10,5.0,14,8,10,47.0,Moderate,Attendance; LMS engagement; Assignment submission; Assessment performance; Performance decline,Review
STU001109,AI,Artificial Intelligence,School of Engineering and Digital Sciences,1,Active,86.0,10,179,5220.0,-5.911029859841567,56.00000000000001,65.54,20.799999999999997,10,0.0,20,8,0,38.0,Moderate,Attendance; Assignment submission; Assessment performance,Review
STU001110,CHEM,Chemistry,School of Sciences and Humanities,2,Active,66.66666666666667,10,175,4325.0,5.712166172106829,56.666666666666664,64.89444444444445,-0.7999999999999972,25,0.0,20,17,3,65.0,High,Attendance; Assignment submission; Assessment performance; Performance decline,Priority outreach
STU001111,BIO,Biological Sciences,School of Sciences and Humanities,2,Active,75.0,10,122,4335.0,-6.135458167330668,66.66666666666666,69.05000000000001,10.100000000000001,18,0.0,14,8,0,40.0,Moderate,Attendance; Assignment submission; Assessment performance,Review
STU001112,PHYS,Physics,School of Sciences and Humanities,1,Active,85.0,10,98,3422.0,-2.5423728813559325,57.49999999999999,58.64166666666667,-13.54999999999999,10,0.0,20,17,10,57.0,Moderate,Attendance; Assignment submission; Assessment performance; Performance decline,Review
STU001113,FIN,Finance,Graduate School of Business,1,Active,67.5,10,79,2219.0,-17.018469656992085,47.5,63.63333333333333,-12.299999999999997,25,5.0,20,17,10,77.0,High,Attendance; LMS engagement; Assignment submission; Assessment performance; Performance decline,Priority outreach
STU001114,ME,Mechanical Engineering,School of Engineering and Digital Sciences,2,Active,96.0,10,221,6834.0,3.5971223021582794,96.0,70.10666666666665,4.799999999999997,0,0.0,0,8,0,8.0,Low,Assessment performance,Routine monitoring
STU001115,BIO,Biological Sciences,School of Sciences and Humanities,1,Active,83.33333333333334,10,241,6166.0,2.95790671217293,80.0,76.00555555555555,-7.200000000000003,10,0.0,7,0,6,23.0,Low,Attendance; Assignment submission; Performance decline,Routine monitoring
STU001116,EE,Electrical Engineering,School of Engineering and Digital Sciences,3,Active,98.0,10,218,6521.0,0.5563985837126902,96.0,73.33333333333333,-5.300000000000011,0,0.0,0,8,6,14.0,Low,Assessment performance; Performance decline,Routine monitoring
STU001117,CE,Civil Engineering,School of Mining and Geosciences,1,Active,90.0,10,171,4486.0,-3.641660597232342,67.5,68.38333333333334,6.250000000000014,0,0.0,14,8,0,22.0,Low,Assignment submission; Assessment performance,Routine monitoring
STU001118,AI,Artificial Intelligence,School of Engineering and Digital Sciences,3,Active,75.0,10,102,2344.0,-16.514954486345896,47.5,61.44166666666666,-12.599999999999994,18,5.0,20,17,10,70.0,High,Attendance; LMS engagement; Assignment submission; Assessment performance; Performance decline,Priority outreach
STU001119,PSIR,Political Science and International Relations,School of Sciences and Humanities,3,Active,88.33333333333333,10,199,6083.0,-5.822649572649579,70.0,69.91111111111111,-12.450000000000003,10,0.0,14,8,10,42.0,Moderate,Attendance; Assignment submission; Assessment performance; Performance decline,Review
STU001120,PSIR,Political Science and International Relations,School of Sciences and Humanities,1,Active,92.5,10,160,4611.0,-2.2017045454545414,72.5,74.44166666666668,0.0,0,0.0,14,8,0,22.0,Low,Assignment submission; Assessment performance,Routine monitoring
STU001121,EE,Electrical Engineering,School of Engineering and Digital Sciences,3,Active,80.0,10,189,5266.0,-3.7998733375554252,73.33333333333333,73.25555555555555,22.550000000000004,10,0.0,14,8,0,32.0,Moderate,Attendance; Assignment submission; Assessment performance,Review
STU001122,PSIR,Political Science and International Relations,School of Sciences and Humanities,1,Active,86.66666666666667,10,235,6915.0,1.0086455331412103,85.0,67.37777777777778,6.849999999999994,10,0.0,7,8,0,25.0,Low,Attendance; Assignment submission; Assessment performance,Routine monitoring
STU001123,CHEM,Chemistry,School of Sciences and Humanities,1,Active,96.0,10,208,6183.0,8.546543277082186,82.0,76.38000000000001,4.200000000000003,0,0.0,7,0,0,7.0,Low,Assignment submission,Routine monitoring
STU001124,CS,Computer Science,School of Engineering and Digital Sciences,4,Active,82.0,10,182,5369.0,1.0223642172524035,78.0,74.68,4.599999999999994,10,0.0,7,8,0,25.0,Low,Attendance; Assignment submission; Assessment performance,Routine monitoring
STU001125,PHYS,Physics,School of Sciences and Humanities,1,Active,100.0,10,203,5343.0,7.781350482315097,92.5,61.34166666666667,-2.450000000000003,0,0.0,0,17,3,20.0,Low,Assessment performance; Performance decline,Routine monitoring
STU001126,AI,Artificial Intelligence,School of Engineering and Digital Sciences,1,Active,75.0,10,117,3702.0,-8.040201005025125,70.0,63.625,2.6000000000000014,18,0.0,14,17,0,49.0,Moderate,Attendance; Assignment submission; Assessment performance,Review
STU001127,PSIR,Political Science and International Relations,School of Sciences and Humanities,3,Active,72.0,10,97,2742.0,8.09399477806788,42.0,67.04,-7.800000000000011,18,0.0,20,8,6,52.0,Moderate,Attendance; Assignment submission; Assessment performance; Performance decline,Review
STU001128,ECON,Economics,Graduate School of Business,2,Active,88.0,10,147,4092.0,9.302325581395358,72.0,76.3,-10.650000000000006,10,0.0,14,0,10,34.0,Moderate,Attendance; Assignment submission; Performance decline,Review
STU001129,CE,Civil Engineering,School of Mining and Geosciences,3,Active,90.0,10,202,5731.0,-11.147011308562197,86.0,74.3,-7.799999999999997,0,0.0,7,8,6,21.0,Low,Assignment submission; Assessment performance; Performance decline,Routine monitoring
STU001130,EE,Electrical Engineering,School of Engineering and Digital Sciences,2,Active,75.0,10,163,4070.0,9.644268774703548,67.5,70.66666666666667,-18.0,18,0.0,14,8,10,50.0,Moderate,Attendance; Assignment submission; Assessment performance; Performance decline,Review
STU001131,AI,Artificial Intelligence,School of Engineering and Digital Sciences,2,Active,85.0,10,99,2980.0,-27.42409402546523,60.0,66.10000000000001,-11.25,10,5.0,14,8,10,47.0,Moderate,Attendance; LMS engagement; Assignment submission; Assessment performance; Performance decline,Review
STU001132,FIN,Finance,Graduate School of Business,2,Active,78.0,10,195,5357.0,13.50239890335847,80.0,71.94666666666667,1.7999999999999972,18,0.0,7,8,0,33.0,Moderate,Attendance; Assignment submission; Assessment performance,Review
STU001133,CE,Civil Engineering,School of Mining and Geosciences,3,Active,65.0,10,67,1930.0,-2.04778156996587,60.0,58.699999999999996,-1.1000000000000085,25,0.0,14,17,3,59.0,Moderate,Attendance; Assignment submission; Assessment performance; Performance decline,Review
STU001134,FIN,Finance,Graduate School of Business,4,Active,86.66666666666667,10,196,5322.0,-16.704675028506266,70.0,70.73888888888888,-6.300000000000004,10,5.0,14,8,6,43.0,Moderate,Attendance; LMS engagement; Assignment submission; Assessment performance; Performance decline,Review
STU001135,PHYS,Physics,School of Sciences and Humanities,3,Active,94.0,10,243,6623.0,9.761388286334057,96.0,79.92666666666668,0.8500000000000085,0,0.0,0,0,0,0.0,Low,No material signal,Routine monitoring
STU001136,BIO,Biological Sciences,School of Sciences and Humanities,1,Active,82.5,10,100,2832.0,34.679665738161546,72.5,62.425000000000004,-12.150000000000006,10,0.0,14,17,10,51.0,Moderate,Attendance; Assignment submission; Assessment performance; Performance decline,Review
STU001137,CS,Computer Science,School of Engineering and Digital Sciences,3,Active,85.0,10,149,4690.0,7.286245353159856,82.5,67.34166666666667,14.600000000000009,10,0.0,7,8,0,25.0,Low,Attendance; Assignment submission; Assessment performance,Routine monitoring
STU001138,CHEM,Chemistry,School of Sciences and Humanities,2,Active,90.0,10,186,4630.0,-2.359882005899709,90.0,65.19166666666666,-9.149999999999991,0,0.0,0,8,6,14.0,Low,Assessment performance; Performance decline,Routine monitoring
STU001139,AI,Artificial Intelligence,School of Engineering and Digital Sciences,2,Active,80.0,10,136,4253.0,6.220095693779904,76.0,65.32,-11.950000000000003,10,0.0,7,8,10,35.0,Moderate,Attendance; Assignment submission; Assessment performance; Performance decline,Review
STU001140,FIN,Finance,Graduate School of Business,1,Active,81.66666666666667,10,225,6608.0,-0.4972650422675342,81.66666666666667,74.86666666666666,13.850000000000009,10,0.0,7,8,0,25.0,Low,Attendance; Assignment submission; Assessment performance,Routine monitoring
STU001141,CS,Computer Science,School of Engineering and Digital Sciences,4,Active,94.0,10,205,6758.0,-0.7952286282306051,92.0,75.14666666666668,8.899999999999991,0,0.0,0,0,0,0.0,Low,No material signal,Routine monitoring
STU001142,AI,Artificial Intelligence,School of Engineering and Digital Sciences,2,Active,65.0,10,93,2678.0,-31.3915857605178,40.0,59.32777777777778,-10.25,25,9.0,20,17,10,81.0,Critical,Attendance; LMS engagement; Assignment submission; Assessment performance; Performance decline,Urgent review
STU001143,AI,Artificial Intelligence,School of Engineering and Digital Sciences,2,Active,75.0,10,107,3650.0,2.710027100271003,72.5,64.22500000000001,-8.700000000000003,18,0.0,14,17,6,55.0,Moderate,Attendance; Assignment submission; Assessment performance; Performance decline,Review
STU001144,ECON,Economics,Graduate School of Business,2,Active,74.0,10,148,4296.0,1.8547140649149925,72.0,75.26,-0.3999999999999915,18,0.0,14,0,3,35.0,Moderate,Attendance; Assignment submission; Performance decline,Review
STU001145,SOCI,Sociology,School of Sciences and Humanities,1,Active,73.33333333333334,10,200,5626.0,-15.209125475285159,78.33333333333333,64.87222222222222,4.599999999999994,18,5.0,7,17,0,47.0,Moderate,Attendance; LMS engagement; Assignment submission; Assessment performance,Review
STU001146,EE,Electrical Engineering,School of Engineering and Digital Sciences,2,Active,82.0,10,134,4497.0,2.2590361445783134,74.0,69.74,1.9499999999999886,10,0.0,14,8,0,32.0,Moderate,Attendance; Assignment submission; Assessment performance,Review
STU001147,BIO,Biological Sciences,School of Sciences and Humanities,4,Active,86.66666666666667,10,218,5491.0,-9.455415918611614,80.0,73.82777777777778,-5.099999999999994,10,0.0,7,8,6,31.0,Moderate,Attendance; Assignment submission; Assessment performance; Performance decline,Review
STU001148,FIN,Finance,Graduate School of Business,1,Active,90.0,10,263,7075.0,-4.03079710144927,81.66666666666667,78.76666666666667,-3.0999999999999943,0,0.0,7,0,3,10.0,Low,Assignment submission; Performance decline,Routine monitoring
STU001149,CS,Computer Science,School of Engineering and Digital Sciences,3,Active,72.0,10,152,4974.0,-3.058510638297869,80.0,71.69333333333334,-2.75,18,0.0,7,8,3,36.0,Moderate,Attendance; Assignment submission; Assessment performance; Performance decline,Review
STU001150,FIN,Finance,Graduate School of Business,4,Active,82.0,10,145,2942.0,18.523316062176175,56.00000000000001,62.48666666666667,-18.0,10,0.0,20,17,10,57.0,Moderate,Attendance; Assignment submission; Assessment performance; Performance decline,Review
STU001151,CE,Civil Engineering,School of Mining and Geosciences,4,Active,88.0,10,186,5182.0,4.309764309764318,78.0,67.58666666666666,3.8499999999999943,10,0.0,7,8,0,25.0,Low,Attendance; Assignment submission; Assessment performance,Routine monitoring
STU001152,AI,Artificial Intelligence,School of Engineering and Digital Sciences,4,Active,74.0,10,126,3762.0,-25.82582582582583,66.0,55.16,-8.200000000000003,18,5.0,14,17,6,60.0,High,Attendance; LMS engagement; Assignment submission; Assessment performance; Performance decline,Priority outreach
STU001153,EE,Electrical Engineering,School of Engineering and Digital Sciences,4,Active,82.5,10,166,3852.0,4.450261780104712,70.0,56.916666666666664,3.750000000000007,10,0.0,14,17,0,41.0,Moderate,Attendance; Assignment submission; Assessment performance,Review
STU001154,PHYS,Physics,School of Sciences and Humanities,2,Active,80.0,10,141,3473.0,-6.216696269982233,72.5,63.36666666666667,-0.15000000000000568,10,0.0,14,17,3,44.0,Moderate,Attendance; Assignment submission; Assessment performance; Performance decline,Review
STU001155,AI,Artificial Intelligence,School of Engineering and Digital Sciences,3,Active,81.66666666666667,10,194,5740.0,-12.782745923198318,75.0,64.9,-29.700000000000003,10,0.0,7,17,10,44.0,Moderate,Attendance; Assignment submission; Assessment performance; Performance decline,Review
STU001156,ME,Mechanical Engineering,School of Engineering and Digital Sciences,3,Active,88.0,10,177,5217.0,4.912734324499038,88.0,70.16000000000001,-3.5999999999999943,10,0.0,7,8,3,28.0,Low,Attendance; Assignment submission; Assessment performance; Performance decline,Routine monitoring
STU001157,ECON,Economics,Graduate School of Business,4,Active,73.33333333333334,10,204,5341.0,-7.398568019093066,75.0,74.15,-8.900000000000006,18,0.0,7,8,6,39.0,Moderate,Attendance; Assignment submission; Assessment performance; Performance decline,Review
STU001158,FIN,Finance,Graduate School of Business,1,Active,81.66666666666667,10,201,5265.0,13.293253173012701,58.333333333333336,59.34444444444445,-0.7499999999999929,10,0.0,20,17,3,50.0,Moderate,Attendance; Assignment submission; Assessment performance; Performance decline,Review
STU001159,BIO,Biological Sciences,School of Sciences and Humanities,3,Active,88.0,10,152,4564.0,-5.642857142857151,74.0,71.14666666666668,-12.549999999999997,10,0.0,14,8,10,42.0,Moderate,Attendance; Assignment submission; Assessment performance; Performance decline,Review
STU001160,ECON,Economics,Graduate School of Business,3,Active,68.0,10,88,2957.0,-5.923694779116471,48.0,54.7,-2.3999999999999915,25,0.0,20,25,3,73.0,High,Attendance; Assignment submission; Assessment performance; Performance decline,Priority outreach
STU001161,ME,Mechanical Engineering,School of Engineering and Digital Sciences,3,Active,88.33333333333333,10,236,7121.0,-5.7591623036649215,93.33333333333333,75.88888888888889,-0.700000000000017,10,0.0,0,0,3,13.0,Low,Attendance; Performance decline,Routine monitoring
STU001162,SOCI,Sociology,School of Sciences and Humanities,4,Active,88.33333333333333,10,234,6417.0,2.694136291600634,75.0,62.266666666666666,-7.249999999999993,10,0.0,7,17,6,40.0,Moderate,Attendance; Assignment submission; Assessment performance; Performance decline,Review
STU001163,AI,Artificial Intelligence,School of Engineering and Digital Sciences,4,Active,84.0,10,184,5209.0,5.2398989898989825,74.0,68.59333333333333,6.200000000000017,10,0.0,14,8,0,32.0,Moderate,Attendance; Assignment submission; Assessment performance,Review
STU001164,CS,Computer Science,School of Engineering and Digital Sciences,3,Active,78.0,10,156,4011.0,-1.6574585635359116,70.0,59.559999999999995,2.0999999999999943,18,0.0,14,17,0,49.0,Moderate,Attendance; Assignment submission; Assessment performance,Review
STU001165,PHYS,Physics,School of Sciences and Humanities,3,Active,78.0,10,114,2730.0,13.99276236429434,62.0,56.440000000000005,-18.25,18,0.0,14,17,10,59.0,Moderate,Attendance; Assignment submission; Assessment performance; Performance decline,Review
STU001166,SOCI,Sociology,School of Sciences and Humanities,1,Active,90.0,10,191,4853.0,4.707464694014791,80.0,70.45833333333333,12.150000000000006,0,0.0,7,8,0,15.0,Low,Assignment submission; Assessment performance,Routine monitoring
STU001167,EE,Electrical Engineering,School of Engineering and Digital Sciences,2,Active,62.5,10,77,1875.0,-24.2152466367713,47.5,48.925000000000004,-11.5,25,5.0,20,25,10,85.0,Critical,Attendance; LMS engagement; Assignment submission; Assessment performance; Performance decline,Urgent review
STU001168,CHEM,Chemistry,School of Sciences and Humanities,4,Active,82.5,10,151,4165.0,0.16129032258064976,82.5,68.25833333333334,-15.900000000000006,10,0.0,7,8,10,35.0,Moderate,Attendance; Assignment submission; Assessment performance; Performance decline,Review
STU001169,BIO,Biological Sciences,School of Sciences and Humanities,2,Active,95.0,10,256,7329.0,-6.388415672913118,86.66666666666667,69.9388888888889,-11.299999999999997,0,0.0,7,8,10,25.0,Low,Assignment submission; Assessment performance; Performance decline,Routine monitoring
STU001170,ME,Mechanical Engineering,School of Engineering and Digital Sciences,2,Active,86.66666666666667,10,256,6802.0,10.951893551688832,80.0,70.03333333333333,-6.299999999999997,10,0.0,7,8,6,31.0,Moderate,Attendance; Assignment submission; Assessment performance; Performance decline,Review
STU001171,CHEM,Chemistry,School of Sciences and Humanities,3,Active,96.66666666666667,10,284,8152.0,1.0507880910683012,93.33333333333333,76.61666666666666,-5.549999999999997,0,0.0,0,0,6,6.0,Low,Performance decline,Routine monitoring
STU001172,BIO,Biological Sciences,School of Sciences and Humanities,3,Active,80.0,10,165,5171.0,-16.598480420806546,66.66666666666666,73.69999999999999,-0.44999999999998863,10,5.0,14,8,3,40.0,Moderate,Attendance; LMS engagement; Assignment submission; Assessment performance; Performance decline,Review
STU001173,CE,Civil Engineering,School of Mining and Geosciences,1,Active,94.0,10,212,6692.0,-7.644230769230768,96.0,79.3,6.799999999999997,0,0.0,0,0,0,0.0,Low,No material signal,Routine monitoring
STU001174,PSIR,Political Science and International Relations,School of Sciences and Humanities,1,Active,77.5,10,119,3931.0,-9.379968203497612,82.5,72.30833333333334,-11.650000000000006,18,0.0,7,8,10,43.0,Moderate,Attendance; Assignment submission; Assessment performance; Performance decline,Review
STU001175,PHYS,Physics,School of Sciences and Humanities,4,Active,86.66666666666667,10,261,6978.0,8.990384615384604,75.0,68.84444444444445,14.900000000000013,10,0.0,7,8,0,25.0,Low,Attendance; Assignment submission; Assessment performance,Routine monitoring
STU001176,CS,Computer Science,School of Engineering and Digital Sciences,2,Active,70.0,10,101,3218.0,11.57556270096463,62.5,72.55833333333332,-1.1499999999999915,18,0.0,14,8,3,43.0,Moderate,Attendance; Assignment submission; Assessment performance; Performance decline,Review
STU001177,EE,Electrical Engineering,School of Engineering and Digital Sciences,2,Active,98.33333333333333,10,235,7484.0,-2.0650263620386595,83.33333333333334,75.23333333333333,0.6500000000000057,0,0.0,7,0,0,7.0,Low,Assignment submission,Routine monitoring
STU001178,CE,Civil Engineering,School of Mining and Geosciences,2,Active,92.0,10,210,6463.0,4.3707214323328,84.0,85.58666666666666,-0.04999999999998295,0,0.0,7,0,3,10.0,Low,Assignment submission; Performance decline,Routine monitoring
STU001179,AI,Artificial Intelligence,School of Engineering and Digital Sciences,1,Active,91.66666666666666,10,288,8033.0,3.0176026823134956,95.0,83.05000000000001,6.500000000000014,0,0.0,0,0,0,0.0,Low,No material signal,Routine monitoring
STU001180,EE,Electrical Engineering,School of Engineering and Digital Sciences,2,Active,76.0,10,185,4666.0,-0.07501875468866791,76.0,61.88666666666666,-15.200000000000003,18,0.0,7,17,10,52.0,Moderate,Attendance; Assignment submission; Assessment performance; Performance decline,Review
STU001181,CE,Civil Engineering,School of Mining and Geosciences,2,Active,83.33333333333334,10,230,6153.0,-4.916317991631805,78.33333333333333,77.91666666666667,-15.100000000000001,10,0.0,7,0,10,27.0,Low,Attendance; Assignment submission; Performance decline,Routine monitoring
STU001182,CHEM,Chemistry,School of Sciences and Humanities,1,Active,85.0,10,233,6944.0,1.8604651162790753,80.0,77.62222222222222,16.25,10,0.0,7,0,0,17.0,Low,Attendance; Assignment submission,Routine monitoring
STU001183,ME,Mechanical Engineering,School of Engineering and Digital Sciences,2,Active,68.33333333333333,10,134,3182.0,-1.1458333333333393,56.666666666666664,51.12777777777777,-2.3000000000000043,25,0.0,20,25,3,73.0,High,Attendance; Assignment submission; Assessment performance; Performance decline,Priority outreach
STU001184,PSIR,Political Science and International Relations,School of Sciences and Humanities,3,Active,76.66666666666666,10,211,6230.0,-1.7745302713987356,81.66666666666667,64.06666666666666,7.899999999999999,18,0.0,7,17,0,42.0,Moderate,Attendance; Assignment submission; Assessment performance,Review
STU001185,PSIR,Political Science and International Relations,School of Sciences and Humanities,4,Active,95.0,10,176,5310.0,6.418485237483938,87.5,87.08333333333333,5.800000000000011,0,0.0,7,0,0,7.0,Low,Assignment submission,Routine monitoring
STU001186,EE,Electrical Engineering,School of Engineering and Digital Sciences,4,Active,83.33333333333334,10,199,5153.0,-3.365695792880255,73.33333333333333,66.84444444444445,0.9499999999999886,10,0.0,14,8,0,32.0,Moderate,Attendance; Assignment submission; Assessment performance,Review
STU001187,CHEM,Chemistry,School of Sciences and Humanities,1,Active,86.66666666666667,10,246,7019.0,1.7560512577123761,85.0,71.97777777777777,-2.0,10,0.0,7,8,3,28.0,Low,Attendance; Assignment submission; Assessment performance; Performance decline,Routine monitoring
STU001188,PHYS,Physics,School of Sciences and Humanities,4,Active,94.0,10,208,6502.0,-4.051282051282056,82.0,73.13333333333334,-5.1499999999999915,0,0.0,7,8,6,21.0,Low,Assignment submission; Assessment performance; Performance decline,Routine monitoring
STU001189,CHEM,Chemistry,School of Sciences and Humanities,3,Active,70.0,10,159,3259.0,-7.876370887337981,56.666666666666664,55.46666666666667,-2.0500000000000043,18,0.0,20,17,3,58.0,Moderate,Attendance; Assignment submission; Assessment performance; Performance decline,Review
STU001190,CE,Civil Engineering,School of Mining and Geosciences,4,Active,66.66666666666667,10,154,3746.0,-14.129520605550884,55.00000000000001,65.75555555555555,-10.650000000000006,25,0.0,20,8,10,63.0,High,Attendance; Assignment submission; Assessment performance; Performance decline,Priority outreach
STU001191,AI,Artificial Intelligence,School of Engineering and Digital Sciences,3,Active,72.5,10,100,2824.0,-2.8402366863905324,57.49999999999999,64.66666666666667,-11.949999999999996,18,0.0,20,17,10,65.0,High,Attendance; Assignment submission; Assessment performance; Performance decline,Priority outreach
STU001192,CHEM,Chemistry,School of Sciences and Humanities,1,Active,72.0,10,116,3502.0,-8.394833948339478,62.0,68.32666666666667,-11.849999999999994,18,0.0,14,8,10,50.0,Moderate,Attendance; Assignment submission; Assessment performance; Performance decline,Review
STU001193,EE,Electrical Engineering,School of Engineering and Digital Sciences,3,Active,71.66666666666667,10,166,4738.0,8.379501385041548,73.33333333333333,61.44444444444444,-31.5,18,0.0,14,17,10,59.0,Moderate,Attendance; Assignment submission; Assessment performance; Performance decline,Review
STU001194,CE,Civil Engineering,School of Mining and Geosciences,2,Active,78.0,10,162,3942.0,-8.987052551408995,70.0,68.92666666666668,-23.0,18,0.0,14,8,10,50.0,Moderate,Attendance; Assignment submission; Assessment performance; Performance decline,Review
STU001195,CE,Civil Engineering,School of Mining and Geosciences,1,Active,72.5,10,94,2410.0,-11.375000000000004,65.0,54.65833333333333,-18.099999999999994,18,0.0,14,25,10,67.0,High,Attendance; Assignment submission; Assessment performance; Performance decline,Priority outreach
STU001196,FIN,Finance,Graduate School of Business,2,Active,86.0,10,122,4157.0,0.46765393608729533,70.0,60.77333333333333,-1.0,10,0.0,14,17,3,44.0,Moderate,Attendance; Assignment submission; Assessment performance; Performance decline,Review
STU001197,AI,Artificial Intelligence,School of Engineering and Digital Sciences,2,Active,96.66666666666667,10,289,8013.0,1.273100616016432,90.0,78.54444444444444,-10.799999999999997,0,0.0,0,0,10,10.0,Low,Performance decline,Routine monitoring
STU001198,ME,Mechanical Engineering,School of Engineering and Digital Sciences,3,Active,95.0,10,152,4133.0,14.370748299319725,85.0,67.09166666666667,14.150000000000006,0,0.0,7,8,0,15.0,Low,Assignment submission; Assessment performance,Routine monitoring
STU001199,CHEM,Chemistry,School of Sciences and Humanities,1,Active,92.5,10,163,5044.0,-12.647975077881624,80.0,78.18333333333334,14.150000000000006,0,0.0,7,0,0,7.0,Low,Assignment submission,Routine monitoring
STU001200,CHEM,Chemistry,School of Sciences and Humanities,2,Active,76.66666666666666,10,193,5157.0,-17.88874841972188,70.0,77.22777777777777,-13.050000000000011,18,5.0,14,0,10,47.0,Moderate,Attendance; LMS engagement; Assignment submission; Performance decline,Review
STU001201,AI,Artificial Intelligence,School of Engineering and Digital Sciences,1,Active,83.33333333333334,10,190,5189.0,0.6008010680907877,75.0,62.17222222222222,10.79999999999999,10,0.0,7,17,0,34.0,Moderate,Attendance; Assignment submission; Assessment performance,Review
STU001202,CS,Computer Science,School of Engineering and Digital Sciences,4,Active,82.5,10,131,3998.0,-6.255212677231025,67.5,72.69166666666666,-8.600000000000009,10,0.0,14,8,6,38.0,Moderate,Attendance; Assignment submission; Assessment performance; Performance decline,Review
STU001203,FIN,Finance,Graduate School of Business,1,Active,70.0,10,146,4340.0,-4.859529233105539,63.33333333333333,54.33888888888889,-19.4,18,0.0,14,25,10,67.0,High,Attendance; Assignment submission; Assessment performance; Performance decline,Priority outreach
STU001204,CS,Computer Science,School of Engineering and Digital Sciences,4,Active,78.0,10,177,5294.0,-3.4254807692307696,82.0,75.80666666666666,-10.5,18,0.0,7,0,10,35.0,Moderate,Attendance; Assignment submission; Performance decline,Review
STU001205,CE,Civil Engineering,School of Mining and Geosciences,2,Active,73.33333333333334,10,211,6063.0,10.011061946902663,58.333333333333336,69.83888888888889,3.3999999999999915,18,0.0,20,8,0,46.0,Moderate,Attendance; Assignment submission; Assessment performance,Review
STU001206,CE,Civil Engineering,School of Mining and Geosciences,2,Active,83.33333333333334,10,253,6393.0,-3.474320241691843,80.0,78.50555555555555,-5.699999999999989,10,0.0,7,0,6,23.0,Low,Attendance; Assignment submission; Performance decline,Routine monitoring
STU001207,BIO,Biological Sciences,School of Sciences and Humanities,2,Active,83.33333333333334,10,195,5981.0,-4.821150855365474,68.33333333333333,64.23333333333333,3.6499999999999986,10,0.0,14,17,0,41.0,Moderate,Attendance; Assignment submission; Assessment performance,Review
STU001208,EE,Electrical Engineering,School of Engineering and Digital Sciences,3,Active,86.66666666666667,10,231,5404.0,3.1189083820662766,76.66666666666667,56.47777777777778,-8.400000000000006,10,0.0,7,17,6,40.0,Moderate,Attendance; Assignment submission; Assessment performance; Performance decline,Review
STU001209,PSIR,Political Science and International Relations,School of Sciences and Humanities,2,Active,78.33333333333333,10,189,5735.0,-3.7507212925562547,58.333333333333336,66.97777777777777,-0.5999999999999943,18,0.0,20,8,3,49.0,Moderate,Attendance; Assignment submission; Assessment performance; Performance decline,Review
STU001210,BIO,Biological Sciences,School of Sciences and Humanities,4,Active,72.5,10,121,3488.0,-8.363970588235304,62.5,74.49166666666666,2.0999999999999943,18,0.0,14,8,0,40.0,Moderate,Attendance; Assignment submission; Assessment performance,Review
STU001211,CE,Civil Engineering,School of Mining and Geosciences,1,Active,96.66666666666667,10,279,7802.0,1.181434599156123,90.0,73.05000000000001,-9.700000000000003,0,0.0,0,8,6,14.0,Low,Assessment performance; Performance decline,Routine monitoring
STU001212,PHYS,Physics,School of Sciences and Humanities,4,Active,86.66666666666667,10,238,6762.0,-17.595818815331018,80.0,70.78888888888889,5.400000000000006,10,5.0,7,8,0,30.0,Moderate,Attendance; LMS engagement; Assignment submission; Assessment performance,Review
STU001213,BIO,Biological Sciences,School of Sciences and Humanities,2,Active,70.0,10,139,4350.0,-0.0742390497401591,70.0,65.93333333333334,4.800000000000004,18,0.0,14,8,0,40.0,Moderate,Attendance; Assignment submission; Assessment performance,Review
STU001214,ME,Mechanical Engineering,School of Engineering and Digital Sciences,2,Active,68.0,10,144,4364.0,4.243394715772623,72.0,61.666666666666664,5.299999999999997,25,0.0,14,17,0,56.0,Moderate,Attendance; Assignment submission; Assessment performance,Review
STU001215,CE,Civil Engineering,School of Mining and Geosciences,3,Active,73.33333333333334,10,147,4007.0,-9.659090909090914,61.66666666666667,62.61666666666666,7.300000000000011,18,0.0,14,17,0,49.0,Moderate,Attendance; Assignment submission; Assessment performance,Review
STU001216,ME,Mechanical Engineering,School of Engineering and Digital Sciences,4,Active,80.0,10,116,3457.0,-22.483221476510064,57.49999999999999,73.77499999999999,-0.9000000000000057,10,5.0,20,8,3,46.0,Moderate,Attendance; LMS engagement; Assignment submission; Assessment performance; Performance decline,Review
STU001217,SOCI,Sociology,School of Sciences and Humanities,4,Active,82.5,10,140,4545.0,-1.6594516594516633,87.5,70.075,-3.950000000000003,10,0.0,7,8,3,28.0,Low,Attendance; Assignment submission; Assessment performance; Performance decline,Routine monitoring
STU001218,CHEM,Chemistry,School of Sciences and Humanities,4,Active,81.66666666666667,10,226,6166.0,-1.1554621848739377,81.35593220338984,67.84444444444445,14.550000000000011,10,0.0,7,8,0,25.0,Low,Attendance; Assignment submission; Assessment performance,Routine monitoring
STU001219,ME,Mechanical Engineering,School of Engineering and Digital Sciences,2,Active,72.5,10,136,4208.0,-13.010590015128601,80.0,80.03333333333333,15.850000000000009,18,0.0,7,0,0,25.0,Low,Attendance; Assignment submission,Routine monitoring
STU001220,SOCI,Sociology,School of Sciences and Humanities,2,Active,80.0,10,123,3821.0,-1.5030946065428874,75.0,62.0,-12.54999999999999,10,0.0,7,17,10,44.0,Moderate,Attendance; Assignment submission; Assessment performance; Performance decline,Review
STU001221,ME,Mechanical Engineering,School of Engineering and Digital Sciences,4,Active,91.66666666666666,10,232,7013.0,4.105011933174218,80.0,74.53888888888889,-13.600000000000009,0,0.0,7,8,10,25.0,Low,Assignment submission; Assessment performance; Performance decline,Routine monitoring
STU001222,PHYS,Physics,School of Sciences and Humanities,3,Active,80.0,10,193,4931.0,-14.94110353378797,62.0,69.14,-6.499999999999986,10,0.0,14,8,6,38.0,Moderate,Attendance; Assignment submission; Assessment performance; Performance decline,Review
STU001223,BIO,Biological Sciences,School of Sciences and Humanities,2,Active,72.0,10,141,3780.0,-13.073593073593068,64.0,69.33999999999999,-1.2500000000000142,18,0.0,14,8,3,43.0,Moderate,Attendance; Assignment submission; Assessment performance; Performance decline,Review
STU001224,AI,Artificial Intelligence,School of Engineering and Digital Sciences,3,Active,58.00000000000001,10,73,1834.0,-15.586419753086414,36.0,61.99333333333333,-5.149999999999999,25,5.0,20,17,6,73.0,High,Attendance; LMS engagement; Assignment submission; Assessment performance; Performance decline,Priority outreach
STU001225,EE,Electrical Engineering,School of Engineering and Digital Sciences,2,Active,80.0,10,195,5355.0,-2.2222222222222157,78.0,76.03333333333333,-7.0,10,0.0,7,0,6,23.0,Low,Attendance; Assignment submission; Performance decline,Routine monitoring
STU001226,PHYS,Physics,School of Sciences and Humanities,2,Active,84.0,10,233,6102.0,-16.03483606557376,84.0,68.04,-8.799999999999983,10,5.0,7,8,6,36.0,Moderate,Attendance; LMS engagement; Assignment submission; Assessment performance; Performance decline,Review
STU001227,CHEM,Chemistry,School of Sciences and Humanities,4,Active,88.33333333333333,10,214,6016.0,0.8508224617129893,81.66666666666667,62.166666666666664,7.25,10,0.0,7,17,0,34.0,Moderate,Attendance; Assignment submission; Assessment performance,Review
STU001228,PSIR,Political Science and International Relations,School of Sciences and Humanities,2,Active,74.0,10,166,4740.0,5.25131282820706,66.0,67.26666666666667,-0.04999999999999716,18,0.0,14,8,3,43.0,Moderate,Attendance; Assignment submission; Assessment performance; Performance decline,Review
STU001229,CHEM,Chemistry,School of Sciences and Humanities,2,Active,65.99999999999999,10,115,3285.0,-6.619859578736209,72.0,52.980000000000004,0.6499999999999986,25,0.0,14,25,0,64.0,High,Attendance; Assignment submission; Assessment performance,Priority outreach
STU001230,CS,Computer Science,School of Engineering and Digital Sciences,2,Active,74.0,10,110,2753.0,-5.348258706467665,62.0,59.8,-32.999999999999986,18,0.0,14,17,10,59.0,Moderate,Attendance; Assignment submission; Assessment performance; Performance decline,Review
STU001231,CE,Civil Engineering,School of Mining and Geosciences,2,Active,91.66666666666666,10,245,6557.0,-8.951762523191084,83.33333333333334,63.23888888888889,6.050000000000004,0,0.0,7,17,0,24.0,Low,Assignment submission; Assessment performance,Routine monitoring
STU001232,BIO,Biological Sciences,School of Sciences and Humanities,2,Active,80.0,10,153,4178.0,-15.606508875739653,76.0,69.52,-6.75,10,5.0,7,8,6,36.0,Moderate,Attendance; LMS engagement; Assignment submission; Assessment performance; Performance decline,Review
STU001233,CS,Computer Science,School of Engineering and Digital Sciences,2,Active,74.0,10,132,3947.0,-7.796340493237873,60.0,66.11999999999999,4.350000000000001,18,0.0,14,8,0,40.0,Moderate,Attendance; Assignment submission; Assessment performance,Review
STU001234,PHYS,Physics,School of Sciences and Humanities,1,Active,72.0,10,155,4903.0,-0.2739726027397338,74.0,72.58666666666666,-1.0999999999999943,18,0.0,14,8,3,43.0,Moderate,Attendance; Assignment submission; Assessment performance; Performance decline,Review
STU001235,EE,Electrical Engineering,School of Engineering and Digital Sciences,1,Active,62.5,10,109,2566.0,-6.169665809768627,57.49999999999999,50.19166666666666,-18.799999999999997,25,0.0,20,25,10,80.0,Critical,Attendance; Assignment submission; Assessment performance; Performance decline,Urgent review
STU001236,CHEM,Chemistry,School of Sciences and Humanities,1,Active,88.0,10,165,4777.0,6.398809523809527,68.0,67.02,-12.800000000000011,10,0.0,14,8,10,42.0,Moderate,Attendance; Assignment submission; Assessment performance; Performance decline,Review
STU001237,BIO,Biological Sciences,School of Sciences and Humanities,2,Active,71.66666666666667,10,205,5525.0,13.35384615384616,73.33333333333333,58.56666666666667,-8.749999999999993,18,0.0,14,17,6,55.0,Moderate,Attendance; Assignment submission; Assessment performance; Performance decline,Review
STU001238,CS,Computer Science,School of Engineering and Digital Sciences,4,Active,65.0,10,121,3514.0,-2.959641255605381,57.49999999999999,73.55833333333332,-11.350000000000009,25,0.0,20,8,10,63.0,High,Attendance; Assignment submission; Assessment performance; Performance decline,Priority outreach
STU001239,SOCI,Sociology,School of Sciences and Humanities,4,Active,88.33333333333333,10,179,5232.0,3.649635036496347,66.66666666666666,68.13888888888889,-3.049999999999983,10,0.0,14,8,3,35.0,Moderate,Attendance; Assignment submission; Assessment performance; Performance decline,Review
STU001240,FIN,Finance,Graduate School of Business,3,Active,74.0,10,187,5112.0,10.270270270270276,64.0,64.00666666666667,2.3000000000000043,18,0.0,14,17,0,49.0,Moderate,Attendance; Assignment submission; Assessment performance,Review
STU001241,CE,Civil Engineering,School of Mining and Geosciences,2,Active,83.33333333333334,10,232,6167.0,-7.157784743991634,76.66666666666667,64.48888888888888,-6.600000000000001,10,0.0,7,17,6,40.0,Moderate,Attendance; Assignment submission; Assessment performance; Performance decline,Review
STU001242,ME,Mechanical Engineering,School of Engineering and Digital Sciences,2,Active,80.0,10,154,4770.0,0.3644314868804706,61.66666666666667,68.17222222222222,-9.549999999999997,10,0.0,14,8,6,38.0,Moderate,Attendance; Assignment submission; Assessment performance; Performance decline,Review
STU001243,EE,Electrical Engineering,School of Engineering and Digital Sciences,3,Active,92.0,10,200,5276.0,-7.789095266626729,74.0,79.31333333333333,2.3499999999999943,0,0.0,14,0,0,14.0,Low,Assignment submission,Routine monitoring
STU001244,CE,Civil Engineering,School of Mining and Geosciences,2,Active,87.5,10,149,4049.0,1.4072847682119112,72.5,79.14166666666667,3.450000000000003,10,0.0,14,0,0,24.0,Low,Attendance; Assignment submission,Routine monitoring
STU001245,ME,Mechanical Engineering,School of Engineering and Digital Sciences,4,Active,67.5,10,127,3509.0,-20.919747520288556,60.0,58.99166666666667,-13.799999999999997,25,5.0,14,17,10,71.0,High,Attendance; LMS engagement; Assignment submission; Assessment performance; Performance decline,Priority outreach
STU001246,BIO,Biological Sciences,School of Sciences and Humanities,1,Active,80.0,10,123,2976.0,-3.2715376226826605,75.0,63.90833333333333,-19.60000000000001,10,0.0,7,17,10,44.0,Moderate,Attendance; Assignment submission; Assessment performance; Performance decline,Review
STU001247,PHYS,Physics,School of Sciences and Humanities,1,Active,76.66666666666666,10,182,4836.0,-11.984282907662083,68.33333333333333,66.68333333333334,12.599999999999994,18,0.0,14,8,0,40.0,Moderate,Attendance; Assignment submission; Assessment performance,Review
STU001248,CS,Computer Science,School of Engineering and Digital Sciences,3,Active,82.5,10,142,3175.0,-7.6464746772591905,67.5,67.825,12.400000000000006,10,0.0,14,8,0,32.0,Moderate,Attendance; Assignment submission; Assessment performance,Review
STU001249,PHYS,Physics,School of Sciences and Humanities,1,Active,77.5,10,149,3917.0,-2.6655202063628645,62.5,70.69166666666666,1.7999999999999972,18,0.0,14,8,0,40.0,Moderate,Attendance; Assignment submission; Assessment performance,Review
STU001250,ME,Mechanical Engineering,School of Engineering and Digital Sciences,1,Active,77.5,10,103,3192.0,0.4115226337448501,52.5,63.60833333333333,-6.550000000000004,18,0.0,20,17,6,61.0,High,Attendance; Assignment submission; Assessment performance; Performance decline,Priority outreach
STU001251,AI,Artificial Intelligence,School of Engineering and Digital Sciences,1,Active,76.0,10,133,3901.0,-9.571209800918828,64.0,74.91333333333334,4.799999999999983,18,0.0,14,8,0,40.0,Moderate,Attendance; Assignment submission; Assessment performance,Review
STU001252,BIO,Biological Sciences,School of Sciences and Humanities,1,Active,92.0,10,207,5382.0,-8.624708624708632,84.0,78.44666666666667,4.650000000000006,0,0.0,7,0,0,7.0,Low,Assignment submission,Routine monitoring
STU001253,AI,Artificial Intelligence,School of Engineering and Digital Sciences,3,Active,98.33333333333333,10,297,7751.0,-1.0715816545220649,86.66666666666667,83.13888888888889,1.549999999999983,0,0.0,7,0,0,7.0,Low,Assignment submission,Routine monitoring
STU001254,ME,Mechanical Engineering,School of Engineering and Digital Sciences,1,Active,78.0,10,151,4802.0,1.7179670722977811,66.0,71.94666666666667,0.25,18,0.0,14,8,0,40.0,Moderate,Attendance; Assignment submission; Assessment performance,Review
STU001255,PSIR,Political Science and International Relations,School of Sciences and Humanities,3,Active,74.0,10,159,4438.0,1.5753938484621155,66.0,67.47333333333333,-6.700000000000003,18,0.0,14,8,6,46.0,Moderate,Attendance; Assignment submission; Assessment performance; Performance decline,Review
STU001256,CHEM,Chemistry,School of Sciences and Humanities,4,Active,88.0,10,159,4578.0,-5.714285714285711,62.0,74.3,-0.25,10,0.0,14,8,3,35.0,Moderate,Attendance; Assignment submission; Assessment performance; Performance decline,Review
STU001257,SOCI,Sociology,School of Sciences and Humanities,4,Active,92.5,10,142,3721.0,4.684512428298274,75.0,67.84166666666667,14.800000000000011,0,0.0,7,8,0,15.0,Low,Assignment submission; Assessment performance,Routine monitoring
STU001258,ME,Mechanical Engineering,School of Engineering and Digital Sciences,3,Active,73.33333333333334,10,127,3713.0,1.3380909901873326,58.333333333333336,63.25,-14.25,18,0.0,20,17,10,65.0,High,Attendance; Assignment submission; Assessment performance; Performance decline,Priority outreach
STU001259,SOCI,Sociology,School of Sciences and Humanities,3,Active,90.0,10,170,5278.0,-11.018463371054194,84.0,59.873333333333335,9.450000000000003,0,0.0,7,17,0,24.0,Low,Assignment submission; Assessment performance,Routine monitoring
STU001260,SOCI,Sociology,School of Sciences and Humanities,3,Active,82.0,10,198,5300.0,13.990351481736738,70.0,75.24,0.3499999999999943,10,0.0,14,0,0,24.0,Low,Attendance; Assignment submission,Routine monitoring
STU001261,ME,Mechanical Engineering,School of Engineering and Digital Sciences,3,Active,85.0,10,140,3988.0,-16.095617529880474,67.5,75.04166666666667,3.3000000000000114,10,5.0,14,0,0,29.0,Low,Attendance; LMS engagement; Assignment submission,Routine monitoring
STU001262,CS,Computer Science,School of Engineering and Digital Sciences,2,Active,53.333333333333336,10,144,3291.0,-0.5982053838484547,51.66666666666667,63.63333333333334,-9.399999999999991,25,0.0,20,17,6,68.0,High,Attendance; Assignment submission; Assessment performance; Performance decline,Priority outreach
STU001263,ME,Mechanical Engineering,School of Engineering and Digital Sciences,2,Active,75.0,10,185,4838.0,-20.01220256253814,68.33333333333333,60.333333333333336,-4.350000000000001,18,5.0,14,17,3,57.0,Moderate,Attendance; LMS engagement; Assignment submission; Assessment performance; Performance decline,Review
STU001264,ME,Mechanical Engineering,School of Engineering and Digital Sciences,3,Active,78.33333333333333,10,167,4568.0,-13.874910136592385,46.666666666666664,74.17777777777778,4.0,18,0.0,20,8,0,46.0,Moderate,Attendance; Assignment submission; Assessment performance,Review
STU001265,BIO,Biological Sciences,School of Sciences and Humanities,1,Active,57.49999999999999,10,82,2154.0,-21.145374449339208,50.0,52.925000000000004,11.700000000000003,25,5.0,20,25,0,75.0,High,Attendance; LMS engagement; Assignment submission; Assessment performance,Priority outreach
STU001266,CS,Computer Science,School of Engineering and Digital Sciences,2,Active,68.0,10,118,3387.0,2.1395348837209354,56.00000000000001,57.96666666666667,-19.049999999999997,25,0.0,20,17,10,72.0,High,Attendance; Assignment submission; Assessment performance; Performance decline,Priority outreach
STU001267,PSIR,Political Science and International Relations,School of Sciences and Humanities,4,Active,71.66666666666667,10,163,4855.0,15.367807720320462,50.0,64.32222222222222,-12.999999999999986,18,0.0,20,17,10,65.0,High,Attendance; Assignment submission; Assessment performance; Performance decline,Priority outreach
STU001268,FIN,Finance,Graduate School of Business,2,Active,60.0,10,84,2088.0,6.7150635208711495,40.0,64.4,-8.049999999999997,25,0.0,20,17,6,68.0,High,Attendance; Assignment submission; Assessment performance; Performance decline,Priority outreach
STU001269,PSIR,Political Science and International Relations,School of Sciences and Humanities,1,Active,82.5,10,126,4223.0,16.31016042780749,70.0,75.52499999999999,-0.5499999999999972,10,0.0,14,0,3,27.0,Low,Attendance; Assignment submission; Performance decline,Routine monitoring
STU001270,ME,Mechanical Engineering,School of Engineering and Digital Sciences,2,Active,86.66666666666667,10,249,6468.0,-4.213771839671108,75.0,80.31666666666666,6.550000000000011,10,0.0,7,0,0,17.0,Low,Attendance; Assignment submission,Routine monitoring
STU001271,SOCI,Sociology,School of Sciences and Humanities,4,Active,78.0,10,121,3181.0,-27.242246437552396,50.0,54.406666666666666,-9.949999999999996,18,5.0,20,25,6,74.0,High,Attendance; LMS engagement; Assignment submission; Assessment performance; Performance decline,Priority outreach
STU001272,PSIR,Political Science and International Relations,School of Sciences and Humanities,1,Active,81.66666666666667,10,231,6322.0,-1.1683483802442791,78.33333333333333,69.70555555555556,-4.849999999999994,10,0.0,7,8,3,28.0,Low,Attendance; Assignment submission; Assessment performance; Performance decline,Routine monitoring
STU001273,ME,Mechanical Engineering,School of Engineering and Digital Sciences,4,Active,72.0,10,87,2165.0,3.8523274478330665,40.0,58.56666666666667,-17.75,18,0.0,20,17,10,65.0,High,Attendance; Assignment submission; Assessment performance; Performance decline,Priority outreach
STU001274,AI,Artificial Intelligence,School of Engineering and Digital Sciences,4,Active,83.33333333333334,10,160,5705.0,-11.449115044247788,66.66666666666666,68.73333333333333,-2.6999999999999886,10,0.0,14,8,3,35.0,Moderate,Attendance; Assignment submission; Assessment performance; Performance decline,Review
STU001275,ME,Mechanical Engineering,School of Engineering and Digital Sciences,3,Active,80.0,10,142,3666.0,4.961832061068713,77.5,60.74166666666667,2.8499999999999943,10,0.0,7,17,0,34.0,Moderate,Attendance; Assignment submission; Assessment performance,Review
STU001276,EE,Electrical Engineering,School of Engineering and Digital Sciences,3,Active,84.0,10,187,4366.0,3.7576687116564376,68.0,61.18666666666666,-1.6500000000000057,10,0.0,14,17,3,44.0,Moderate,Attendance; Assignment submission; Assessment performance; Performance decline,Review
STU001277,EE,Electrical Engineering,School of Engineering and Digital Sciences,2,Active,77.5,10,111,3278.0,-6.382978723404256,72.5,67.48333333333333,-25.099999999999994,18,0.0,14,8,10,50.0,Moderate,Attendance; Assignment submission; Assessment performance; Performance decline,Review
STU001278,SOCI,Sociology,School of Sciences and Humanities,2,Active,76.0,10,167,4453.0,-4.25531914893617,64.0,64.3,-7.5,18,0.0,14,17,6,55.0,Moderate,Attendance; Assignment submission; Assessment performance; Performance decline,Review
STU001279,SOCI,Sociology,School of Sciences and Humanities,2,Active,86.0,10,123,4198.0,-7.137254901960779,74.0,57.04666666666667,-6.150000000000006,10,0.0,14,17,6,47.0,Moderate,Attendance; Assignment submission; Assessment performance; Performance decline,Review
STU001280,BIO,Biological Sciences,School of Sciences and Humanities,1,Active,72.0,10,172,5069.0,-5.631067961165048,80.0,71.32,3.4000000000000057,18,0.0,7,8,0,33.0,Moderate,Attendance; Assignment submission; Assessment performance,Review
STU001281,CE,Civil Engineering,School of Mining and Geosciences,2,Active,97.5,10,187,4879.0,8.509142053445858,85.0,74.66666666666667,7.450000000000003,0,0.0,7,8,0,15.0,Low,Assignment submission; Assessment performance,Routine monitoring
STU001282,BIO,Biological Sciences,School of Sciences and Humanities,2,Active,58.00000000000001,10,106,2769.0,-32.56972111553785,57.99999999999999,64.84,-10.75,25,9.0,20,17,10,81.0,Critical,Attendance; LMS engagement; Assignment submission; Assessment performance; Performance decline,Urgent review
STU001283,ME,Mechanical Engineering,School of Engineering and Digital Sciences,2,Active,87.5,10,125,3282.0,-18.596171376481312,65.0,65.96666666666665,11.5,10,5.0,14,8,0,37.0,Moderate,Attendance; LMS engagement; Assignment submission; Assessment performance,Review
STU001284,BIO,Biological Sciences,School of Sciences and Humanities,2,Active,86.0,10,151,4504.0,25.08361204013378,62.0,62.7,-7.5,10,0.0,14,17,6,47.0,Moderate,Attendance; Assignment submission; Assessment performance; Performance decline,Review
STU001285,ECON,Economics,Graduate School of Business,2,Active,75.0,10,176,5064.0,-11.188811188811192,65.0,65.38888888888889,4.549999999999997,18,0.0,14,8,0,40.0,Moderate,Attendance; Assignment submission; Assessment performance,Review
STU001286,PSIR,Political Science and International Relations,School of Sciences and Humanities,4,Active,80.0,10,213,5077.0,8.388814913448723,66.66666666666666,73.15,-3.5,10,0.0,14,8,3,35.0,Moderate,Attendance; Assignment submission; Assessment performance; Performance decline,Review
STU001287,ME,Mechanical Engineering,School of Engineering and Digital Sciences,1,Active,84.0,10,171,4644.0,4.562453253552726,72.0,63.26,-1.3500000000000014,10,0.0,14,17,3,44.0,Moderate,Attendance; Assignment submission; Assessment performance; Performance decline,Review
STU001288,AI,Artificial Intelligence,School of Engineering and Digital Sciences,2,Active,76.66666666666666,10,195,6052.0,-7.227671657201854,81.66666666666667,62.1888888888889,0.6499999999999986,18,0.0,7,17,0,42.0,Moderate,Attendance; Assignment submission; Assessment performance,Review
STU001289,PSIR,Political Science and International Relations,School of Sciences and Humanities,2,Active,88.0,10,192,5272.0,-5.467260012714561,80.0,73.92,-13.349999999999994,10,0.0,7,8,10,35.0,Moderate,Attendance; Assignment submission; Assessment performance; Performance decline,Review
STU001290,PHYS,Physics,School of Sciences and Humanities,1,Active,81.66666666666667,10,182,4913.0,2.4804177545691943,65.0,70.88888888888889,-11.349999999999994,10,0.0,14,8,10,42.0,Moderate,Attendance; Assignment submission; Assessment performance; Performance decline,Review
STU001291,CE,Civil Engineering,School of Mining and Geosciences,2,Active,75.0,10,121,3367.0,-14.272030651341003,65.0,66.71666666666667,-5.599999999999994,18,0.0,14,8,6,46.0,Moderate,Attendance; Assignment submission; Assessment performance; Performance decline,Review
STU001292,AI,Artificial Intelligence,School of Engineering and Digital Sciences,2,Active,76.0,10,158,4293.0,-4.566929133858263,68.0,58.019999999999996,-9.850000000000001,18,0.0,14,17,6,55.0,Moderate,Attendance; Assignment submission; Assessment performance; Performance decline,Review
STU001293,ECON,Economics,Graduate School of Business,3,Active,75.0,10,138,3742.0,2.5021570319240776,72.5,65.625,5.950000000000003,18,0.0,14,8,0,40.0,Moderate,Attendance; Assignment submission; Assessment performance,Review
STU001294,SOCI,Sociology,School of Sciences and Humanities,1,Active,70.0,10,127,3148.0,-1.135190918472658,72.5,58.15,-10.5,18,0.0,14,17,10,59.0,Moderate,Attendance; Assignment submission; Assessment performance; Performance decline,Review
STU001295,ECON,Economics,Graduate School of Business,4,Active,92.5,10,155,4901.0,-11.535968891769286,87.5,76.5,-3.450000000000003,0,0.0,7,0,3,10.0,Low,Assignment submission; Performance decline,Routine monitoring
STU001296,PHYS,Physics,School of Sciences and Humanities,1,Active,87.5,10,178,4934.0,-3.1778228532792467,92.5,70.8,1.25,10,0.0,0,8,0,18.0,Low,Attendance; Assessment performance,Routine monitoring
STU001297,EE,Electrical Engineering,School of Engineering and Digital Sciences,4,Active,72.5,10,103,2675.0,-0.34522439585730724,60.0,71.39999999999999,4.799999999999997,18,0.0,14,8,0,40.0,Moderate,Attendance; Assignment submission; Assessment performance,Review
STU001298,ECON,Economics,Graduate School of Business,2,Active,68.0,10,101,2881.0,2.314814814814821,56.00000000000001,55.120000000000005,-21.15,25,0.0,20,17,10,72.0,High,Attendance; Assignment submission; Assessment performance; Performance decline,Priority outreach
STU001299,PHYS,Physics,School of Sciences and Humanities,2,Active,81.66666666666667,10,208,5440.0,-0.5021971123665967,76.66666666666667,70.11111111111111,1.5999999999999943,10,0.0,7,8,0,25.0,Low,Attendance; Assignment submission; Assessment performance,Routine monitoring
STU001300,ME,Mechanical Engineering,School of Engineering and Digital Sciences,2,Active,100.0,10,283,7984.0,4.9871023215821095,91.66666666666666,75.44444444444444,0.6999999999999886,0,0.0,0,0,0,0.0,Low,No material signal,Routine monitoring
STU001301,SOCI,Sociology,School of Sciences and Humanities,3,Active,68.0,10,153,3640.0,4.679376083188909,60.0,64.56,7.79999999999999,25,0.0,14,17,0,56.0,Moderate,Attendance; Assignment submission; Assessment performance,Review
STU001302,ME,Mechanical Engineering,School of Engineering and Digital Sciences,1,Active,81.66666666666667,10,181,4566.0,-9.326788218793826,60.0,56.238888888888894,-17.85,10,0.0,14,17,10,51.0,Moderate,Attendance; Assignment submission; Assessment performance; Performance decline,Review
STU001303,AI,Artificial Intelligence,School of Engineering and Digital Sciences,3,Active,85.0,10,153,3880.0,0.9565217391304398,75.0,64.85833333333333,-10.299999999999997,10,0.0,7,17,10,44.0,Moderate,Attendance; Assignment submission; Assessment performance; Performance decline,Review
STU001304,EE,Electrical Engineering,School of Engineering and Digital Sciences,3,Active,88.0,10,160,4714.0,-0.2724795640326937,78.0,71.90666666666667,18.650000000000006,10,0.0,7,8,0,25.0,Low,Attendance; Assignment submission; Assessment performance,Routine monitoring
STU001305,PHYS,Physics,School of Sciences and Humanities,4,Active,65.0,10,80,2540.0,-10.268378063010514,47.5,56.00833333333333,19.35,25,0.0,20,17,0,62.0,High,Attendance; Assignment submission; Assessment performance,Priority outreach
STU001306,EE,Electrical Engineering,School of Engineering and Digital Sciences,1,Active,86.0,10,154,5000.0,-0.0664010624169949,76.0,67.5,-12.300000000000004,10,0.0,7,8,10,35.0,Moderate,Attendance; Assignment submission; Assessment performance; Performance decline,Review
STU001307,ECON,Economics,Graduate School of Business,1,Active,78.0,10,142,3790.0,-1.1403508771929776,64.0,56.233333333333334,2.6499999999999986,18,0.0,14,17,0,49.0,Moderate,Attendance; Assignment submission; Assessment performance,Review
STU001308,CS,Computer Science,School of Engineering and Digital Sciences,4,Active,72.5,10,130,3564.0,-6.472795497185742,85.0,64.7,-13.100000000000001,18,0.0,7,17,10,52.0,Moderate,Attendance; Assignment submission; Assessment performance; Performance decline,Review
STU001309,EE,Electrical Engineering,School of Engineering and Digital Sciences,3,Active,88.33333333333333,10,241,7423.0,5.961182994454713,85.0,78.85,-11.799999999999997,10,0.0,7,0,10,27.0,Low,Attendance; Assignment submission; Performance decline,Routine monitoring
STU001310,SOCI,Sociology,School of Sciences and Humanities,3,Active,80.0,10,209,5272.0,-9.509202453987733,58.333333333333336,69.61666666666667,-11.199999999999989,10,0.0,20,8,10,48.0,Moderate,Attendance; Assignment submission; Assessment performance; Performance decline,Review
STU001311,SOCI,Sociology,School of Sciences and Humanities,3,Active,92.0,10,201,6393.0,-2.211434735706574,84.0,72.58666666666666,3.0500000000000114,0,0.0,7,8,0,15.0,Low,Assignment submission; Assessment performance,Routine monitoring
STU001312,AI,Artificial Intelligence,School of Engineering and Digital Sciences,1,Active,90.0,10,212,5797.0,0.11422044545975028,84.0,62.766666666666666,-3.6999999999999957,0,0.0,7,17,3,27.0,Low,Assignment submission; Assessment performance; Performance decline,Routine monitoring
STU001313,FIN,Finance,Graduate School of Business,4,Active,62.5,10,108,2801.0,-10.250817884405683,57.49999999999999,62.68333333333334,-12.0,25,0.0,20,17,10,72.0,High,Attendance; Assignment submission; Assessment performance; Performance decline,Priority outreach
STU001314,BIO,Biological Sciences,School of Sciences and Humanities,1,Active,94.0,10,207,5891.0,-17.622950819672127,68.0,76.06,5.549999999999997,0,5.0,14,0,0,19.0,Low,LMS engagement; Assignment submission,Routine monitoring
STU001315,ME,Mechanical Engineering,School of Engineering and Digital Sciences,1,Active,80.0,10,140,4741.0,-2.859087814840027,82.0,58.080000000000005,0.3499999999999943,10,0.0,7,17,0,34.0,Moderate,Attendance; Assignment submission; Assessment performance,Review
STU001316,AI,Artificial Intelligence,School of Engineering and Digital Sciences,2,Active,80.0,10,197,6053.0,1.8508725542041187,65.0,65.61111111111111,-2.1000000000000085,10,0.0,14,8,3,35.0,Moderate,Attendance; Assignment submission; Assessment performance; Performance decline,Review
STU001317,SOCI,Sociology,School of Sciences and Humanities,3,Active,80.0,10,180,4375.0,4.865649963689175,76.0,63.080000000000005,-11.849999999999994,10,0.0,7,17,10,44.0,Moderate,Attendance; Assignment submission; Assessment performance; Performance decline,Review
STU001318,PHYS,Physics,School of Sciences and Humanities,3,Active,84.0,10,174,4159.0,-9.94065281899109,78.0,58.34,8.950000000000003,10,0.0,7,17,0,34.0,Moderate,Attendance; Assignment submission; Assessment performance,Review
STU001319,CHEM,Chemistry,School of Sciences and Humanities,2,Active,85.0,10,147,3801.0,-4.494382022471901,58.333333333333336,70.16111111111111,-1.0,10,0.0,20,8,3,41.0,Moderate,Attendance; Assignment submission; Assessment performance; Performance decline,Review
STU001320,ME,Mechanical Engineering,School of Engineering and Digital Sciences,3,Active,91.66666666666666,10,262,6839.0,-3.33824251350024,75.0,62.22222222222222,3.5500000000000114,0,0.0,7,17,0,24.0,Low,Assignment submission; Assessment performance,Routine monitoring
STU001321,FIN,Finance,Graduate School of Business,3,Active,96.0,10,170,5865.0,0.7523148148148213,82.0,65.56666666666666,4.200000000000003,0,0.0,7,8,0,15.0,Low,Assignment submission; Assessment performance,Routine monitoring
STU001322,ECON,Economics,Graduate School of Business,2,Active,88.0,10,189,5646.0,-10.727969348659009,84.0,65.79333333333334,-9.150000000000006,10,0.0,7,8,6,31.0,Moderate,Attendance; Assignment submission; Assessment performance; Performance decline,Review
STU001323,PHYS,Physics,School of Sciences and Humanities,2,Active,78.0,10,167,5080.0,-18.29411764705882,78.0,78.74,3.3000000000000114,18,5.0,7,0,0,30.0,Moderate,Attendance; LMS engagement; Assignment submission,Review
STU001324,CE,Civil Engineering,School of Mining and Geosciences,3,Active,90.0,10,208,5928.0,-8.35929387331256,78.33333333333333,60.050000000000004,0.6500000000000057,0,0.0,7,17,0,24.0,Low,Assignment submission; Assessment performance,Routine monitoring
STU001325,PHYS,Physics,School of Sciences and Humanities,2,Active,90.0,10,227,6355.0,-1.379662749105774,92.0,71.70666666666666,-20.299999999999983,0,0.0,0,8,10,18.0,Low,Assessment performance; Performance decline,Routine monitoring
STU001326,FIN,Finance,Graduate School of Business,2,Active,92.0,10,171,5046.0,-4.789272030651341,84.0,75.22,6.200000000000017,0,0.0,7,0,0,7.0,Low,Assignment submission,Routine monitoring
STU001327,FIN,Finance,Graduate School of Business,4,Active,95.0,10,181,5690.0,12.33045622688041,97.5,68.71666666666667,-5.3500000000000085,0,0.0,0,8,6,14.0,Low,Assessment performance; Performance decline,Routine monitoring
STU001328,CS,Computer Science,School of Engineering and Digital Sciences,2,Active,82.0,10,162,3677.0,1.9130434782608796,57.99999999999999,65.89333333333333,-17.150000000000006,10,0.0,20,8,10,48.0,Moderate,Attendance; Assignment submission; Assessment performance; Performance decline,Review
STU001329,ME,Mechanical Engineering,School of Engineering and Digital Sciences,4,Active,81.66666666666667,10,208,5965.0,-4.386951631046119,80.0,68.83888888888889,-0.29999999999999716,10,0.0,7,8,3,28.0,Low,Attendance; Assignment submission; Assessment performance; Performance decline,Routine monitoring
STU001330,CE,Civil Engineering,School of Mining and Geosciences,3,Active,83.33333333333334,10,175,4915.0,-4.201680672268901,63.33333333333333,69.96111111111111,-7.099999999999994,10,0.0,14,8,6,38.0,Moderate,Attendance; Assignment submission; Assessment performance; Performance decline,Review
STU001331,BIO,Biological Sciences,School of Sciences and Humanities,3,Active,82.5,10,155,4476.0,-5.6975894813732655,90.0,74.0,-1.3000000000000114,10,0.0,0,8,3,21.0,Low,Attendance; Assessment performance; Performance decline,Routine monitoring
STU001332,EE,Electrical Engineering,School of Engineering and Digital Sciences,2,Active,97.5,10,172,4865.0,-6.566970091027301,92.5,79.51666666666667,-9.0,0,0.0,0,0,6,6.0,Low,Performance decline,Routine monitoring
STU001333,ME,Mechanical Engineering,School of Engineering and Digital Sciences,2,Active,77.5,10,105,2572.0,-16.64766248574686,51.28205128205128,52.89166666666667,3.999999999999993,18,5.0,20,25,0,68.0,High,Attendance; LMS engagement; Assignment submission; Assessment performance,Priority outreach
STU001334,PHYS,Physics,School of Sciences and Humanities,4,Active,82.0,10,160,4456.0,-1.143674052894921,78.0,71.6,-4.75,10,0.0,7,8,3,28.0,Low,Attendance; Assignment submission; Assessment performance; Performance decline,Routine monitoring
STU001335,ECON,Economics,Graduate School of Business,2,Active,76.0,10,130,3963.0,-19.702892885066458,62.0,69.02666666666667,7.8500000000000085,18,5.0,14,8,0,45.0,Moderate,Attendance; LMS engagement; Assignment submission; Assessment performance,Review
STU001336,SOCI,Sociology,School of Sciences and Humanities,4,Active,66.66666666666667,10,188,3891.0,1.3190436933223506,53.333333333333336,57.99444444444445,-7.799999999999997,25,0.0,20,17,6,68.0,High,Attendance; Assignment submission; Assessment performance; Performance decline,Priority outreach
STU001337,CHEM,Chemistry,School of Sciences and Humanities,3,Active,78.33333333333333,10,182,5360.0,4.476670870113508,83.33333333333334,69.88888888888889,4.8500000000000085,18,0.0,7,8,0,33.0,Moderate,Attendance; Assignment submission; Assessment performance,Review
STU001338,PSIR,Political Science and International Relations,School of Sciences and Humanities,4,Active,87.5,10,178,4738.0,2.1246458923512748,82.5,72.31666666666666,-29.650000000000006,10,0.0,7,8,10,35.0,Moderate,Attendance; Assignment submission; Assessment performance; Performance decline,Review
STU001339,ECON,Economics,Graduate School of Business,2,Active,70.0,10,115,2336.0,-2.5773195876288733,57.49999999999999,61.28333333333333,-23.700000000000003,18,0.0,20,17,10,65.0,High,Attendance; Assignment submission; Assessment performance; Performance decline,Priority outreach
STU001340,SOCI,Sociology,School of Sciences and Humanities,4,Active,96.0,10,229,7087.0,9.969008264462797,88.0,65.32666666666667,8.099999999999994,0,0.0,7,8,0,15.0,Low,Assignment submission; Assessment performance,Routine monitoring
STU001341,PSIR,Political Science and International Relations,School of Sciences and Humanities,2,Active,80.0,10,139,4573.0,-4.982206405693947,62.0,60.973333333333336,8.150000000000006,10,0.0,14,17,0,41.0,Moderate,Attendance; Assignment submission; Assessment performance,Review
STU001342,AI,Artificial Intelligence,School of Engineering and Digital Sciences,4,Active,75.0,10,84,2695.0,27.644569816643163,65.0,59.791666666666664,-9.5,18,0.0,14,17,6,55.0,Moderate,Attendance; Assignment submission; Assessment performance; Performance decline,Review
STU001343,CS,Computer Science,School of Engineering and Digital Sciences,3,Active,85.0,10,205,5388.0,-11.390955924441906,76.66666666666667,71.83888888888889,-13.199999999999989,10,0.0,7,8,10,35.0,Moderate,Attendance; Assignment submission; Assessment performance; Performance decline,Review
STU001344,CE,Civil Engineering,School of Mining and Geosciences,2,Active,80.0,10,151,3596.0,-18.173836698858647,70.0,58.18666666666666,3.450000000000003,10,5.0,14,17,0,46.0,Moderate,Attendance; LMS engagement; Assignment submission; Assessment performance,Review
STU001345,AI,Artificial Intelligence,School of Engineering and Digital Sciences,2,Active,94.0,10,188,5780.0,3.489059727971628,78.0,77.88000000000001,3.5,0,0.0,7,0,0,7.0,Low,Assignment submission,Routine monitoring
STU001346,PHYS,Physics,School of Sciences and Humanities,2,Active,75.0,10,80,2225.0,-11.682892906815022,40.0,61.89166666666667,-5.1499999999999915,18,0.0,20,17,6,61.0,High,Attendance; Assignment submission; Assessment performance; Performance decline,Priority outreach
STU001347,ECON,Economics,Graduate School of Business,4,Active,95.0,10,242,7125.0,-5.856643356643352,83.33333333333334,71.46666666666667,-11.400000000000006,0,0.0,7,8,10,25.0,Low,Assignment submission; Assessment performance; Performance decline,Routine monitoring
STU001348,PHYS,Physics,School of Sciences and Humanities,3,Active,90.0,10,166,5596.0,-6.586826347305395,74.0,64.26,-1.1000000000000014,0,0.0,14,17,3,34.0,Moderate,Assignment submission; Assessment performance; Performance decline,Review
STU001349,PSIR,Political Science and International Relations,School of Sciences and Humanities,2,Active,86.66666666666667,10,192,5749.0,-4.555680539932508,81.66666666666667,72.61666666666666,-4.799999999999997,10,0.0,7,8,3,28.0,Low,Attendance; Assignment submission; Assessment performance; Performance decline,Routine monitoring
STU001350,ECON,Economics,Graduate School of Business,3,Active,65.99999999999999,10,116,2864.0,-7.175398633257403,72.0,65.9,-9.150000000000006,25,0.0,14,8,6,53.0,Moderate,Attendance; Assignment submission; Assessment performance; Performance decline,Review
STU001351,BIO,Biological Sciences,School of Sciences and Humanities,1,Active,88.33333333333333,10,233,6327.0,12.167515563101295,78.33333333333333,66.97777777777777,12.100000000000001,10,0.0,7,8,0,25.0,Low,Attendance; Assignment submission; Assessment performance,Routine monitoring
STU001352,PHYS,Physics,School of Sciences and Humanities,1,Active,85.0,10,174,5219.0,-4.1614906832298,73.33333333333333,62.727777777777774,-0.3999999999999986,10,0.0,14,17,3,44.0,Moderate,Attendance; Assignment submission; Assessment performance; Performance decline,Review
STU001353,ECON,Economics,Graduate School of Business,2,Active,82.0,10,146,4508.0,-17.876712328767123,72.0,62.29333333333333,4.649999999999999,10,5.0,14,17,0,46.0,Moderate,Attendance; LMS engagement; Assignment submission; Assessment performance,Review
STU001354,CS,Computer Science,School of Engineering and Digital Sciences,2,Active,86.0,10,203,5748.0,3.85739333722969,76.0,66.58,6.050000000000004,10,0.0,7,8,0,25.0,Low,Attendance; Assignment submission; Assessment performance,Routine monitoring
STU001355,CS,Computer Science,School of Engineering and Digital Sciences,2,Active,72.0,10,94,2629.0,-17.81534460338101,48.0,61.68,-14.050000000000011,18,5.0,20,17,10,70.0,High,Attendance; LMS engagement; Assignment submission; Assessment performance; Performance decline,Priority outreach
STU001356,ECON,Economics,Graduate School of Business,4,Active,70.0,10,105,2445.0,-1.6830294530154277,60.0,60.56666666666666,0.3999999999999986,18,0.0,14,17,0,49.0,Moderate,Attendance; Assignment submission; Assessment performance,Review
STU001357,BIO,Biological Sciences,School of Sciences and Humanities,2,Active,86.66666666666667,10,218,6252.0,-8.372093023255815,80.0,72.68333333333334,5.3999999999999915,10,0.0,7,8,0,25.0,Low,Attendance; Assignment submission; Assessment performance,Routine monitoring
STU001358,PSIR,Political Science and International Relations,School of Sciences and Humanities,4,Active,92.0,10,193,6196.0,-5.885337392186702,90.0,71.86,-12.099999999999994,0,0.0,0,8,10,18.0,Low,Assessment performance; Performance decline,Routine monitoring
STU001359,ECON,Economics,Graduate School of Business,1,Active,87.5,10,160,3957.0,0.9353741496598688,72.5,70.6,10.350000000000009,10,0.0,14,8,0,32.0,Moderate,Attendance; Assignment submission; Assessment performance,Review
STU001360,BIO,Biological Sciences,School of Sciences and Humanities,1,Active,65.99999999999999,10,141,3297.0,-18.197879858657235,68.0,62.29333333333333,-22.299999999999997,25,5.0,14,17,10,71.0,High,Attendance; LMS engagement; Assignment submission; Assessment performance; Performance decline,Priority outreach
STU001361,FIN,Finance,Graduate School of Business,2,Active,76.0,10,136,3664.0,-1.3227513227513228,70.0,60.806666666666665,10.299999999999997,18,0.0,14,17,0,49.0,Moderate,Attendance; Assignment submission; Assessment performance,Review
STU001362,PSIR,Political Science and International Relations,School of Sciences and Humanities,4,Active,65.99999999999999,10,134,3661.0,-8.094435075885329,57.99999999999999,63.25333333333334,-5.150000000000006,25,0.0,20,17,6,68.0,High,Attendance; Assignment submission; Assessment performance; Performance decline,Priority outreach
STU001363,CHEM,Chemistry,School of Sciences and Humanities,1,Active,87.5,10,106,3822.0,-4.174067495559493,60.0,60.300000000000004,3.200000000000003,10,0.0,14,17,0,41.0,Moderate,Attendance; Assignment submission; Assessment performance,Review
STU001364,PHYS,Physics,School of Sciences and Humanities,4,Active,80.0,10,215,6089.0,-9.994711792702274,76.66666666666667,71.44999999999999,0.04999999999999716,10,0.0,7,8,0,25.0,Low,Attendance; Assignment submission; Assessment performance,Routine monitoring
STU001365,CE,Civil Engineering,School of Mining and Geosciences,1,Active,82.5,10,125,3563.0,-21.961102106969204,62.5,65.725,-1.25,10,5.0,14,8,3,40.0,Moderate,Attendance; LMS engagement; Assignment submission; Assessment performance; Performance decline,Review
STU001366,CE,Civil Engineering,School of Mining and Geosciences,1,Active,88.0,10,196,5353.0,-20.938023450586265,86.0,76.23333333333333,-5.25,10,5.0,7,0,6,28.0,Low,Attendance; LMS engagement; Assignment submission; Performance decline,Routine monitoring
STU001367,PHYS,Physics,School of Sciences and Humanities,4,Active,78.0,10,133,3996.0,-7.685950413223141,64.0,80.96000000000001,-8.099999999999994,18,0.0,14,0,6,38.0,Moderate,Attendance; Assignment submission; Performance decline,Review
STU001368,BIO,Biological Sciences,School of Sciences and Humanities,4,Active,76.0,10,171,4594.0,-14.650537634408606,78.0,68.28,11.349999999999994,18,0.0,7,8,0,33.0,Moderate,Attendance; Assignment submission; Assessment performance,Review
STU001369,CHEM,Chemistry,School of Sciences and Humanities,2,Active,62.0,10,126,3340.0,5.110336817653898,52.0,64.71333333333334,5.450000000000003,25,0.0,20,17,0,62.0,High,Attendance; Assignment submission; Assessment performance,Priority outreach
STU001370,BIO,Biological Sciences,School of Sciences and Humanities,3,Active,88.0,10,200,5165.0,10.677618069815194,80.0,66.97333333333333,3.450000000000017,10,0.0,7,8,0,25.0,Low,Attendance; Assignment submission; Assessment performance,Routine monitoring
STU001371,PSIR,Political Science and International Relations,School of Sciences and Humanities,3,Active,90.0,10,159,4804.0,19.786910197869094,92.5,77.125,-18.349999999999994,0,0.0,0,0,10,10.0,Low,Performance decline,Routine monitoring
STU001372,FIN,Finance,Graduate School of Business,2,Active,90.0,10,162,5445.0,-9.362435381964394,87.5,78.83333333333333,-21.849999999999994,0,0.0,7,0,10,17.0,Low,Assignment submission; Performance decline,Routine monitoring
STU001373,CE,Civil Engineering,School of Mining and Geosciences,1,Active,86.0,10,197,5352.0,7.045009784735812,82.0,72.46666666666667,-6.75,10,0.0,7,8,6,31.0,Moderate,Attendance; Assignment submission; Assessment performance; Performance decline,Review
STU001374,SOCI,Sociology,School of Sciences and Humanities,1,Active,75.0,10,133,3852.0,9.13120567375886,58.333333333333336,55.394444444444446,-2.500000000000007,18,0.0,20,17,3,58.0,Moderate,Attendance; Assignment submission; Assessment performance; Performance decline,Review
STU001375,FIN,Finance,Graduate School of Business,3,Active,95.0,10,183,5272.0,8.34990059642147,82.5,81.23333333333333,-19.200000000000003,0,0.0,7,0,10,17.0,Low,Assignment submission; Performance decline,Routine monitoring
STU001376,BIO,Biological Sciences,School of Sciences and Humanities,3,Active,86.66666666666667,10,216,6014.0,-4.166666666666673,76.66666666666667,81.56666666666666,-2.0,10,0.0,7,0,3,20.0,Low,Attendance; Assignment submission; Performance decline,Routine monitoring
STU001377,SOCI,Sociology,School of Sciences and Humanities,2,Active,78.33333333333333,10,158,4646.0,12.430720506730003,56.666666666666664,74.51111111111112,-9.049999999999997,18,0.0,20,8,6,52.0,Moderate,Attendance; Assignment submission; Assessment performance; Performance decline,Review
STU001378,CHEM,Chemistry,School of Sciences and Humanities,1,Active,90.0,10,135,4231.0,-25.144927536231886,75.0,71.47500000000001,5.699999999999989,0,5.0,7,8,0,20.0,Low,LMS engagement; Assignment submission; Assessment performance,Routine monitoring
STU001379,AI,Artificial Intelligence,School of Engineering and Digital Sciences,3,Active,58.33333333333333,10,70,1437.0,35.74999999999999,31.666666666666664,53.583333333333336,1.0,25,0.0,20,25,0,70.0,High,Attendance; Assignment submission; Assessment performance,Priority outreach
STU001380,ME,Mechanical Engineering,School of Engineering and Digital Sciences,1,Active,80.0,10,113,2997.0,-8.02775024777007,75.0,62.425000000000004,11.0,10,0.0,7,17,0,34.0,Moderate,Attendance; Assignment submission; Assessment performance,Review
STU001381,CE,Civil Engineering,School of Mining and Geosciences,1,Active,82.5,10,144,4321.0,-12.288135593220339,77.5,72.43333333333332,-1.4000000000000057,10,0.0,7,8,3,28.0,Low,Attendance; Assignment submission; Assessment performance; Performance decline,Routine monitoring
STU001382,PSIR,Political Science and International Relations,School of Sciences and Humanities,3,Active,85.0,10,159,4569.0,7.148231753197898,70.0,75.20833333333333,-7.950000000000003,10,0.0,14,0,6,30.0,Moderate,Attendance; Assignment submission; Performance decline,Review
STU001383,SOCI,Sociology,School of Sciences and Humanities,1,Active,82.5,10,146,3714.0,-25.872534142640358,75.0,81.39166666666667,-1.3499999999999943,10,5.0,7,0,3,25.0,Low,Attendance; LMS engagement; Assignment submission; Performance decline,Routine monitoring
STU001384,CHEM,Chemistry,School of Sciences and Humanities,1,Active,73.33333333333334,10,154,4112.0,-4.62962962962963,51.66666666666667,61.87777777777777,-10.25,18,0.0,20,17,10,65.0,High,Attendance; Assignment submission; Assessment performance; Performance decline,Priority outreach
STU001385,ME,Mechanical Engineering,School of Engineering and Digital Sciences,3,Active,67.5,10,93,2488.0,-10.286458333333337,55.00000000000001,65.79166666666667,-8.70000000000001,25,0.0,20,8,6,59.0,Moderate,Attendance; Assignment submission; Assessment performance; Performance decline,Review
STU001386,CHEM,Chemistry,School of Sciences and Humanities,1,Active,80.0,10,169,5150.0,-6.190172303765163,60.0,57.766666666666666,3.049999999999997,10,0.0,14,17,0,41.0,Moderate,Attendance; Assignment submission; Assessment performance,Review
STU001387,PSIR,Political Science and International Relations,School of Sciences and Humanities,1,Active,100.0,10,239,6720.0,8.21917808219178,96.0,71.15333333333334,4.799999999999997,0,0.0,0,8,0,8.0,Low,Assessment performance,Routine monitoring
STU001388,AI,Artificial Intelligence,School of Engineering and Digital Sciences,2,Active,83.33333333333334,10,173,5429.0,-5.2980132450331,68.33333333333333,62.32222222222222,-7.6499999999999915,10,0.0,14,17,6,47.0,Moderate,Attendance; Assignment submission; Assessment performance; Performance decline,Review
STU001389,ECON,Economics,Graduate School of Business,4,Active,87.5,10,178,4518.0,13.581244947453516,82.5,77.93333333333334,2.25,10,0.0,7,0,0,17.0,Low,Attendance; Assignment submission,Routine monitoring
STU001390,PSIR,Political Science and International Relations,School of Sciences and Humanities,3,Active,93.33333333333333,10,263,6796.0,-5.9918293236495686,85.0,70.58888888888889,-0.7000000000000028,0,0.0,7,8,3,18.0,Low,Assignment submission; Assessment performance; Performance decline,Routine monitoring
STU001391,ECON,Economics,Graduate School of Business,3,Active,65.0,10,215,6030.0,-9.011943539630844,83.33333333333334,74.75,18.0,25,0.0,7,8,0,40.0,Moderate,Attendance; Assignment submission; Assessment performance,Review
STU001392,ME,Mechanical Engineering,School of Engineering and Digital Sciences,2,Active,88.0,10,142,3984.0,12.454873646209387,52.0,61.026666666666664,-10.200000000000003,10,0.0,20,17,10,57.0,Moderate,Attendance; Assignment submission; Assessment performance; Performance decline,Review
STU001393,PHYS,Physics,School of Sciences and Humanities,2,Active,86.0,10,137,4314.0,-9.63302752293578,60.0,71.87333333333332,-14.150000000000006,10,0.0,14,8,10,42.0,Moderate,Attendance; Assignment submission; Assessment performance; Performance decline,Review
STU001394,SOCI,Sociology,School of Sciences and Humanities,1,Active,70.0,10,139,3493.0,-18.000000000000004,57.99999999999999,54.84,0.6000000000000014,18,5.0,20,25,0,68.0,High,Attendance; LMS engagement; Assignment submission; Assessment performance,Priority outreach
STU001395,SOCI,Sociology,School of Sciences and Humanities,4,Active,82.5,10,144,3806.0,-13.153724247226634,80.0,80.56666666666666,18.0,10,0.0,7,0,0,17.0,Low,Attendance; Assignment submission,Routine monitoring
STU001396,PSIR,Political Science and International Relations,School of Sciences and Humanities,3,Active,75.0,10,146,3169.0,16.743648960739023,60.0,68.08333333333333,-7.049999999999997,18,0.0,14,8,6,46.0,Moderate,Attendance; Assignment submission; Assessment performance; Performance decline,Review
STU001397,EE,Electrical Engineering,School of Engineering and Digital Sciences,1,Active,96.66666666666667,10,280,7978.0,-8.644859813084112,91.66666666666666,83.43333333333334,4.200000000000017,0,0.0,0,0,0,0.0,Low,No material signal,Routine monitoring
STU001398,ECON,Economics,Graduate School of Business,1,Active,68.0,10,101,2971.0,-23.130608175473576,57.99999999999999,61.080000000000005,-16.0,25,5.0,20,17,10,77.0,High,Attendance; LMS engagement; Assignment submission; Assessment performance; Performance decline,Priority outreach
STU001399,SOCI,Sociology,School of Sciences and Humanities,2,Active,88.0,10,145,3815.0,-14.861660079051386,66.0,74.05333333333333,-6.150000000000006,10,0.0,14,8,6,38.0,Moderate,Attendance; Assignment submission; Assessment performance; Performance decline,Review
STU001400,CHEM,Chemistry,School of Sciences and Humanities,4,Active,85.0,10,131,3517.0,-16.55231560891939,87.5,65.34166666666667,-18.450000000000003,10,5.0,7,8,10,40.0,Moderate,Attendance; LMS engagement; Assignment submission; Assessment performance; Performance decline,Review
STU001401,PHYS,Physics,School of Sciences and Humanities,4,Active,82.0,10,227,5717.0,-3.9890710382513723,74.0,80.51333333333334,-11.600000000000009,10,0.0,14,0,10,34.0,Moderate,Attendance; Assignment submission; Performance decline,Review
STU001402,ME,Mechanical Engineering,School of Engineering and Digital Sciences,3,Active,76.66666666666666,10,148,3843.0,2.5239338555265496,56.666666666666664,68.74444444444445,6.199999999999989,18,0.0,20,8,0,46.0,Moderate,Attendance; Assignment submission; Assessment performance,Review
STU001403,CE,Civil Engineering,School of Mining and Geosciences,4,Active,74.0,10,132,4218.0,-12.444113263785388,72.0,67.71333333333334,2.950000000000003,18,0.0,14,8,0,40.0,Moderate,Attendance; Assignment submission; Assessment performance,Review
STU001404,FIN,Finance,Graduate School of Business,3,Active,73.33333333333334,10,206,5543.0,-4.483775811209447,63.33333333333333,67.27777777777777,0.8999999999999915,18,0.0,14,8,0,40.0,Moderate,Attendance; Assignment submission; Assessment performance,Review
STU001405,EE,Electrical Engineering,School of Engineering and Digital Sciences,2,Active,60.0,10,75,1615.0,-43.906020558002936,47.5,59.583333333333336,4.800000000000004,25,9.0,20,17,0,71.0,High,Attendance; LMS engagement; Assignment submission; Assessment performance,Priority outreach
STU001406,CE,Civil Engineering,School of Mining and Geosciences,1,Active,92.0,10,175,4784.0,-11.589613679544025,70.0,70.12666666666668,10.650000000000006,0,0.0,14,8,0,22.0,Low,Assignment submission; Assessment performance,Routine monitoring
STU001407,AI,Artificial Intelligence,School of Engineering and Digital Sciences,3,Active,86.0,10,205,5536.0,0.6658595641646627,90.0,76.87333333333332,3.4000000000000057,10,0.0,0,0,0,10.0,Low,Attendance,Routine monitoring
STU001408,PSIR,Political Science and International Relations,School of Sciences and Humanities,1,Active,78.33333333333333,10,197,5402.0,-0.7453416149068324,70.0,69.32222222222222,21.199999999999996,18,0.0,14,8,0,40.0,Moderate,Attendance; Assignment submission; Assessment performance,Review
STU001409,BIO,Biological Sciences,School of Sciences and Humanities,1,Active,80.0,10,118,3434.0,-12.500000000000009,52.5,62.76666666666667,6.450000000000003,10,0.0,20,17,0,47.0,Moderate,Attendance; Assignment submission; Assessment performance,Review
STU001410,SOCI,Sociology,School of Sciences and Humanities,1,Active,83.33333333333334,10,186,5260.0,3.3598045204642712,73.33333333333333,63.80555555555556,-2.200000000000003,10,0.0,14,17,3,44.0,Moderate,Attendance; Assignment submission; Assessment performance; Performance decline,Review
STU001411,FIN,Finance,Graduate School of Business,4,Active,84.0,10,157,4691.0,-4.8,68.0,76.24,-11.300000000000011,10,0.0,14,0,10,34.0,Moderate,Attendance; Assignment submission; Performance decline,Review
STU001412,ME,Mechanical Engineering,School of Engineering and Digital Sciences,4,Active,94.0,10,202,5721.0,4.736211031175067,78.0,77.45333333333333,-0.75,0,0.0,7,0,3,10.0,Low,Assignment submission; Performance decline,Routine monitoring
STU001413,EE,Electrical Engineering,School of Engineering and Digital Sciences,4,Active,96.0,10,232,6446.0,-13.866153105440537,92.0,73.88666666666667,-9.700000000000003,0,0.0,0,8,6,14.0,Low,Assessment performance; Performance decline,Routine monitoring
STU001414,ME,Mechanical Engineering,School of Engineering and Digital Sciences,3,Active,78.33333333333333,10,176,5211.0,26.50253439536569,61.66666666666667,62.900000000000006,-12.25,18,0.0,14,17,10,59.0,Moderate,Attendance; Assignment submission; Assessment performance; Performance decline,Review
STU001415,BIO,Biological Sciences,School of Sciences and Humanities,4,Active,91.66666666666666,10,243,7398.0,-12.19938784433756,85.0,76.80555555555556,4.6499999999999915,0,0.0,7,0,0,7.0,Low,Assignment submission,Routine monitoring
STU001416,FIN,Finance,Graduate School of Business,3,Active,95.0,10,282,8086.0,3.4047919293820934,88.33333333333333,74.41111111111111,-6.599999999999994,0,0.0,7,8,6,21.0,Low,Assignment submission; Assessment performance; Performance decline,Routine monitoring
STU001417,EE,Electrical Engineering,School of Engineering and Digital Sciences,4,Active,75.0,10,92,2267.0,-23.482849604221627,45.0,62.53333333333333,-18.14999999999999,18,5.0,20,17,10,70.0,High,Attendance; LMS engagement; Assignment submission; Assessment performance; Performance decline,Priority outreach
STU001418,PSIR,Political Science and International Relations,School of Sciences and Humanities,4,Active,73.33333333333334,10,185,5535.0,14.505347593582885,70.0,67.87222222222222,-13.850000000000001,18,0.0,14,8,10,50.0,Moderate,Attendance; Assignment submission; Assessment performance; Performance decline,Review
STU001419,CS,Computer Science,School of Engineering and Digital Sciences,4,Active,85.0,10,216,6058.0,-3.061782394751224,66.66666666666666,80.34444444444445,2.9000000000000057,10,0.0,14,0,0,24.0,Low,Attendance; Assignment submission,Routine monitoring
STU001420,ME,Mechanical Engineering,School of Engineering and Digital Sciences,1,Active,74.0,10,119,4240.0,-12.757527733755946,68.0,76.7,-1.8500000000000085,18,0.0,14,0,3,35.0,Moderate,Attendance; Assignment submission; Performance decline,Review
STU001421,SOCI,Sociology,School of Sciences and Humanities,1,Active,87.5,10,143,3915.0,0.17841213202496756,77.5,74.375,8.400000000000006,10,0.0,7,8,0,25.0,Low,Attendance; Assignment submission; Assessment performance,Routine monitoring
STU001422,AI,Artificial Intelligence,School of Engineering and Digital Sciences,4,Active,90.0,10,262,7280.0,1.3774104683195594,83.33333333333334,76.1888888888889,13.400000000000006,0,0.0,7,0,0,7.0,Low,Assignment submission,Routine monitoring
STU001423,ME,Mechanical Engineering,School of Engineering and Digital Sciences,3,Active,80.0,10,135,3755.0,-25.46036829463571,82.0,63.12,2.8499999999999943,10,5.0,7,17,0,39.0,Moderate,Attendance; LMS engagement; Assignment submission; Assessment performance,Review
STU001424,ME,Mechanical Engineering,School of Engineering and Digital Sciences,2,Active,85.0,10,200,6504.0,-13.252449836677565,80.0,77.61111111111111,7.950000000000003,10,0.0,7,0,0,17.0,Low,Attendance; Assignment submission,Routine monitoring
STU001425,CS,Computer Science,School of Engineering and Digital Sciences,4,Active,87.5,10,125,3818.0,-0.8181818181818181,67.5,63.13333333333333,-3.25,10,0.0,14,17,3,44.0,Moderate,Attendance; Assignment submission; Assessment performance; Performance decline,Review
STU001426,PHYS,Physics,School of Sciences and Humanities,2,Active,81.66666666666667,10,183,5131.0,-13.164400494437587,73.33333333333333,66.19999999999999,-18.35000000000001,10,0.0,14,8,10,42.0,Moderate,Attendance; Assignment submission; Assessment performance; Performance decline,Review
STU001427,BIO,Biological Sciences,School of Sciences and Humanities,2,Active,90.0,10,243,7155.0,-4.345815996301439,91.66666666666666,73.96111111111111,0.799999999999983,0,0.0,0,8,0,8.0,Low,Assessment performance,Routine monitoring
STU001428,PHYS,Physics,School of Sciences and Humanities,4,Active,77.5,10,151,4112.0,6.960556844547564,80.0,70.55833333333334,-0.6999999999999886,18,0.0,7,8,3,36.0,Moderate,Attendance; Assignment submission; Assessment performance; Performance decline,Review
STU001429,CHEM,Chemistry,School of Sciences and Humanities,2,Active,66.66666666666667,10,170,4488.0,5.102817974105099,58.333333333333336,45.388888888888886,6.450000000000003,25,0.0,20,25,0,70.0,High,Attendance; Assignment submission; Assessment performance,Priority outreach
STU001430,CHEM,Chemistry,School of Sciences and Humanities,1,Active,80.0,10,144,3644.0,-17.91044776119403,65.0,70.73333333333333,14.300000000000011,10,5.0,14,8,0,37.0,Moderate,Attendance; LMS engagement; Assignment submission; Assessment performance,Review
STU001431,PSIR,Political Science and International Relations,School of Sciences and Humanities,4,Active,88.33333333333333,10,265,6616.0,-4.652351738241315,75.0,77.30000000000001,-7.849999999999994,10,0.0,7,0,6,23.0,Low,Attendance; Assignment submission; Performance decline,Routine monitoring
STU001432,PSIR,Political Science and International Relations,School of Sciences and Humanities,4,Active,82.5,10,128,3589.0,-12.010676156583628,72.5,55.75,-5.649999999999999,10,0.0,14,17,6,47.0,Moderate,Attendance; Assignment submission; Assessment performance; Performance decline,Review
STU001433,FIN,Finance,Graduate School of Business,1,Active,80.0,10,196,4795.0,-21.365360303413404,78.0,62.0,-5.29999999999999,10,5.0,7,17,6,45.0,Moderate,Attendance; LMS engagement; Assignment submission; Assessment performance; Performance decline,Review
STU001434,AI,Artificial Intelligence,School of Engineering and Digital Sciences,4,Active,88.33333333333333,10,259,6736.0,0.4847309743092639,68.33333333333333,70.69444444444444,-1.1500000000000057,10,0.0,14,8,3,35.0,Moderate,Attendance; Assignment submission; Assessment performance; Performance decline,Review
STU001435,SOCI,Sociology,School of Sciences and Humanities,3,Active,76.66666666666666,10,176,4443.0,-14.0625,68.33333333333333,73.07777777777778,2.200000000000017,18,0.0,14,8,0,40.0,Moderate,Attendance; Assignment submission; Assessment performance,Review
STU001436,AI,Artificial Intelligence,School of Engineering and Digital Sciences,2,Active,77.5,10,96,2495.0,9.781209781209773,60.0,65.175,11.200000000000003,18,0.0,14,8,0,40.0,Moderate,Attendance; Assignment submission; Assessment performance,Review
STU001437,AI,Artificial Intelligence,School of Engineering and Digital Sciences,2,Active,80.0,10,170,4590.0,10.319227913882697,88.0,67.94,-0.799999999999983,10,0.0,7,8,3,28.0,Low,Attendance; Assignment submission; Assessment performance; Performance decline,Routine monitoring
STU001438,BIO,Biological Sciences,School of Sciences and Humanities,3,Active,94.0,10,176,5545.0,7.819453273998728,76.0,67.8,17.75,0,0.0,7,8,0,15.0,Low,Assignment submission; Assessment performance,Routine monitoring
STU001439,CHEM,Chemistry,School of Sciences and Humanities,1,Active,88.0,10,155,4158.0,7.065669160432248,78.0,62.81333333333334,-5.849999999999994,10,0.0,7,17,6,40.0,Moderate,Attendance; Assignment submission; Assessment performance; Performance decline,Review
STU001440,CHEM,Chemistry,School of Sciences and Humanities,3,Active,75.0,10,108,3511.0,-28.329297820823246,72.5,62.25833333333333,-2.6499999999999915,18,5.0,14,17,3,57.0,Moderate,Attendance; LMS engagement; Assignment submission; Assessment performance; Performance decline,Review
STU001441,CHEM,Chemistry,School of Sciences and Humanities,2,Active,78.33333333333333,10,171,4695.0,-15.719696969696969,73.33333333333333,67.01111111111112,-2.75,18,5.0,14,8,3,48.0,Moderate,Attendance; LMS engagement; Assignment submission; Assessment performance; Performance decline,Review
STU001442,EE,Electrical Engineering,School of Engineering and Digital Sciences,1,Active,75.0,10,152,4473.0,-15.958188153310102,53.333333333333336,62.26111111111111,1.5,18,5.0,20,17,0,60.0,High,Attendance; LMS engagement; Assignment submission; Assessment performance,Priority outreach
STU001443,SOCI,Sociology,School of Sciences and Humanities,1,Active,93.33333333333333,10,231,6847.0,-1.7619047619047672,80.0,68.12222222222222,6.849999999999994,0,0.0,7,8,0,15.0,Low,Assignment submission; Assessment performance,Routine monitoring
STU001444,ECON,Economics,Graduate School of Business,4,Active,95.0,10,137,3798.0,21.692607003891045,82.5,76.55833333333334,-1.0,0,0.0,7,0,3,10.0,Low,Assignment submission; Performance decline,Routine monitoring
STU001445,EE,Electrical Engineering,School of Engineering and Digital Sciences,3,Active,65.0,10,97,2674.0,-17.922374429223748,55.00000000000001,61.324999999999996,-5.300000000000004,25,5.0,20,17,6,73.0,High,Attendance; LMS engagement; Assignment submission; Assessment performance; Performance decline,Priority outreach
STU001446,PSIR,Political Science and International Relations,School of Sciences and Humanities,2,Active,88.0,10,193,5464.0,2.1019108280254777,74.0,63.413333333333334,9.54999999999999,10,0.0,14,17,0,41.0,Moderate,Attendance; Assignment submission; Assessment performance,Review
STU001447,AI,Artificial Intelligence,School of Engineering and Digital Sciences,1,Active,80.0,10,162,3667.0,10.089910089910079,52.0,65.27333333333334,-11.600000000000009,10,0.0,20,8,10,48.0,Moderate,Attendance; Assignment submission; Assessment performance; Performance decline,Review
STU001448,BIO,Biological Sciences,School of Sciences and Humanities,4,Active,64.0,10,96,2785.0,-4.495614035087725,50.0,62.79333333333333,1.3999999999999915,25,0.0,20,17,0,62.0,High,Attendance; Assignment submission; Assessment performance,Priority outreach
STU001449,CS,Computer Science,School of Engineering and Digital Sciences,1,Active,77.5,10,95,2905.0,-13.097713097713095,42.5,54.125,7.350000000000001,18,0.0,20,25,0,63.0,High,Attendance; Assignment submission; Assessment performance,Priority outreach
STU001450,ME,Mechanical Engineering,School of Engineering and Digital Sciences,2,Active,81.66666666666667,10,202,5761.0,-8.188446438586663,68.33333333333333,68.28888888888889,-12.5,10,0.0,14,8,10,42.0,Moderate,Attendance; Assignment submission; Assessment performance; Performance decline,Review
STU001451,EE,Electrical Engineering,School of Engineering and Digital Sciences,3,Active,90.0,10,189,5420.0,-0.24953212726139198,78.0,66.15333333333334,4.75,0,0.0,7,8,0,15.0,Low,Assignment submission; Assessment performance,Routine monitoring
STU001452,PHYS,Physics,School of Sciences and Humanities,4,Active,60.0,10,154,4918.0,-13.513513513513512,61.66666666666667,73.28333333333333,-1.5500000000000114,25,0.0,14,8,3,50.0,Moderate,Attendance; Assignment submission; Assessment performance; Performance decline,Review
STU001453,SOCI,Sociology,School of Sciences and Humanities,1,Active,97.5,10,188,5258.0,-8.51063829787234,92.5,77.56666666666666,7.849999999999994,0,0.0,0,0,0,0.0,Low,No material signal,Routine monitoring
STU001454,EE,Electrical Engineering,School of Engineering and Digital Sciences,3,Active,90.0,10,160,4796.0,6.302521008403361,97.5,72.76666666666667,5.749999999999986,0,0.0,0,8,0,8.0,Low,Assessment performance,Routine monitoring
STU001455,FIN,Finance,Graduate School of Business,4,Active,74.0,10,140,3861.0,-5.3386454183266885,52.0,64.28666666666666,2.3499999999999943,18,0.0,20,17,0,55.0,Moderate,Attendance; Assignment submission; Assessment performance,Review
STU001456,CE,Civil Engineering,School of Mining and Geosciences,3,Active,82.0,10,150,3675.0,-1.3311148086522557,64.0,64.39333333333333,-32.19999999999999,10,0.0,14,17,10,51.0,Moderate,Attendance; Assignment submission; Assessment performance; Performance decline,Review
STU001457,PHYS,Physics,School of Sciences and Humanities,3,Active,90.0,10,219,6411.0,15.341856586992774,88.0,71.52,0.04999999999999716,0,0.0,7,8,0,15.0,Low,Assignment submission; Assessment performance,Routine monitoring
STU001458,ECON,Economics,Graduate School of Business,4,Active,75.0,10,133,3740.0,-15.780590717299573,67.5,79.56666666666666,-3.450000000000003,18,5.0,14,0,3,40.0,Moderate,Attendance; LMS engagement; Assignment submission; Performance decline,Review
STU001459,CHEM,Chemistry,School of Sciences and Humanities,2,Active,92.5,10,177,5029.0,-2.3333333333333375,87.5,83.89166666666667,10.800000000000011,0,0.0,7,0,0,7.0,Low,Assignment submission,Routine monitoring
STU001460,ME,Mechanical Engineering,School of Engineering and Digital Sciences,1,Active,80.0,10,195,4866.0,-32.91139240506329,65.0,75.83333333333333,4.349999999999994,10,9.0,14,0,0,33.0,Moderate,Attendance; LMS engagement; Assignment submission,Review
STU001461,EE,Electrical Engineering,School of Engineering and Digital Sciences,3,Active,74.0,10,99,2993.0,6.563245823389035,57.99999999999999,56.64,-9.350000000000001,18,0.0,20,17,6,61.0,High,Attendance; Assignment submission; Assessment performance; Performance decline,Priority outreach
STU001462,ME,Mechanical Engineering,School of Engineering and Digital Sciences,2,Active,76.66666666666666,10,207,5765.0,-2.8797289666854886,75.0,65.45555555555556,-16.150000000000006,18,0.0,7,8,10,43.0,Moderate,Attendance; Assignment submission; Assessment performance; Performance decline,Review
STU001463,CS,Computer Science,School of Engineering and Digital Sciences,3,Active,77.5,10,132,3599.0,-0.3613369467027952,77.5,65.24166666666666,-1.9500000000000028,18,0.0,7,8,3,36.0,Moderate,Attendance; Assignment submission; Assessment performance; Performance decline,Review
STU001464,AI,Artificial Intelligence,School of Engineering and Digital Sciences,1,Active,57.49999999999999,10,73,1855.0,-0.3262642740619995,50.0,61.00833333333333,-31.0,25,0.0,20,17,10,72.0,High,Attendance; Assignment submission; Assessment performance; Performance decline,Priority outreach
STU001465,BIO,Biological Sciences,School of Sciences and Humanities,4,Active,80.0,10,144,3431.0,11.894273127753303,50.0,54.30555555555556,-7.450000000000003,10,0.0,20,25,6,61.0,High,Attendance; Assignment submission; Assessment performance; Performance decline,Priority outreach
STU001466,PHYS,Physics,School of Sciences and Humanities,4,Active,71.66666666666667,10,175,4169.0,-19.48339483394834,71.66666666666667,55.96666666666667,-3.0500000000000043,18,5.0,14,17,3,57.0,Moderate,Attendance; LMS engagement; Assignment submission; Assessment performance; Performance decline,Review
STU001467,FIN,Finance,Graduate School of Business,4,Active,94.0,10,216,6358.0,-2.118863049095601,90.0,76.19333333333334,15.399999999999991,0,0.0,0,0,0,0.0,Low,No material signal,Routine monitoring
STU001468,EE,Electrical Engineering,School of Engineering and Digital Sciences,2,Active,93.33333333333333,10,273,6955.0,11.512297226582948,81.66666666666667,79.5611111111111,10.549999999999997,0,0.0,7,0,0,7.0,Low,Assignment submission,Routine monitoring
STU001469,BIO,Biological Sciences,School of Sciences and Humanities,4,Active,55.00000000000001,10,90,1933.0,27.71535580524345,47.5,49.53333333333333,-10.799999999999997,25,0.0,20,25,10,80.0,Critical,Attendance; Assignment submission; Assessment performance; Performance decline,Urgent review
STU001470,ME,Mechanical Engineering,School of Engineering and Digital Sciences,2,Active,67.5,10,93,2479.0,-13.37579617834396,57.49999999999999,60.28333333333333,-15.79999999999999,25,0.0,20,17,10,72.0,High,Attendance; Assignment submission; Assessment performance; Performance decline,Priority outreach
STU001471,PSIR,Political Science and International Relations,School of Sciences and Humanities,4,Active,98.33333333333333,10,288,7961.0,5.121638924455826,93.33333333333333,77.48888888888888,-15.450000000000003,0,0.0,0,0,10,10.0,Low,Performance decline,Routine monitoring
STU001472,PHYS,Physics,School of Sciences and Humanities,3,Active,100.0,10,204,6355.0,-0.8669046404895403,98.0,75.94,19.5,0,0.0,0,0,0,0.0,Low,No material signal,Routine monitoring
STU001473,PHYS,Physics,School of Sciences and Humanities,1,Active,94.0,10,181,5717.0,6.009615384615392,78.0,67.80666666666667,7.1499999999999915,0,0.0,7,8,0,15.0,Low,Assignment submission; Assessment performance,Routine monitoring
STU001474,CS,Computer Science,School of Engineering and Digital Sciences,4,Active,86.66666666666667,10,238,6756.0,-4.211035818005809,80.0,66.80000000000001,5.3500000000000085,10,0.0,7,8,0,25.0,Low,Attendance; Assignment submission; Assessment performance,Routine monitoring
STU001475,EE,Electrical Engineering,School of Engineering and Digital Sciences,3,Active,86.66666666666667,10,210,5927.0,-2.3455377574370644,76.66666666666667,69.85555555555555,5.650000000000006,10,0.0,7,8,0,25.0,Low,Attendance; Assignment submission; Assessment performance,Routine monitoring
STU001476,PHYS,Physics,School of Sciences and Humanities,4,Active,85.0,10,191,5714.0,-6.506287588846359,70.0,59.227777777777774,-7.149999999999999,10,0.0,14,17,6,47.0,Moderate,Attendance; Assignment submission; Assessment performance; Performance decline,Review
STU001477,AI,Artificial Intelligence,School of Engineering and Digital Sciences,2,Active,95.0,10,189,5114.0,-4.0241448692152915,97.5,77.93333333333334,19.799999999999997,0,0.0,0,0,0,0.0,Low,No material signal,Routine monitoring
STU001478,ECON,Economics,Graduate School of Business,2,Active,96.0,10,214,5987.0,5.112359550561784,86.0,78.22666666666667,0.5499999999999972,0,0.0,7,0,0,7.0,Low,Assignment submission,Routine monitoring
STU001479,CHEM,Chemistry,School of Sciences and Humanities,4,Active,80.0,10,200,5728.0,-3.6484245439469323,71.66666666666667,69.6,4.150000000000006,10,0.0,14,8,0,32.0,Moderate,Attendance; Assignment submission; Assessment performance,Review
STU001480,AI,Artificial Intelligence,School of Engineering and Digital Sciences,3,Active,100.0,10,209,5339.0,10.736407432897465,92.5,80.10000000000001,-7.549999999999997,0,0.0,0,0,6,6.0,Low,Performance decline,Routine monitoring
STU001481,FIN,Finance,Graduate School of Business,2,Active,85.0,10,228,6861.0,13.569937369519847,85.0,70.6,-11.100000000000009,10,0.0,7,8,10,35.0,Moderate,Attendance; Assignment submission; Assessment performance; Performance decline,Review
STU001482,CS,Computer Science,School of Engineering and Digital Sciences,3,Active,70.0,10,146,3293.0,-7.662835249042151,58.333333333333336,54.01111111111111,6.1499999999999915,18,0.0,20,25,0,63.0,High,Attendance; Assignment submission; Assessment performance,Priority outreach
STU001483,EE,Electrical Engineering,School of Engineering and Digital Sciences,4,Active,86.0,10,172,5462.0,9.073482428115023,80.0,64.74,-18.89999999999999,10,0.0,7,17,10,44.0,Moderate,Attendance; Assignment submission; Assessment performance; Performance decline,Review
STU001484,PSIR,Political Science and International Relations,School of Sciences and Humanities,4,Active,65.0,10,57,1489.0,-9.710743801652903,55.00000000000001,44.85833333333333,-5.950000000000003,25,0.0,20,25,6,76.0,High,Attendance; Assignment submission; Assessment performance; Performance decline,Priority outreach
STU001485,SOCI,Sociology,School of Sciences and Humanities,3,Active,78.33333333333333,10,165,4803.0,-12.75476660092045,58.333333333333336,62.27777777777778,3.9499999999999957,18,0.0,20,17,0,55.0,Moderate,Attendance; Assignment submission; Assessment performance,Review
STU001486,EE,Electrical Engineering,School of Engineering and Digital Sciences,1,Active,88.33333333333333,10,247,7543.0,6.732941708088578,83.33333333333334,76.86111111111111,-3.799999999999997,10,0.0,7,0,3,20.0,Low,Attendance; Assignment submission; Performance decline,Routine monitoring
STU001487,CS,Computer Science,School of Engineering and Digital Sciences,1,Active,73.33333333333334,10,213,5884.0,-2.8396436525612474,81.66666666666667,68.5611111111111,-1.0499999999999972,18,0.0,7,8,3,36.0,Moderate,Attendance; Assignment submission; Assessment performance; Performance decline,Review
STU001488,CHEM,Chemistry,School of Sciences and Humanities,2,Active,95.0,10,261,7566.0,-1.0249554367201377,85.0,82.29444444444444,14.300000000000011,0,0.0,7,0,0,7.0,Low,Assignment submission,Routine monitoring
STU001489,SOCI,Sociology,School of Sciences and Humanities,4,Active,85.0,10,132,3361.0,-2.2094140249759904,62.5,76.35000000000001,-0.6500000000000057,10,0.0,14,0,3,27.0,Low,Attendance; Assignment submission; Performance decline,Routine monitoring
STU001490,ECON,Economics,Graduate School of Business,4,Active,87.5,10,163,4280.0,-3.1225604996096754,82.5,70.2,5.250000000000014,10,0.0,7,8,0,25.0,Low,Attendance; Assignment submission; Assessment performance,Routine monitoring
STU001491,SOCI,Sociology,School of Sciences and Humanities,4,Active,58.00000000000001,10,70,1425.0,2.2556390977443606,44.0,44.873333333333335,-4.149999999999999,25,0.0,20,25,3,73.0,High,Attendance; Assignment submission; Assessment performance; Performance decline,Priority outreach
STU001492,CHEM,Chemistry,School of Sciences and Humanities,2,Active,76.0,10,151,4036.0,-14.968652037617547,70.0,57.14666666666667,-6.6000000000000085,18,0.0,14,17,6,55.0,Moderate,Attendance; Assignment submission; Assessment performance; Performance decline,Review
STU001493,ECON,Economics,Graduate School of Business,3,Active,78.33333333333333,10,189,5339.0,-7.054455445544544,75.0,74.1888888888889,-14.399999999999991,18,0.0,7,8,10,43.0,Moderate,Attendance; Assignment submission; Assessment performance; Performance decline,Review
STU001494,PHYS,Physics,School of Sciences and Humanities,1,Active,83.33333333333334,10,192,6189.0,-19.54191033138401,71.66666666666667,62.25555555555555,-14.650000000000006,10,5.0,14,17,10,56.0,Moderate,Attendance; LMS engagement; Assignment submission; Assessment performance; Performance decline,Review
STU001495,ME,Mechanical Engineering,School of Engineering and Digital Sciences,4,Active,86.66666666666667,10,148,3942.0,-13.608087091757396,53.333333333333336,59.794444444444444,-11.75,10,0.0,20,17,10,57.0,Moderate,Attendance; Assignment submission; Assessment performance; Performance decline,Review
STU001496,CE,Civil Engineering,School of Mining and Geosciences,4,Active,77.5,10,140,3540.0,-6.775300171526596,75.0,68.39999999999999,11.899999999999991,18,0.0,7,8,0,33.0,Moderate,Attendance; Assignment submission; Assessment performance,Review
STU001497,FIN,Finance,Graduate School of Business,3,Active,81.66666666666667,10,193,4834.0,9.377344336084025,63.33333333333333,54.294444444444444,-7.800000000000004,10,0.0,14,25,6,55.0,Moderate,Attendance; Assignment submission; Assessment performance; Performance decline,Review
STU001498,ME,Mechanical Engineering,School of Engineering and Digital Sciences,1,Active,87.5,10,188,4764.0,-1.9957234497505427,82.5,71.76666666666667,5.050000000000011,10,0.0,7,8,0,25.0,Low,Attendance; Assignment submission; Assessment performance,Routine monitoring
STU001499,BIO,Biological Sciences,School of Sciences and Humanities,1,Active,90.0,10,216,6054.0,-13.489298158287694,80.0,72.95333333333333,2.549999999999997,0,0.0,7,8,0,15.0,Low,Assignment submission; Assessment performance,Routine monitoring
STU001500,FIN,Finance,Graduate School of Business,3,Active,97.5,10,150,4415.0,2.337858220211157,85.0,61.13333333333333,-2.25,0,0.0,7,17,3,27.0,Low,Assignment submission; Assessment performance; Performance decline,Routine monitoring
STU001501,SOCI,Sociology,School of Sciences and Humanities,3,Active,78.0,10,118,3719.0,-13.82886776145204,57.99999999999999,59.313333333333325,8.299999999999997,18,0.0,20,17,0,55.0,Moderate,Attendance; Assignment submission; Assessment performance,Review
STU001502,CHEM,Chemistry,School of Sciences and Humanities,1,Active,80.0,10,147,4496.0,6.43491124260355,75.0,61.56666666666666,-14.0,10,0.0,7,17,10,44.0,Moderate,Attendance; Assignment submission; Assessment performance; Performance decline,Review
STU001503,BIO,Biological Sciences,School of Sciences and Humanities,2,Active,81.66666666666667,10,190,5796.0,-19.454640797063448,65.0,58.983333333333334,6.400000000000006,10,5.0,14,17,0,46.0,Moderate,Attendance; LMS engagement; Assignment submission; Assessment performance,Review
STU001504,CHEM,Chemistry,School of Sciences and Humanities,2,Active,92.5,10,159,4287.0,-4.337539432176666,75.0,76.03333333333335,-10.600000000000009,0,0.0,7,0,10,17.0,Low,Assignment submission; Performance decline,Routine monitoring
STU001505,CHEM,Chemistry,School of Sciences and Humanities,3,Active,80.0,10,147,4124.0,-15.67375886524823,80.0,80.39999999999999,-3.700000000000003,10,5.0,7,0,3,25.0,Low,Attendance; LMS engagement; Assignment submission; Performance decline,Routine monitoring
STU001506,CS,Computer Science,School of Engineering and Digital Sciences,2,Active,87.5,10,143,4265.0,8.056872037914692,82.5,72.20833333333333,-3.6499999999999986,10,0.0,7,8,3,28.0,Low,Attendance; Assignment submission; Assessment performance; Performance decline,Routine monitoring
STU001507,BIO,Biological Sciences,School of Sciences and Humanities,2,Active,72.5,10,99,3220.0,9.710743801652887,55.00000000000001,69.13333333333334,-22.749999999999986,18,0.0,20,8,10,56.0,Moderate,Attendance; Assignment submission; Assessment performance; Performance decline,Review
STU001508,PSIR,Political Science and International Relations,School of Sciences and Humanities,3,Active,85.0,10,209,5508.0,-14.78060046189377,75.0,68.0,11.549999999999997,10,0.0,7,8,0,25.0,Low,Attendance; Assignment submission; Assessment performance,Routine monitoring
STU001509,ME,Mechanical Engineering,School of Engineering and Digital Sciences,1,Active,82.5,10,133,3432.0,-4.003639672429471,57.49999999999999,66.075,-5.75,10,0.0,20,8,6,44.0,Moderate,Attendance; Assignment submission; Assessment performance; Performance decline,Review
STU001510,BIO,Biological Sciences,School of Sciences and Humanities,2,Active,61.66666666666667,10,191,4642.0,3.453136011275542,73.33333333333333,68.09444444444445,10.599999999999987,25,0.0,14,8,0,47.0,Moderate,Attendance; Assignment submission; Assessment performance,Review
STU001511,CS,Computer Science,School of Engineering and Digital Sciences,3,Active,86.0,10,189,5834.0,-7.381082558775287,76.0,73.42,-0.9000000000000057,10,0.0,7,8,3,28.0,Low,Attendance; Assignment submission; Assessment performance; Performance decline,Routine monitoring
STU001512,FIN,Finance,Graduate School of Business,1,Active,67.5,10,92,2308.0,-25.6348246674728,45.0,52.46666666666667,-1.5999999999999943,25,5.0,20,25,3,78.0,High,Attendance; LMS engagement; Assignment submission; Assessment performance; Performance decline,Priority outreach
STU001513,CS,Computer Science,School of Engineering and Digital Sciences,4,Active,82.5,10,136,4308.0,-5.5813953488372094,77.5,81.21666666666665,-8.5,10,0.0,7,0,6,23.0,Low,Attendance; Assignment submission; Performance decline,Routine monitoring
STU001514,PSIR,Political Science and International Relations,School of Sciences and Humanities,4,Active,86.0,10,141,3762.0,-20.334928229665074,68.0,62.586666666666666,-11.0,10,5.0,14,17,10,56.0,Moderate,Attendance; LMS engagement; Assignment submission; Assessment performance; Performance decline,Review
STU001515,CS,Computer Science,School of Engineering and Digital Sciences,3,Active,78.0,10,181,4704.0,-10.593792172739537,70.0,78.29333333333334,11.400000000000006,18,0.0,14,0,0,32.0,Moderate,Attendance; Assignment submission,Review
STU001516,PHYS,Physics,School of Sciences and Humanities,2,Active,72.5,10,121,2897.0,-12.0,65.0,65.45,-2.5999999999999943,18,0.0,14,8,3,43.0,Moderate,Attendance; Assignment submission; Assessment performance; Performance decline,Review
STU001517,FIN,Finance,Graduate School of Business,2,Active,67.5,10,105,2842.0,9.16976456009914,62.5,69.08333333333333,-2.549999999999997,25,0.0,14,8,3,50.0,Moderate,Attendance; Assignment submission; Assessment performance; Performance decline,Review
STU001518,EE,Electrical Engineering,School of Engineering and Digital Sciences,4,Active,72.0,10,125,3750.0,1.4925373134328257,56.00000000000001,55.693333333333335,-14.749999999999993,18,0.0,20,17,10,65.0,High,Attendance; Assignment submission; Assessment performance; Performance decline,Priority outreach
STU001519,ME,Mechanical Engineering,School of Engineering and Digital Sciences,2,Active,68.33333333333333,10,166,3958.0,-29.740061162079517,61.66666666666667,55.044444444444444,1.75,25,5.0,14,17,0,61.0,High,Attendance; LMS engagement; Assignment submission; Assessment performance,Priority outreach
STU001520,CHEM,Chemistry,School of Sciences and Humanities,2,Active,76.66666666666666,10,162,4594.0,0.34435261707989373,70.0,60.09444444444445,-20.700000000000003,18,0.0,14,17,10,59.0,Moderate,Attendance; Assignment submission; Assessment performance; Performance decline,Review
STU001521,BIO,Biological Sciences,School of Sciences and Humanities,2,Active,80.0,10,175,4900.0,-3.8385175380542758,78.33333333333333,69.02777777777777,-16.4,10,0.0,7,8,10,35.0,Moderate,Attendance; Assignment submission; Assessment performance; Performance decline,Review
STU001522,ME,Mechanical Engineering,School of Engineering and Digital Sciences,3,Active,90.0,10,159,4776.0,4.5391061452514005,82.5,73.01666666666667,-16.549999999999997,0,0.0,7,8,10,25.0,Low,Assignment submission; Assessment performance; Performance decline,Routine monitoring
STU001523,FIN,Finance,Graduate School of Business,1,Active,80.0,10,214,5505.0,-10.596765197992179,73.33333333333333,75.82222222222222,-4.1499999999999915,10,0.0,14,0,3,27.0,Low,Attendance; Assignment submission; Performance decline,Routine monitoring
STU001524,FIN,Finance,Graduate School of Business,4,Active,77.5,10,165,4281.0,-4.452554744525555,62.5,63.050000000000004,-19.000000000000007,18,0.0,14,17,10,59.0,Moderate,Attendance; Assignment submission; Assessment performance; Performance decline,Review
STU001525,ME,Mechanical Engineering,School of Engineering and Digital Sciences,1,Active,85.0,10,188,5799.0,0.22779043280180936,65.0,61.07777777777777,0.9000000000000057,10,0.0,14,17,0,41.0,Moderate,Attendance; Assignment submission; Assessment performance,Review
STU001526,PHYS,Physics,School of Sciences and Humanities,4,Active,81.66666666666667,10,210,6017.0,-13.828689370485042,73.33333333333333,70.99444444444445,-4.400000000000006,10,0.0,14,8,3,35.0,Moderate,Attendance; Assignment submission; Assessment performance; Performance decline,Review
STU001527,AI,Artificial Intelligence,School of Engineering and Digital Sciences,1,Active,84.0,10,108,3540.0,-20.00000000000001,57.99999999999999,60.67333333333333,-19.25,10,5.0,20,17,10,62.0,High,Attendance; LMS engagement; Assignment submission; Assessment performance; Performance decline,Priority outreach
STU001528,FIN,Finance,Graduate School of Business,1,Active,90.0,10,140,3873.0,-3.5044824775876076,77.5,66.36666666666666,2.1499999999999986,0,0.0,7,8,0,15.0,Low,Assignment submission; Assessment performance,Routine monitoring
STU001529,ME,Mechanical Engineering,School of Engineering and Digital Sciences,4,Active,84.0,10,139,4424.0,-10.743801652892563,57.99999999999999,65.01333333333334,-13.150000000000006,10,0.0,20,8,10,48.0,Moderate,Attendance; Assignment submission; Assessment performance; Performance decline,Review
STU001530,CHEM,Chemistry,School of Sciences and Humanities,4,Active,88.0,10,148,3916.0,4.753521126760563,56.00000000000001,70.92,-7.6499999999999915,10,0.0,20,8,6,44.0,Moderate,Attendance; Assignment submission; Assessment performance; Performance decline,Review
STU001531,BIO,Biological Sciences,School of Sciences and Humanities,1,Active,95.0,10,171,5148.0,-5.227131300560039,92.5,85.13333333333334,-1.25,0,0.0,0,0,3,3.0,Low,Performance decline,Routine monitoring
STU001532,ECON,Economics,Graduate School of Business,1,Active,90.0,10,269,6967.0,2.9027576197387517,85.0,71.73333333333333,8.450000000000003,0,0.0,7,8,0,15.0,Low,Assignment submission; Assessment performance,Routine monitoring
STU001533,PSIR,Political Science and International Relations,School of Sciences and Humanities,3,Active,90.0,10,137,4538.0,-7.858136300417239,90.0,80.11666666666666,17.700000000000003,0,0.0,0,0,0,0.0,Low,No material signal,Routine monitoring
STU001534,CHEM,Chemistry,School of Sciences and Humanities,2,Active,78.33333333333333,10,187,5516.0,4.012738853503184,61.66666666666667,75.0,8.149999999999991,18,0.0,14,0,0,32.0,Moderate,Attendance; Assignment submission,Review
STU001535,PSIR,Political Science and International Relations,School of Sciences and Humanities,4,Active,77.5,10,170,4248.0,-0.15337423312883872,82.5,64.64999999999999,2.3500000000000014,18,0.0,7,17,0,42.0,Moderate,Attendance; Assignment submission; Assessment performance,Review
STU001536,ME,Mechanical Engineering,School of Engineering and Digital Sciences,2,Active,98.0,10,256,7000.0,-8.8194763435921,88.0,79.86,8.849999999999994,0,0.0,7,0,0,7.0,Low,Assignment submission,Routine monitoring
STU001537,CE,Civil Engineering,School of Mining and Geosciences,1,Active,76.0,10,129,3278.0,8.90336590662323,48.0,59.72666666666667,-13.0,18,0.0,20,17,10,65.0,High,Attendance; Assignment submission; Assessment performance; Performance decline,Priority outreach
STU001538,FIN,Finance,Graduate School of Business,3,Active,85.0,10,137,3995.0,3.463587921847247,70.0,64.60833333333333,5.349999999999994,10,0.0,14,17,0,41.0,Moderate,Attendance; Assignment submission; Assessment performance,Review
STU001539,FIN,Finance,Graduate School of Business,3,Active,65.0,10,212,5756.0,-4.488636363636351,80.0,68.38333333333334,-7.6000000000000085,25,0.0,7,8,6,46.0,Moderate,Attendance; Assignment submission; Assessment performance; Performance decline,Review
STU001540,FIN,Finance,Graduate School of Business,2,Active,80.0,10,121,4081.0,-5.343511450381688,64.0,61.74,3.950000000000003,10,0.0,14,17,0,41.0,Moderate,Attendance; Assignment submission; Assessment performance,Review
STU001541,PHYS,Physics,School of Sciences and Humanities,3,Active,75.0,10,131,3836.0,-2.4914089347079087,72.5,67.90833333333333,8.200000000000003,18,0.0,14,8,0,40.0,Moderate,Attendance; Assignment submission; Assessment performance,Review
STU001542,ECON,Economics,Graduate School of Business,3,Active,90.0,10,185,5820.0,-12.678375411635564,70.0,70.07222222222222,2.9000000000000057,0,0.0,14,8,0,22.0,Low,Assignment submission; Assessment performance,Routine monitoring
STU001543,BIO,Biological Sciences,School of Sciences and Humanities,3,Active,86.66666666666667,10,217,6378.0,-1.491769547325097,71.66666666666667,72.55000000000001,-9.900000000000006,10,0.0,14,8,6,38.0,Moderate,Attendance; Assignment submission; Assessment performance; Performance decline,Review
STU001544,PHYS,Physics,School of Sciences and Humanities,2,Active,62.5,10,99,2488.0,-10.227272727272728,60.0,59.300000000000004,-8.100000000000001,25,0.0,14,17,6,62.0,High,Attendance; Assignment submission; Assessment performance; Performance decline,Priority outreach
STU001545,CS,Computer Science,School of Engineering and Digital Sciences,3,Active,70.0,10,74,1988.0,0.38095238095237555,42.5,51.041666666666664,-0.5,18,0.0,20,25,3,66.0,High,Attendance; Assignment submission; Assessment performance; Performance decline,Priority outreach
STU001546,BIO,Biological Sciences,School of Sciences and Humanities,3,Active,78.0,10,144,3884.0,-27.80112044817927,57.99999999999999,69.52,3.3499999999999943,18,5.0,20,8,0,51.0,Moderate,Attendance; LMS engagement; Assignment submission; Assessment performance,Review
STU001547,FIN,Finance,Graduate School of Business,4,Active,78.0,10,131,3695.0,-11.436170212765957,62.0,68.28666666666666,-0.9000000000000057,18,0.0,14,8,3,43.0,Moderate,Attendance; Assignment submission; Assessment performance; Performance decline,Review
STU001548,BIO,Biological Sciences,School of Sciences and Humanities,3,Active,80.0,10,180,5001.0,-22.49093107617897,63.33333333333333,68.65555555555555,3.75,10,5.0,14,8,0,37.0,Moderate,Attendance; LMS engagement; Assignment submission; Assessment performance,Review
STU001549,CE,Civil Engineering,School of Mining and Geosciences,4,Active,75.0,10,183,4772.0,5.637773079633549,68.33333333333333,61.61666666666666,-10.75,18,0.0,14,17,10,59.0,Moderate,Attendance; Assignment submission; Assessment performance; Performance decline,Review
STU001550,SOCI,Sociology,School of Sciences and Humanities,4,Active,70.0,10,115,3081.0,-2.484472049689441,57.49999999999999,64.075,-10.649999999999991,18,0.0,20,17,10,65.0,High,Attendance; Assignment submission; Assessment performance; Performance decline,Priority outreach
STU001551,FIN,Finance,Graduate School of Business,2,Active,74.0,10,140,4387.0,11.933797909407655,72.0,78.54666666666667,14.599999999999994,18,0.0,14,0,0,32.0,Moderate,Attendance; Assignment submission,Review
STU001552,CS,Computer Science,School of Engineering and Digital Sciences,2,Active,80.0,10,110,3232.0,-31.75925925925926,57.49999999999999,67.425,22.549999999999997,10,9.0,20,8,0,47.0,Moderate,Attendance; LMS engagement; Assignment submission; Assessment performance,Review
STU001553,ECON,Economics,Graduate School of Business,2,Active,93.33333333333333,10,259,7927.0,5.435244161358806,93.33333333333333,76.35555555555555,1.3499999999999943,0,0.0,0,0,0,0.0,Low,No material signal,Routine monitoring
STU001554,PHYS,Physics,School of Sciences and Humanities,4,Active,90.0,10,198,5455.0,3.1880286271958207,84.0,64.04666666666667,-10.0,0,0.0,7,17,6,30.0,Moderate,Assignment submission; Assessment performance; Performance decline,Review
STU001555,SOCI,Sociology,School of Sciences and Humanities,1,Active,78.33333333333333,10,156,4244.0,-2.1346469622331736,65.0,72.26666666666667,-27.300000000000004,18,0.0,14,8,10,50.0,Moderate,Attendance; Assignment submission; Assessment performance; Performance decline,Review
STU001556,PHYS,Physics,School of Sciences and Humanities,1,Active,65.99999999999999,10,76,1886.0,-41.045958795562605,52.0,50.17333333333333,-4.950000000000003,25,9.0,20,25,3,82.0,Critical,Attendance; LMS engagement; Assignment submission; Assessment performance; Performance decline,Urgent review
STU001557,PHYS,Physics,School of Sciences and Humanities,1,Active,78.33333333333333,10,192,5342.0,-2.756892230576434,76.66666666666667,68.71111111111111,13.800000000000011,18,0.0,7,8,0,33.0,Moderate,Attendance; Assignment submission; Assessment performance,Review
STU001558,CS,Computer Science,School of Engineering and Digital Sciences,2,Active,82.0,10,204,4555.0,-8.22015725518227,70.0,78.82666666666665,-2.299999999999983,10,0.0,14,0,3,27.0,Low,Attendance; Assignment submission; Performance decline,Routine monitoring
STU001559,SOCI,Sociology,School of Sciences and Humanities,3,Active,65.0,10,115,3004.0,-29.843893480257115,60.0,74.00833333333334,-26.299999999999997,25,5.0,14,8,10,62.0,High,Attendance; LMS engagement; Assignment submission; Assessment performance; Performance decline,Priority outreach
STU001560,AI,Artificial Intelligence,School of Engineering and Digital Sciences,1,Active,65.0,10,93,2768.0,-4.431818181818182,65.0,67.09166666666667,-16.69999999999999,25,0.0,14,8,10,57.0,Moderate,Attendance; Assignment submission; Assessment performance; Performance decline,Review
STU001561,BIO,Biological Sciences,School of Sciences and Humanities,2,Active,82.5,10,128,3384.0,-23.421926910299003,65.0,58.675000000000004,-19.200000000000003,10,5.0,14,17,10,56.0,Moderate,Attendance; LMS engagement; Assignment submission; Assessment performance; Performance decline,Review
STU001562,AI,Artificial Intelligence,School of Engineering and Digital Sciences,3,Active,88.0,10,180,5699.0,7.480073574494189,80.0,77.56666666666666,1.0,10,0.0,7,0,0,17.0,Low,Attendance; Assignment submission,Routine monitoring
STU001563,ME,Mechanical Engineering,School of Engineering and Digital Sciences,3,Active,80.0,10,141,3584.0,-5.730659025787966,46.0,61.20666666666667,-4.600000000000001,10,0.0,20,17,3,50.0,Moderate,Attendance; Assignment submission; Assessment performance; Performance decline,Review
STU001564,PHYS,Physics,School of Sciences and Humanities,2,Active,80.0,10,126,3517.0,-6.459948320413436,68.0,64.14,-18.65,10,0.0,14,17,10,51.0,Moderate,Attendance; Assignment submission; Assessment performance; Performance decline,Review
STU001565,SOCI,Sociology,School of Sciences and Humanities,4,Active,80.0,10,87,2333.0,-23.037974683544302,57.49999999999999,44.80833333333334,7.849999999999994,10,5.0,20,25,0,60.0,High,Attendance; LMS engagement; Assignment submission; Assessment performance,Priority outreach
STU001566,BIO,Biological Sciences,School of Sciences and Humanities,2,Active,82.0,10,174,4937.0,-10.619469026548682,76.0,75.28,-13.700000000000003,10,0.0,7,0,10,27.0,Low,Attendance; Assignment submission; Performance decline,Routine monitoring
STU001567,PHYS,Physics,School of Sciences and Humanities,4,Active,65.0,10,144,3918.0,3.4364261168384833,65.0,72.85000000000001,-1.6999999999999886,25,0.0,14,8,3,50.0,Moderate,Attendance; Assignment submission; Assessment performance; Performance decline,Review
STU001568,AI,Artificial Intelligence,School of Engineering and Digital Sciences,2,Active,80.0,10,232,5623.0,16.052631578947363,88.33333333333333,77.87222222222222,-15.900000000000006,10,0.0,7,0,10,27.0,Low,Attendance; Assignment submission; Performance decline,Routine monitoring
STU001569,PSIR,Political Science and International Relations,School of Sciences and Humanities,4,Active,92.0,10,201,5532.0,-6.938775510204076,82.0,78.68666666666667,14.550000000000004,0,0.0,7,0,0,7.0,Low,Assignment submission,Routine monitoring
STU001570,EE,Electrical Engineering,School of Engineering and Digital Sciences,4,Active,66.66666666666667,10,155,4882.0,-17.10353866317169,66.66666666666666,69.6,-17.750000000000007,25,5.0,14,8,10,62.0,High,Attendance; LMS engagement; Assignment submission; Assessment performance; Performance decline,Priority outreach
STU001571,AI,Artificial Intelligence,School of Engineering and Digital Sciences,1,Active,90.0,10,211,5817.0,-5.209994683678889,73.33333333333333,71.09444444444445,-13.650000000000006,0,0.0,14,8,10,32.0,Moderate,Assignment submission; Assessment performance; Performance decline,Review
STU001572,CS,Computer Science,School of Engineering and Digital Sciences,2,Active,90.0,10,226,6137.0,-12.583806085611146,88.0,81.18,2.299999999999997,0,0.0,7,0,0,7.0,Low,Assignment submission,Routine monitoring
STU001573,EE,Electrical Engineering,School of Engineering and Digital Sciences,1,Active,82.5,10,155,4372.0,-5.769230769230769,77.5,79.54166666666667,0.4000000000000057,10,0.0,7,0,0,17.0,Low,Attendance; Assignment submission,Routine monitoring
STU001574,CS,Computer Science,School of Engineering and Digital Sciences,3,Active,77.5,10,96,2525.0,21.33526850507984,37.5,58.0,-6.0,18,0.0,20,17,6,61.0,High,Attendance; Assignment submission; Assessment performance; Performance decline,Priority outreach
STU001575,EE,Electrical Engineering,School of Engineering and Digital Sciences,3,Active,85.0,10,230,5858.0,-7.713651498335171,78.33333333333333,72.8111111111111,8.200000000000003,10,0.0,7,8,0,25.0,Low,Attendance; Assignment submission; Assessment performance,Routine monitoring
STU001576,PSIR,Political Science and International Relations,School of Sciences and Humanities,1,Active,80.0,10,166,4864.0,-7.676902536715617,72.0,74.47333333333333,-14.700000000000003,10,0.0,14,8,10,42.0,Moderate,Attendance; Assignment submission; Assessment performance; Performance decline,Review
STU001577,PHYS,Physics,School of Sciences and Humanities,4,Active,72.5,10,117,3006.0,8.85167464114831,70.0,64.75,0.5999999999999943,18,0.0,14,17,0,49.0,Moderate,Attendance; Assignment submission; Assessment performance,Review
STU001578,FIN,Finance,Graduate School of Business,2,Active,90.0,10,198,6203.0,10.184119677790564,96.0,74.06,1.1500000000000057,0,0.0,0,8,0,8.0,Low,Assessment performance,Routine monitoring
STU001579,PHYS,Physics,School of Sciences and Humanities,2,Active,73.33333333333334,10,197,4908.0,-23.833543505674644,66.66666666666666,72.0611111111111,-18.64999999999999,18,5.0,14,8,10,55.0,Moderate,Attendance; LMS engagement; Assignment submission; Assessment performance; Performance decline,Review
STU001580,BIO,Biological Sciences,School of Sciences and Humanities,4,Active,85.0,10,201,5964.0,-5.601659751037345,68.33333333333333,70.22222222222223,-1.7000000000000028,10,0.0,14,8,3,35.0,Moderate,Attendance; Assignment submission; Assessment performance; Performance decline,Review
STU001581,ME,Mechanical Engineering,School of Engineering and Digital Sciences,2,Active,68.33333333333333,10,178,4252.0,2.4682124158563945,58.333333333333336,61.55555555555556,-6.050000000000004,25,0.0,20,17,6,68.0,High,Attendance; Assignment submission; Assessment performance; Performance decline,Priority outreach
STU001582,CE,Civil Engineering,School of Mining and Geosciences,3,Active,76.0,10,132,4032.0,13.114754098360661,62.0,69.65333333333334,-0.75,18,0.0,14,8,3,43.0,Moderate,Attendance; Assignment submission; Assessment performance; Performance decline,Review
STU001583,ECON,Economics,Graduate School of Business,3,Active,66.66666666666667,10,177,4222.0,-2.1774193548387095,48.333333333333336,53.44444444444444,-4.299999999999997,25,0.0,20,25,3,73.0,High,Attendance; Assignment submission; Assessment performance; Performance decline,Priority outreach
STU001584,FIN,Finance,Graduate School of Business,2,Active,76.0,10,180,4899.0,-8.855154965211895,70.0,73.86,1.4000000000000057,18,0.0,14,8,0,40.0,Moderate,Attendance; Assignment submission; Assessment performance,Review
STU001585,EE,Electrical Engineering,School of Engineering and Digital Sciences,3,Active,71.66666666666667,10,122,3791.0,-2.608695652173913,56.666666666666664,52.544444444444444,-0.6999999999999957,18,0.0,20,25,3,66.0,High,Attendance; Assignment submission; Assessment performance; Performance decline,Priority outreach
STU001586,FIN,Finance,Graduate School of Business,4,Active,87.5,10,166,4561.0,-10.292164674634797,87.5,69.5,-7.449999999999989,10,0.0,7,8,6,31.0,Moderate,Attendance; Assignment submission; Assessment performance; Performance decline,Review
STU001587,CE,Civil Engineering,School of Mining and Geosciences,4,Active,72.5,10,92,2555.0,-20.285087719298243,75.0,51.949999999999996,-12.650000000000006,18,5.0,7,25,10,65.0,High,Attendance; LMS engagement; Assignment submission; Assessment performance; Performance decline,Priority outreach
STU001588,ECON,Economics,Graduate School of Business,1,Active,97.5,10,183,5479.0,0.6658595641646627,92.5,85.23333333333333,-6.0,0,0.0,0,0,6,6.0,Low,Performance decline,Routine monitoring
STU001589,PHYS,Physics,School of Sciences and Humanities,4,Active,98.33333333333333,10,287,8229.0,-3.7881873727087574,95.0,80.27777777777777,26.049999999999997,0,0.0,0,0,0,0.0,Low,No material signal,Routine monitoring
STU001590,FIN,Finance,Graduate School of Business,3,Active,80.0,10,192,5218.0,-13.539651837524177,75.0,64.11111111111111,0.45000000000000284,10,0.0,7,17,0,34.0,Moderate,Attendance; Assignment submission; Assessment performance,Review
STU001591,CE,Civil Engineering,School of Mining and Geosciences,1,Active,76.0,10,125,4054.0,-23.878437047756872,72.0,64.76666666666667,-3.3499999999999943,18,5.0,14,17,3,57.0,Moderate,Attendance; LMS engagement; Assignment submission; Assessment performance; Performance decline,Review
STU001592,PSIR,Political Science and International Relations,School of Sciences and Humanities,3,Active,70.0,10,140,4152.0,-6.720647773279357,57.99999999999999,54.84,0.14999999999999858,18,0.0,20,25,0,63.0,High,Attendance; Assignment submission; Assessment performance,Priority outreach
STU001593,FIN,Finance,Graduate School of Business,4,Active,70.0,10,137,4506.0,-10.225669957686891,66.66666666666666,65.46111111111111,-0.30000000000001137,18,0.0,14,8,3,43.0,Moderate,Attendance; Assignment submission; Assessment performance; Performance decline,Review
STU001594,ECON,Economics,Graduate School of Business,4,Active,78.33333333333333,10,222,6089.0,-3.337041156840934,76.66666666666667,54.30555555555556,3.3999999999999986,18,0.0,7,25,0,50.0,Moderate,Attendance; Assignment submission; Assessment performance,Review
STU001595,AI,Artificial Intelligence,School of Engineering and Digital Sciences,4,Active,78.33333333333333,10,198,5563.0,16.806722689075645,70.0,69.12777777777778,-3.6499999999999915,18,0.0,14,8,3,43.0,Moderate,Attendance; Assignment submission; Assessment performance; Performance decline,Review
STU001596,SOCI,Sociology,School of Sciences and Humanities,2,Active,78.0,10,154,4187.0,-15.443425076452593,52.0,67.14666666666668,11.450000000000003,18,5.0,20,8,0,51.0,Moderate,Attendance; LMS engagement; Assignment submission; Assessment performance,Review
STU001597,PSIR,Political Science and International Relations,School of Sciences and Humanities,3,Active,78.33333333333333,10,182,5175.0,-5.461165048543689,75.0,75.47222222222223,-10.600000000000009,18,0.0,7,0,10,35.0,Moderate,Attendance; Assignment submission; Performance decline,Review
STU001598,CS,Computer Science,School of Engineering and Digital Sciences,1,Active,74.0,10,149,4240.0,-3.632148377125185,68.0,68.15333333333334,10.150000000000006,18,0.0,14,8,0,40.0,Moderate,Attendance; Assignment submission; Assessment performance,Review
STU001599,ECON,Economics,Graduate School of Business,2,Active,80.0,10,178,5343.0,-5.965741287655063,62.0,71.45333333333333,-9.350000000000009,10,0.0,14,8,6,38.0,Moderate,Attendance; Assignment submission; Assessment performance; Performance decline,Review
STU001600,EE,Electrical Engineering,School of Engineering and Digital Sciences,4,Active,96.66666666666667,10,273,7599.0,8.861320336730168,86.66666666666667,79.16111111111111,-10.750000000000014,0,0.0,7,0,10,17.0,Low,Assignment submission; Performance decline,Routine monitoring
STU001601,CS,Computer Science,School of Engineering and Digital Sciences,1,Active,87.5,10,145,4169.0,-1.9246190858059342,87.5,71.55833333333334,-20.85000000000001,10,0.0,7,8,10,35.0,Moderate,Attendance; Assignment submission; Assessment performance; Performance decline,Review
STU001602,CE,Civil Engineering,School of Mining and Geosciences,4,Active,90.0,10,151,4687.0,-17.20430107526882,82.0,65.0,19.0,0,5.0,7,8,0,20.0,Low,LMS engagement; Assignment submission; Assessment performance,Routine monitoring
STU001603,CE,Civil Engineering,School of Mining and Geosciences,1,Active,75.0,10,142,4724.0,-11.803713527851466,61.66666666666667,64.14444444444445,0.20000000000001705,18,0.0,14,17,0,49.0,Moderate,Attendance; Assignment submission; Assessment performance,Review
STU001604,ME,Mechanical Engineering,School of Engineering and Digital Sciences,1,Active,58.33333333333333,10,110,3249.0,-23.913043478260878,46.666666666666664,71.87222222222222,1.5499999999999972,25,5.0,20,8,0,58.0,Moderate,Attendance; LMS engagement; Assignment submission; Assessment performance,Review
STU001605,FIN,Finance,Graduate School of Business,3,Active,80.0,10,119,3587.0,5.630026809651475,50.0,62.35333333333333,-0.6500000000000057,10,0.0,20,17,3,50.0,Moderate,Attendance; Assignment submission; Assessment performance; Performance decline,Review
STU001606,CS,Computer Science,School of Engineering and Digital Sciences,1,Active,92.0,10,226,6550.0,5.473145780051163,94.0,74.05333333333333,-10.600000000000023,0,0.0,0,8,10,18.0,Low,Assessment performance; Performance decline,Routine monitoring
STU001607,CS,Computer Science,School of Engineering and Digital Sciences,2,Active,80.0,10,189,5191.0,-2.9411764705882284,61.66666666666667,58.1888888888889,0.30000000000000426,10,0.0,14,17,0,41.0,Moderate,Attendance; Assignment submission; Assessment performance,Review
STU001608,ME,Mechanical Engineering,School of Engineering and Digital Sciences,4,Active,70.0,10,152,3812.0,-15.35947712418301,53.333333333333336,61.80555555555556,1.1499999999999915,18,5.0,20,17,0,60.0,High,Attendance; LMS engagement; Assignment submission; Assessment performance,Priority outreach
STU001609,CE,Civil Engineering,School of Mining and Geosciences,2,Active,80.0,10,184,5590.0,0.75934579439253,63.33333333333333,69.04444444444444,2.549999999999997,10,0.0,14,8,0,32.0,Moderate,Attendance; Assignment submission; Assessment performance,Review
STU001610,SOCI,Sociology,School of Sciences and Humanities,3,Active,90.0,10,149,4333.0,-2.223869532987398,75.0,73.61666666666666,-12.0,0,0.0,7,8,10,25.0,Low,Assignment submission; Assessment performance; Performance decline,Routine monitoring
STU001611,PSIR,Political Science and International Relations,School of Sciences and Humanities,2,Active,100.0,10,186,5227.0,-4.883859440142929,92.5,80.26666666666667,13.450000000000017,0,0.0,0,0,0,0.0,Low,No material signal,Routine monitoring
STU001612,PHYS,Physics,School of Sciences and Humanities,3,Active,94.0,10,226,6523.0,-10.83984375,88.0,78.50666666666666,6.8999999999999915,0,0.0,7,0,0,7.0,Low,Assignment submission,Routine monitoring
STU001613,EE,Electrical Engineering,School of Engineering and Digital Sciences,3,Active,68.33333333333333,10,126,3766.0,-17.984496124031004,40.0,65.5,-17.450000000000003,25,5.0,20,8,10,68.0,High,Attendance; LMS engagement; Assignment submission; Assessment performance; Performance decline,Priority outreach
STU001614,CS,Computer Science,School of Engineering and Digital Sciences,2,Active,95.0,10,100,3281.0,-4.665314401622729,72.5,67.325,-0.5500000000000114,0,0.0,14,8,3,25.0,Low,Assignment submission; Assessment performance; Performance decline,Routine monitoring
STU001615,ECON,Economics,Graduate School of Business,3,Active,78.0,10,143,3681.0,-6.618962432915926,48.0,74.58,0.09999999999999432,18,0.0,20,8,0,46.0,Moderate,Attendance; Assignment submission; Assessment performance,Review
STU001616,CE,Civil Engineering,School of Mining and Geosciences,2,Active,84.0,10,127,3352.0,5.483870967741936,72.0,59.879999999999995,-7.349999999999994,10,0.0,14,17,6,47.0,Moderate,Attendance; Assignment submission; Assessment performance; Performance decline,Review
STU001617,PHYS,Physics,School of Sciences and Humanities,2,Active,80.0,10,179,4943.0,-7.755880483153213,73.33333333333333,57.727777777777774,-1.6500000000000057,10,0.0,14,17,3,44.0,Moderate,Attendance; Assignment submission; Assessment performance; Performance decline,Review
STU001618,PHYS,Physics,School of Sciences and Humanities,2,Active,95.0,10,256,8132.0,-11.84519155590305,93.33333333333333,80.44444444444444,-8.650000000000006,0,0.0,0,0,6,6.0,Low,Performance decline,Routine monitoring
STU001619,EE,Electrical Engineering,School of Engineering and Digital Sciences,4,Active,65.99999999999999,10,175,4072.0,-1.020408163265315,62.0,65.77333333333334,-6.300000000000011,25,0.0,14,8,6,53.0,Moderate,Attendance; Assignment submission; Assessment performance; Performance decline,Review
STU001620,ECON,Economics,Graduate School of Business,1,Active,70.0,10,107,2980.0,-12.238147739801544,60.0,62.88,-19.0,18,0.0,14,17,10,59.0,Moderate,Attendance; Assignment submission; Assessment performance; Performance decline,Review
STU001621,BIO,Biological Sciences,School of Sciences and Humanities,4,Active,94.0,10,217,6113.0,-12.11488250652742,80.0,81.52666666666667,13.400000000000006,0,0.0,7,0,0,7.0,Low,Assignment submission,Routine monitoring
STU001622,CE,Civil Engineering,School of Mining and Geosciences,4,Active,70.0,10,166,4730.0,-6.456043956043953,65.0,54.78333333333333,-6.150000000000006,18,0.0,14,25,6,63.0,High,Attendance; Assignment submission; Assessment performance; Performance decline,Priority outreach
STU001623,ECON,Economics,Graduate School of Business,1,Active,91.66666666666666,10,301,7525.0,-4.215053763440856,83.33333333333334,65.24444444444445,4.499999999999986,0,0.0,7,8,0,15.0,Low,Assignment submission; Assessment performance,Routine monitoring
STU001624,SOCI,Sociology,School of Sciences and Humanities,3,Active,81.66666666666667,10,237,6234.0,-7.828282828282823,78.33333333333333,80.36111111111111,-10.199999999999989,10,0.0,7,0,10,27.0,Low,Attendance; Assignment submission; Performance decline,Routine monitoring
STU001625,CS,Computer Science,School of Engineering and Digital Sciences,4,Active,86.0,10,204,5744.0,-12.228692429857068,90.0,66.92666666666666,1.25,10,0.0,0,8,0,18.0,Low,Attendance; Assessment performance,Routine monitoring
STU001626,SOCI,Sociology,School of Sciences and Humanities,4,Active,71.66666666666667,10,154,4339.0,-16.751638747268757,66.66666666666666,58.727777777777774,-17.549999999999997,18,5.0,14,17,10,64.0,High,Attendance; LMS engagement; Assignment submission; Assessment performance; Performance decline,Priority outreach
STU001627,CHEM,Chemistry,School of Sciences and Humanities,3,Active,76.0,10,112,3378.0,-12.653061224489806,60.0,52.60666666666667,-9.350000000000001,18,0.0,14,25,6,63.0,High,Attendance; Assignment submission; Assessment performance; Performance decline,Priority outreach
STU001628,CS,Computer Science,School of Engineering and Digital Sciences,3,Active,100.0,10,213,5315.0,15.15975526852481,92.5,77.22500000000001,15.700000000000003,0,0.0,0,0,0,0.0,Low,No material signal,Routine monitoring
STU001629,AI,Artificial Intelligence,School of Engineering and Digital Sciences,1,Active,88.0,10,176,5622.0,8.169533169533178,72.0,70.49333333333334,-5.200000000000003,10,0.0,14,8,6,38.0,Moderate,Attendance; Assignment submission; Assessment performance; Performance decline,Review
STU001630,AI,Artificial Intelligence,School of Engineering and Digital Sciences,2,Active,87.5,10,166,4549.0,2.4682124158563945,87.5,71.19166666666666,7.750000000000014,10,0.0,7,8,0,25.0,Low,Attendance; Assignment submission; Assessment performance,Routine monitoring
STU001631,ECON,Economics,Graduate School of Business,1,Active,96.0,10,209,5677.0,-6.0922063666300765,70.0,67.51333333333334,2.0999999999999943,0,0.0,14,8,0,22.0,Low,Assignment submission; Assessment performance,Routine monitoring
STU001632,EE,Electrical Engineering,School of Engineering and Digital Sciences,1,Active,95.0,10,192,5540.0,2.3579201934703744,95.0,82.93333333333334,10.0,0,0.0,0,0,0,0.0,Low,No material signal,Routine monitoring
STU001633,EE,Electrical Engineering,School of Engineering and Digital Sciences,4,Active,56.00000000000001,10,87,2689.0,-30.65173116089613,48.0,64.38000000000001,-20.25,25,9.0,20,17,10,81.0,Critical,Attendance; LMS engagement; Assignment submission; Assessment performance; Performance decline,Urgent review
STU001634,CHEM,Chemistry,School of Sciences and Humanities,1,Active,86.0,10,200,5273.0,1.2936610608020624,76.0,69.11333333333333,5.049999999999997,10,0.0,7,8,0,25.0,Low,Attendance; Assignment submission; Assessment performance,Routine monitoring
STU001635,ECON,Economics,Graduate School of Business,2,Active,85.0,10,146,3955.0,-5.310457516339874,65.0,70.25833333333334,-2.8499999999999943,10,0.0,14,8,3,35.0,Moderate,Attendance; Assignment submission; Assessment performance; Performance decline,Review
STU001636,EE,Electrical Engineering,School of Engineering and Digital Sciences,1,Active,65.0,10,142,3876.0,11.111111111111116,61.66666666666667,57.51111111111111,-7.700000000000003,25,0.0,14,17,6,62.0,High,Attendance; Assignment submission; Assessment performance; Performance decline,Priority outreach
STU001637,ME,Mechanical Engineering,School of Engineering and Digital Sciences,4,Active,86.0,10,201,5752.0,-3.159645232815964,82.0,85.06,-13.200000000000003,10,0.0,7,0,10,27.0,Low,Attendance; Assignment submission; Performance decline,Routine monitoring
STU001638,PSIR,Political Science and International Relations,School of Sciences and Humanities,4,Active,65.0,10,89,3107.0,16.881594372801878,47.5,73.375,-8.200000000000003,25,0.0,20,8,6,59.0,Moderate,Attendance; Assignment submission; Assessment performance; Performance decline,Review
STU001639,CE,Civil Engineering,School of Mining and Geosciences,4,Active,70.0,10,96,3363.0,-19.702276707530647,38.0,52.78,3.8499999999999943,18,5.0,20,25,0,68.0,High,Attendance; LMS engagement; Assignment submission; Assessment performance,Priority outreach
STU001640,PSIR,Political Science and International Relations,School of Sciences and Humanities,4,Active,75.0,10,137,3983.0,1.133391455972111,58.333333333333336,56.65555555555555,-23.5,18,0.0,20,17,10,65.0,High,Attendance; Assignment submission; Assessment performance; Performance decline,Priority outreach
STU001641,SOCI,Sociology,School of Sciences and Humanities,2,Active,70.0,10,91,2746.0,-7.9081632653061185,55.00000000000001,49.916666666666664,-22.5,18,0.0,20,25,10,73.0,High,Attendance; Assignment submission; Assessment performance; Performance decline,Priority outreach
STU001642,CHEM,Chemistry,School of Sciences and Humanities,4,Active,92.5,10,106,3564.0,23.62869198312237,65.0,49.25833333333333,-1.75,0,0.0,14,25,3,42.0,Moderate,Assignment submission; Assessment performance; Performance decline,Review
STU001643,EE,Electrical Engineering,School of Engineering and Digital Sciences,1,Active,80.0,10,120,3484.0,-15.453802125919868,70.0,66.58333333333333,-5.25,10,5.0,14,8,6,43.0,Moderate,Attendance; LMS engagement; Assignment submission; Assessment performance; Performance decline,Review
STU001644,PSIR,Political Science and International Relations,School of Sciences and Humanities,1,Active,74.0,10,119,2910.0,-25.19455252918289,54.0,63.68666666666666,4.250000000000007,18,5.0,20,17,0,60.0,High,Attendance; LMS engagement; Assignment submission; Assessment performance,Priority outreach
STU001645,CS,Computer Science,School of Engineering and Digital Sciences,4,Active,78.0,10,167,4023.0,1.4937759336099583,60.0,58.32666666666667,0.6499999999999986,18,0.0,14,17,0,49.0,Moderate,Attendance; Assignment submission; Assessment performance,Review
STU001646,ECON,Economics,Graduate School of Business,2,Active,78.33333333333333,10,174,5386.0,-17.578579743888238,56.666666666666664,66.05000000000001,7.5,18,5.0,20,8,0,51.0,Moderate,Attendance; LMS engagement; Assignment submission; Assessment performance,Review
STU001647,FIN,Finance,Graduate School of Business,2,Active,58.00000000000001,10,81,1797.0,-0.5076142131979695,54.0,50.626666666666665,9.350000000000001,25,0.0,20,25,0,70.0,High,Attendance; Assignment submission; Assessment performance,Priority outreach
STU001648,CS,Computer Science,School of Engineering and Digital Sciences,1,Active,100.0,10,276,8326.0,-5.414012738853508,90.0,70.57777777777778,12.050000000000011,0,0.0,0,8,0,8.0,Low,Assessment performance,Routine monitoring
STU001649,PSIR,Political Science and International Relations,School of Sciences and Humanities,1,Active,84.0,10,130,3741.0,-4.521276595744681,64.0,69.57333333333332,-4.549999999999997,10,0.0,14,8,3,35.0,Moderate,Attendance; Assignment submission; Assessment performance; Performance decline,Review
STU001650,SOCI,Sociology,School of Sciences and Humanities,3,Active,67.5,10,125,3997.0,-5.011933174224343,82.5,76.10833333333333,-13.700000000000003,25,0.0,7,0,10,42.0,Moderate,Attendance; Assignment submission; Performance decline,Review
STU001651,CS,Computer Science,School of Engineering and Digital Sciences,2,Active,72.0,10,154,3943.0,-5.403158769742316,56.00000000000001,65.54,-1.0499999999999972,18,0.0,20,8,3,49.0,Moderate,Attendance; Assignment submission; Assessment performance; Performance decline,Review
STU001652,CS,Computer Science,School of Engineering and Digital Sciences,1,Active,94.0,10,195,5573.0,-10.53215077605322,80.0,74.06,1.4000000000000057,0,0.0,7,8,0,15.0,Low,Assignment submission; Assessment performance,Routine monitoring
STU001653,AI,Artificial Intelligence,School of Engineering and Digital Sciences,1,Active,67.5,10,88,2717.0,-23.27586206896551,62.5,72.45,-10.549999999999997,25,5.0,14,8,10,62.0,High,Attendance; LMS engagement; Assignment submission; Assessment performance; Performance decline,Priority outreach
STU001654,CE,Civil Engineering,School of Mining and Geosciences,3,Active,70.0,10,133,3671.0,-7.0995670995670945,60.0,69.33333333333333,-11.299999999999997,18,0.0,14,8,10,50.0,Moderate,Attendance; Assignment submission; Assessment performance; Performance decline,Review
STU001655,EE,Electrical Engineering,School of Engineering and Digital Sciences,2,Active,90.0,10,119,4135.0,5.229793977812995,77.5,69.35000000000001,-0.04999999999999716,0,0.0,7,8,3,18.0,Low,Assignment submission; Assessment performance; Performance decline,Routine monitoring
STU001656,EE,Electrical Engineering,School of Engineering and Digital Sciences,2,Active,85.0,10,106,2881.0,-28.74371859296482,50.0,61.15,-12.600000000000009,10,5.0,20,17,10,62.0,High,Attendance; LMS engagement; Assignment submission; Assessment performance; Performance decline,Priority outreach
STU001657,CS,Computer Science,School of Engineering and Digital Sciences,3,Active,88.0,10,209,6095.0,-3.46666666666666,88.0,65.79333333333334,21.75,10,0.0,7,8,0,25.0,Low,Attendance; Assignment submission; Assessment performance,Routine monitoring
STU001658,FIN,Finance,Graduate School of Business,3,Active,88.0,10,153,4658.0,2.167630057803468,74.0,61.32,-27.85000000000001,10,0.0,14,17,10,51.0,Moderate,Attendance; Assignment submission; Assessment performance; Performance decline,Review
STU001659,SOCI,Sociology,School of Sciences and Humanities,2,Active,65.99999999999999,10,131,3307.0,16.022727272727273,54.0,60.81333333333334,-9.349999999999994,25,0.0,20,17,6,68.0,High,Attendance; Assignment submission; Assessment performance; Performance decline,Priority outreach
STU001660,AI,Artificial Intelligence,School of Engineering and Digital Sciences,3,Active,86.0,10,162,4951.0,-16.51031894934334,74.0,75.65333333333334,-9.5,10,5.0,14,0,6,35.0,Moderate,Attendance; LMS engagement; Assignment submission; Performance decline,Review
STU001661,FIN,Finance,Graduate School of Business,1,Active,80.0,10,147,3155.0,-30.427201394943324,66.0,60.34,-2.950000000000003,10,9.0,14,17,3,53.0,Moderate,Attendance; LMS engagement; Assignment submission; Assessment performance; Performance decline,Review
STU001662,SOCI,Sociology,School of Sciences and Humanities,4,Active,90.0,10,265,7470.0,-9.693877551020408,88.33333333333333,81.60555555555555,7.599999999999994,0,0.0,7,0,0,7.0,Low,Assignment submission,Routine monitoring
STU001663,CS,Computer Science,School of Engineering and Digital Sciences,2,Active,73.33333333333334,10,220,5579.0,-3.471826977803061,76.66666666666667,73.01111111111112,-3.700000000000003,18,0.0,7,8,3,36.0,Moderate,Attendance; Assignment submission; Assessment performance; Performance decline,Review
STU001664,AI,Artificial Intelligence,School of Engineering and Digital Sciences,4,Active,74.0,10,126,3943.0,-4.0431266846361185,66.0,52.913333333333334,-23.750000000000007,18,0.0,14,25,10,67.0,High,Attendance; Assignment submission; Assessment performance; Performance decline,Priority outreach
STU001665,AI,Artificial Intelligence,School of Engineering and Digital Sciences,2,Active,92.0,10,170,4744.0,-12.623762376237613,72.0,71.46666666666667,-13.650000000000006,0,0.0,14,8,10,32.0,Moderate,Assignment submission; Assessment performance; Performance decline,Review
STU001666,ECON,Economics,Graduate School of Business,1,Active,68.33333333333333,10,161,4694.0,-18.558673469387745,46.666666666666664,68.94999999999999,-22.200000000000003,25,5.0,20,8,10,68.0,High,Attendance; LMS engagement; Assignment submission; Assessment performance; Performance decline,Priority outreach
STU001667,FIN,Finance,Graduate School of Business,2,Active,70.0,10,92,2704.0,-15.776699029126215,56.00000000000001,55.086666666666666,-7.200000000000003,18,5.0,20,17,6,66.0,High,Attendance; LMS engagement; Assignment submission; Assessment performance; Performance decline,Priority outreach
STU001668,CHEM,Chemistry,School of Sciences and Humanities,4,Active,78.33333333333333,10,227,6246.0,2.532327586206909,81.66666666666667,65.07222222222222,-6.25,18,0.0,7,8,6,39.0,Moderate,Attendance; Assignment submission; Assessment performance; Performance decline,Review
STU001669,CS,Computer Science,School of Engineering and Digital Sciences,1,Active,95.0,10,158,4520.0,-6.330935251798557,87.5,80.65833333333333,-15.5,0,0.0,7,0,10,17.0,Low,Assignment submission; Performance decline,Routine monitoring
STU001670,PHYS,Physics,School of Sciences and Humanities,3,Active,62.5,10,80,1973.0,-8.280254777070068,47.5,44.28333333333333,8.700000000000003,25,0.0,20,25,0,70.0,High,Attendance; Assignment submission; Assessment performance,Priority outreach
STU001671,AI,Artificial Intelligence,School of Engineering and Digital Sciences,2,Active,92.5,10,155,4157.0,2.890173410404615,77.5,79.73333333333333,10.550000000000011,0,0.0,7,0,0,7.0,Low,Assignment submission,Routine monitoring
STU001672,PSIR,Political Science and International Relations,School of Sciences and Humanities,1,Active,87.5,10,124,4011.0,-12.033511043412037,72.5,66.76666666666667,-16.35000000000001,10,0.0,14,8,10,42.0,Moderate,Attendance; Assignment submission; Assessment performance; Performance decline,Review
STU001673,BIO,Biological Sciences,School of Sciences and Humanities,1,Active,68.33333333333333,10,144,4053.0,14.814814814814813,50.0,80.18333333333334,-11.799999999999997,25,0.0,20,0,10,55.0,Moderate,Attendance; Assignment submission; Performance decline,Review
STU001674,AI,Artificial Intelligence,School of Engineering and Digital Sciences,4,Active,70.0,10,128,3391.0,-26.292725679228745,62.0,56.64,-8.200000000000003,18,5.0,14,17,6,60.0,High,Attendance; LMS engagement; Assignment submission; Assessment performance; Performance decline,Priority outreach
STU001675,CHEM,Chemistry,School of Sciences and Humanities,2,Active,90.0,10,151,3788.0,-15.339480301760267,75.0,71.5,0.5499999999999972,0,5.0,7,8,0,20.0,Low,LMS engagement; Assignment submission; Assessment performance,Routine monitoring
STU001676,PHYS,Physics,School of Sciences and Humanities,3,Active,86.0,10,184,5271.0,-4.966686856450642,64.0,69.59333333333333,5.649999999999999,10,0.0,14,8,0,32.0,Moderate,Attendance; Assignment submission; Assessment performance,Review
STU001677,ME,Mechanical Engineering,School of Engineering and Digital Sciences,1,Active,71.66666666666667,10,182,5024.0,-6.537691794529691,63.33333333333333,58.66111111111112,-3.3499999999999943,18,0.0,14,17,3,52.0,Moderate,Attendance; Assignment submission; Assessment performance; Performance decline,Review
STU001678,PHYS,Physics,School of Sciences and Humanities,1,Active,83.33333333333334,10,214,6861.0,-5.311890838206633,86.66666666666667,71.75,-14.099999999999994,10,0.0,7,8,10,35.0,Moderate,Attendance; Assignment submission; Assessment performance; Performance decline,Review
STU001679,FIN,Finance,Graduate School of Business,1,Active,70.0,10,79,2377.0,-12.583668005354756,45.0,57.55833333333334,1.75,18,0.0,20,17,0,55.0,Moderate,Attendance; Assignment submission; Assessment performance,Review
STU001680,CE,Civil Engineering,School of Mining and Geosciences,1,Active,85.0,10,128,3905.0,-5.512489233419461,70.0,73.36666666666666,16.39999999999999,10,0.0,14,8,0,32.0,Moderate,Attendance; Assignment submission; Assessment performance,Review
STU001681,SOCI,Sociology,School of Sciences and Humanities,4,Active,70.0,10,120,3407.0,1.9133937562940528,57.99999999999999,58.46,-19.9,18,0.0,20,17,10,65.0,High,Attendance; Assignment submission; Assessment performance; Performance decline,Priority outreach
STU001682,FIN,Finance,Graduate School of Business,2,Active,92.0,10,175,5387.0,-5.807622504537205,88.0,75.96666666666667,-16.299999999999997,0,0.0,7,0,10,17.0,Low,Assignment submission; Performance decline,Routine monitoring
STU001683,ME,Mechanical Engineering,School of Engineering and Digital Sciences,4,Active,75.0,10,152,4435.0,-13.921433494141978,80.0,76.20555555555556,-9.400000000000006,18,0.0,7,0,6,31.0,Moderate,Attendance; Assignment submission; Performance decline,Review
STU001684,ME,Mechanical Engineering,School of Engineering and Digital Sciences,2,Active,98.33333333333333,10,283,8335.0,0.8627450980392202,95.0,72.35,-4.599999999999994,0,0.0,0,8,3,11.0,Low,Assessment performance; Performance decline,Routine monitoring
STU001685,PHYS,Physics,School of Sciences and Humanities,4,Active,85.0,10,160,4476.0,-6.087602078693388,92.5,57.84166666666667,6.450000000000003,10,0.0,0,17,0,27.0,Low,Attendance; Assessment performance,Routine monitoring
STU001686,CS,Computer Science,School of Engineering and Digital Sciences,2,Active,85.0,10,177,5593.0,12.172854534388328,70.0,68.10555555555555,12.700000000000003,10,0.0,14,8,0,32.0,Moderate,Attendance; Assignment submission; Assessment performance,Review
STU001687,EE,Electrical Engineering,School of Engineering and Digital Sciences,3,Active,72.5,10,110,2568.0,-25.056179775280903,52.5,73.075,-10.5,18,5.0,20,8,10,61.0,High,Attendance; LMS engagement; Assignment submission; Assessment performance; Performance decline,Priority outreach
STU001688,EE,Electrical Engineering,School of Engineering and Digital Sciences,2,Active,72.5,10,126,3891.0,-8.62354892205639,77.5,79.04166666666667,-17.200000000000003,18,0.0,7,0,10,35.0,Moderate,Attendance; Assignment submission; Performance decline,Review
STU001689,CHEM,Chemistry,School of Sciences and Humanities,1,Active,78.0,10,180,4179.0,8.782104391052204,60.0,70.66666666666667,9.449999999999989,18,0.0,14,8,0,40.0,Moderate,Attendance; Assignment submission; Assessment performance,Review
STU001690,SOCI,Sociology,School of Sciences and Humanities,4,Active,78.33333333333333,10,231,6189.0,5.281090289608177,90.0,68.41111111111111,11.75,18,0.0,0,8,0,26.0,Low,Attendance; Assessment performance,Routine monitoring
STU001691,EE,Electrical Engineering,School of Engineering and Digital Sciences,1,Active,75.0,10,159,3933.0,-10.483870967741932,77.5,80.75833333333334,-2.1500000000000057,18,0.0,7,0,3,28.0,Low,Attendance; Assignment submission; Performance decline,Routine monitoring
STU001692,CE,Civil Engineering,School of Mining and Geosciences,4,Active,87.5,10,127,3994.0,-2.690972222222217,77.5,69.35833333333333,-2.700000000000003,10,0.0,7,8,3,28.0,Low,Attendance; Assignment submission; Assessment performance; Performance decline,Routine monitoring
STU001693,BIO,Biological Sciences,School of Sciences and Humanities,1,Active,80.0,10,137,3688.0,10.700757575757581,62.5,71.0,7.8500000000000085,10,0.0,14,8,0,32.0,Moderate,Attendance; Assignment submission; Assessment performance,Review
STU001694,PHYS,Physics,School of Sciences and Humanities,2,Active,81.66666666666667,10,138,4397.0,-16.31108052305575,65.0,62.74444444444445,-8.599999999999994,10,5.0,14,17,6,52.0,Moderate,Attendance; LMS engagement; Assignment submission; Assessment performance; Performance decline,Review
STU001695,ECON,Economics,Graduate School of Business,2,Active,82.5,10,121,3774.0,-14.322033898305081,75.0,74.39166666666667,4.849999999999994,10,0.0,7,8,0,25.0,Low,Attendance; Assignment submission; Assessment performance,Routine monitoring
STU001696,CHEM,Chemistry,School of Sciences and Humanities,3,Active,60.0,10,56,1394.0,-52.69709543568465,38.0,58.833333333333336,3.5,25,12.0,20,17,0,74.0,High,Attendance; LMS engagement; Assignment submission; Assessment performance,Priority outreach
STU001697,CHEM,Chemistry,School of Sciences and Humanities,3,Active,67.5,10,94,2690.0,-17.678958785249453,62.5,65.68333333333334,-4.400000000000006,25,5.0,14,8,3,55.0,Moderate,Attendance; LMS engagement; Assignment submission; Assessment performance; Performance decline,Review
STU001698,AI,Artificial Intelligence,School of Engineering and Digital Sciences,4,Active,95.0,10,170,5029.0,-17.473435655253834,85.0,73.175,16.5,0,5.0,7,8,0,20.0,Low,LMS engagement; Assignment submission; Assessment performance,Routine monitoring
STU001699,CS,Computer Science,School of Engineering and Digital Sciences,2,Active,77.5,10,159,4411.0,-10.732414793328507,67.5,63.9,-22.900000000000006,18,0.0,14,17,10,59.0,Moderate,Attendance; Assignment submission; Assessment performance; Performance decline,Review
STU001700,ECON,Economics,Graduate School of Business,4,Active,95.0,10,172,4969.0,9.439318665720364,90.0,80.52499999999999,-13.099999999999994,0,0.0,0,0,10,10.0,Low,Performance decline,Routine monitoring
STU001701,ECON,Economics,Graduate School of Business,2,Active,95.0,10,168,5165.0,7.368421052631575,92.5,72.24166666666666,-6.299999999999997,0,0.0,0,8,6,14.0,Low,Assessment performance; Performance decline,Routine monitoring
STU001702,CE,Civil Engineering,School of Mining and Geosciences,4,Active,80.0,10,111,2905.0,-11.65644171779141,52.0,71.69333333333334,-5.75,10,0.0,20,8,6,44.0,Moderate,Attendance; Assignment submission; Assessment performance; Performance decline,Review
STU001703,FIN,Finance,Graduate School of Business,2,Active,81.66666666666667,10,184,5072.0,-5.09229789942711,65.0,67.55000000000001,-8.550000000000004,10,0.0,14,8,6,38.0,Moderate,Attendance; Assignment submission; Assessment performance; Performance decline,Review
STU001704,SOCI,Sociology,School of Sciences and Humanities,2,Active,65.99999999999999,10,72,1857.0,-35.55555555555555,42.0,53.32666666666667,-16.449999999999996,25,9.0,20,25,10,89.0,Critical,Attendance; LMS engagement; Assignment submission; Assessment performance; Performance decline,Urgent review
STU001705,AI,Artificial Intelligence,School of Engineering and Digital Sciences,2,Active,87.5,10,164,4507.0,1.682516459400138,82.5,81.22500000000001,-2.0500000000000114,10,0.0,7,0,3,20.0,Low,Attendance; Assignment submission; Performance decline,Routine monitoring
STU001706,PHYS,Physics,School of Sciences and Humanities,1,Active,88.0,10,252,6042.0,-5.514316012725339,90.0,71.15333333333334,15.900000000000006,10,0.0,0,8,0,18.0,Low,Attendance; Assessment performance,Routine monitoring
STU001707,AI,Artificial Intelligence,School of Engineering and Digital Sciences,3,Active,96.0,10,214,5662.0,10.424242424242431,88.0,73.27333333333333,-4.1499999999999915,0,0.0,7,8,3,18.0,Low,Assignment submission; Assessment performance; Performance decline,Routine monitoring
STU001708,CE,Civil Engineering,School of Mining and Geosciences,4,Active,82.0,10,154,4636.0,1.7804154302670623,70.0,68.19333333333333,-0.4000000000000057,10,0.0,14,8,3,35.0,Moderate,Attendance; Assignment submission; Assessment performance; Performance decline,Review
STU001709,AI,Artificial Intelligence,School of Engineering and Digital Sciences,3,Active,82.5,10,150,4313.0,-7.30593607305936,67.5,74.41666666666667,8.350000000000009,10,0.0,14,8,0,32.0,Moderate,Attendance; Assignment submission; Assessment performance,Review
STU001710,PHYS,Physics,School of Sciences and Humanities,2,Active,85.0,10,84,2443.0,-20.183486238532115,65.0,60.63333333333333,-5.749999999999993,10,5.0,14,17,6,52.0,Moderate,Attendance; LMS engagement; Assignment submission; Assessment performance; Performance decline,Review
STU001711,CS,Computer Science,School of Engineering and Digital Sciences,1,Active,72.0,10,123,3342.0,-15.097856477166822,62.0,54.0,6.5,18,5.0,14,25,0,62.0,High,Attendance; LMS engagement; Assignment submission; Assessment performance,Priority outreach
STU001712,ECON,Economics,Graduate School of Business,3,Active,71.66666666666667,10,157,4512.0,-7.194767441860465,66.66666666666666,59.02777777777778,-14.499999999999986,18,0.0,14,17,10,59.0,Moderate,Attendance; Assignment submission; Assessment performance; Performance decline,Review
STU001713,EE,Electrical Engineering,School of Engineering and Digital Sciences,4,Active,65.0,10,63,1579.0,-32.88364249578415,45.0,58.9,2.0,25,9.0,20,17,0,71.0,High,Attendance; LMS engagement; Assignment submission; Assessment performance,Priority outreach
STU001714,EE,Electrical Engineering,School of Engineering and Digital Sciences,4,Active,96.66666666666667,10,259,7099.0,-1.7273576097105563,81.66666666666667,67.58333333333333,1.9499999999999957,0,0.0,7,8,0,15.0,Low,Assignment submission; Assessment performance,Routine monitoring
STU001715,AI,Artificial Intelligence,School of Engineering and Digital Sciences,2,Active,81.66666666666667,10,211,6373.0,-8.405501782985226,71.66666666666667,67.16666666666667,-13.800000000000011,10,0.0,14,8,10,42.0,Moderate,Attendance; Assignment submission; Assessment performance; Performance decline,Review
STU001716,PSIR,Political Science and International Relations,School of Sciences and Humanities,3,Active,92.5,10,186,5183.0,5.053908355795136,97.5,80.69166666666666,13.5,0,0.0,0,0,0,0.0,Low,No material signal,Routine monitoring
STU001717,ECON,Economics,Graduate School of Business,3,Active,68.0,10,104,2541.0,-17.490494296577946,60.0,55.64666666666666,-16.699999999999996,25,5.0,14,17,10,71.0,High,Attendance; LMS engagement; Assignment submission; Assessment performance; Performance decline,Priority outreach
STU001718,ME,Mechanical Engineering,School of Engineering and Digital Sciences,1,Active,71.66666666666667,10,155,4108.0,-19.521044992743096,60.0,65.96111111111111,-11.25,18,5.0,14,8,10,55.0,Moderate,Attendance; LMS engagement; Assignment submission; Assessment performance; Performance decline,Review
STU001719,CHEM,Chemistry,School of Sciences and Humanities,2,Active,84.0,10,143,4302.0,-12.14824982841455,68.0,70.76666666666667,9.849999999999994,10,0.0,14,8,0,32.0,Moderate,Attendance; Assignment submission; Assessment performance,Review
STU001720,PHYS,Physics,School of Sciences and Humanities,2,Active,74.0,10,115,3486.0,13.793103448275861,64.0,65.39333333333333,-2.299999999999997,18,0.0,14,8,3,43.0,Moderate,Attendance; Assignment submission; Assessment performance; Performance decline,Review
STU001721,PHYS,Physics,School of Sciences and Humanities,4,Active,95.0,10,272,8653.0,-1.6129032258064515,98.33333333333333,81.02222222222223,15.149999999999991,0,0.0,0,0,0,0.0,Low,No material signal,Routine monitoring
STU001722,EE,Electrical Engineering,School of Engineering and Digital Sciences,2,Active,95.0,10,274,8170.0,3.7448559670781942,95.0,74.76111111111112,-5.550000000000011,0,0.0,0,8,6,14.0,Low,Assessment performance; Performance decline,Routine monitoring
STU001723,CHEM,Chemistry,School of Sciences and Humanities,3,Active,82.5,10,124,2969.0,-8.384458077709606,70.0,68.68333333333334,-11.800000000000011,10,0.0,14,8,10,42.0,Moderate,Attendance; Assignment submission; Assessment performance; Performance decline,Review
STU001724,AI,Artificial Intelligence,School of Engineering and Digital Sciences,1,Active,84.0,10,164,5112.0,11.663216011042106,64.0,68.8,-3.6499999999999844,10,0.0,14,8,3,35.0,Moderate,Attendance; Assignment submission; Assessment performance; Performance decline,Review
STU001725,SOCI,Sociology,School of Sciences and Humanities,1,Active,80.0,10,157,4882.0,-14.671052631578954,76.0,61.05333333333333,-12.0,10,0.0,7,17,10,44.0,Moderate,Attendance; Assignment submission; Assessment performance; Performance decline,Review
STU001726,EE,Electrical Engineering,School of Engineering and Digital Sciences,3,Active,62.0,10,118,2867.0,18.670076726342696,68.0,57.4,-0.09999999999999432,25,0.0,14,17,3,59.0,Moderate,Attendance; Assignment submission; Assessment performance; Performance decline,Review
STU001727,PSIR,Political Science and International Relations,School of Sciences and Humanities,2,Active,84.0,10,185,5059.0,-7.655213984327905,72.0,70.82,-1.75,10,0.0,14,8,3,35.0,Moderate,Attendance; Assignment submission; Assessment performance; Performance decline,Review
STU001728,ECON,Economics,Graduate School of Business,2,Active,72.0,10,123,2843.0,-3.8238702201622248,62.0,62.42666666666666,-1.7000000000000028,18,0.0,14,17,3,52.0,Moderate,Attendance; Assignment submission; Assessment performance; Performance decline,Review
STU001729,PSIR,Political Science and International Relations,School of Sciences and Humanities,2,Active,61.66666666666667,10,104,1926.0,-47.0668485675307,38.333333333333336,61.977777777777774,-4.800000000000011,25,9.0,20,17,3,74.0,High,Attendance; LMS engagement; Assignment submission; Assessment performance; Performance decline,Priority outreach
STU001730,PSIR,Political Science and International Relations,School of Sciences and Humanities,3,Active,76.66666666666666,10,216,5728.0,0.05963029218843851,61.66666666666667,67.68333333333334,-3.5500000000000114,18,0.0,14,8,3,43.0,Moderate,Attendance; Assignment submission; Assessment performance; Performance decline,Review
STU001731,PHYS,Physics,School of Sciences and Humanities,3,Active,86.0,10,189,6183.0,-6.921487603305796,80.0,65.50666666666667,11.149999999999999,10,0.0,7,8,0,25.0,Low,Attendance; Assignment submission; Assessment performance,Routine monitoring
STU001732,CHEM,Chemistry,School of Sciences and Humanities,4,Active,75.0,10,212,5513.0,-20.550964187327818,50.0,66.77777777777777,-14.200000000000003,18,5.0,20,8,10,61.0,High,Attendance; LMS engagement; Assignment submission; Assessment performance; Performance decline,Priority outreach
STU001733,AI,Artificial Intelligence,School of Engineering and Digital Sciences,3,Active,80.0,10,114,3054.0,-4.643261608154008,52.5,68.55,-10.100000000000001,10,0.0,20,8,10,48.0,Moderate,Attendance; Assignment submission; Assessment performance; Performance decline,Review
STU001734,ECON,Economics,Graduate School of Business,1,Active,92.0,10,241,6066.0,3.919372900335933,92.0,70.32,12.699999999999989,0,0.0,0,8,0,8.0,Low,Assessment performance,Routine monitoring
STU001735,PHYS,Physics,School of Sciences and Humanities,4,Active,98.0,10,248,6845.0,3.5363457760314345,82.0,90.27333333333333,11.849999999999994,0,0.0,7,0,0,7.0,Low,Assignment submission,Routine monitoring
STU001736,CHEM,Chemistry,School of Sciences and Humanities,4,Active,80.0,10,196,5415.0,10.253082414016887,70.0,75.96111111111111,9.549999999999997,10,0.0,14,0,0,24.0,Low,Attendance; Assignment submission,Routine monitoring
STU001737,ME,Mechanical Engineering,School of Engineering and Digital Sciences,3,Active,91.66666666666666,10,251,7084.0,2.8557599225556745,88.33333333333333,82.51111111111112,-12.400000000000006,0,0.0,7,0,10,17.0,Low,Assignment submission; Performance decline,Routine monitoring
STU001738,CE,Civil Engineering,School of Mining and Geosciences,2,Active,91.66666666666666,10,248,6828.0,-5.639097744360902,75.0,76.96666666666667,15.549999999999997,0,0.0,7,0,0,7.0,Low,Assignment submission,Routine monitoring
STU001739,SOCI,Sociology,School of Sciences and Humanities,2,Active,88.33333333333333,10,217,6591.0,-6.530214424951261,81.66666666666667,63.638888888888886,-13.800000000000004,10,0.0,7,17,10,44.0,Moderate,Attendance; Assignment submission; Assessment performance; Performance decline,Review
STU001740,CS,Computer Science,School of Engineering and Digital Sciences,3,Active,75.0,10,141,3493.0,9.371980676328496,67.5,72.34166666666667,-6.8999999999999915,18,0.0,14,8,6,46.0,Moderate,Attendance; Assignment submission; Assessment performance; Performance decline,Review
STU001741,CHEM,Chemistry,School of Sciences and Humanities,1,Active,84.0,10,189,5912.0,-4.901408450704226,88.0,68.58666666666666,1.4499999999999886,10,0.0,7,8,0,25.0,Low,Attendance; Assignment submission; Assessment performance,Routine monitoring
STU001742,CE,Civil Engineering,School of Mining and Geosciences,4,Active,74.0,10,161,4454.0,-2.665706051873207,72.0,63.86666666666667,3.3499999999999943,18,0.0,14,17,0,49.0,Moderate,Attendance; Assignment submission; Assessment performance,Review
STU001743,ECON,Economics,Graduate School of Business,1,Active,84.0,10,150,4144.0,-17.26190476190476,68.0,58.35333333333333,-7.600000000000001,10,5.0,14,17,6,52.0,Moderate,Attendance; LMS engagement; Assignment submission; Assessment performance; Performance decline,Review
STU001744,CE,Civil Engineering,School of Mining and Geosciences,2,Active,80.0,10,129,3727.0,6.833910034602086,58.333333333333336,56.294444444444444,-0.9000000000000057,10,0.0,20,17,3,50.0,Moderate,Attendance; Assignment submission; Assessment performance; Performance decline,Review
STU001745,PSIR,Political Science and International Relations,School of Sciences and Humanities,3,Active,71.66666666666667,10,141,3585.0,0.18281535648993474,58.333333333333336,70.04444444444444,-7.800000000000004,18,0.0,20,8,6,52.0,Moderate,Attendance; Assignment submission; Assessment performance; Performance decline,Review
STU001746,AI,Artificial Intelligence,School of Engineering and Digital Sciences,4,Active,82.5,10,165,4829.0,2.867132867132859,90.0,84.83333333333333,12.550000000000011,10,0.0,0,0,0,10.0,Low,Attendance,Routine monitoring
STU001747,CS,Computer Science,School of Engineering and Digital Sciences,4,Active,85.0,10,147,4022.0,-7.182761372705507,87.5,70.63333333333334,0.5999999999999943,10,0.0,7,8,0,25.0,Low,Attendance; Assignment submission; Assessment performance,Routine monitoring
STU001748,PSIR,Political Science and International Relations,School of Sciences and Humanities,4,Active,80.0,10,121,3750.0,4.003724394785841,77.5,70.425,-9.75,10,0.0,7,8,6,31.0,Moderate,Attendance; Assignment submission; Assessment performance; Performance decline,Review
STU001749,AI,Artificial Intelligence,School of Engineering and Digital Sciences,1,Active,90.0,10,147,4129.0,20.954907161803714,90.0,76.80833333333334,-1.0999999999999943,0,0.0,0,0,3,3.0,Low,Performance decline,Routine monitoring
STU001750,PSIR,Political Science and International Relations,School of Sciences and Humanities,2,Active,87.5,10,135,4245.0,-18.80276285495011,65.0,60.40833333333333,-28.25,10,5.0,14,17,10,56.0,Moderate,Attendance; LMS engagement; Assignment submission; Assessment performance; Performance decline,Review
STU001751,ECON,Economics,Graduate School of Business,3,Active,84.0,10,197,4938.0,-7.004669779853236,68.0,73.09333333333333,-0.7000000000000028,10,0.0,14,8,3,35.0,Moderate,Attendance; Assignment submission; Assessment performance; Performance decline,Review
STU001752,AI,Artificial Intelligence,School of Engineering and Digital Sciences,1,Active,92.0,10,215,6094.0,4.187058183795535,72.0,80.66666666666667,7.450000000000017,0,0.0,14,0,0,14.0,Low,Assignment submission,Routine monitoring
STU001753,SOCI,Sociology,School of Sciences and Humanities,3,Active,72.5,10,105,2785.0,-11.200000000000006,67.5,69.06666666666666,4.6000000000000085,18,0.0,14,8,0,40.0,Moderate,Attendance; Assignment submission; Assessment performance,Review
STU001754,CE,Civil Engineering,School of Mining and Geosciences,1,Active,72.0,10,137,3488.0,-1.7159199237368923,62.0,58.14,-24.349999999999994,18,0.0,14,17,10,59.0,Moderate,Attendance; Assignment submission; Assessment performance; Performance decline,Review
STU001755,FIN,Finance,Graduate School of Business,1,Active,86.0,10,132,3715.0,22.75025278058645,68.0,61.32666666666667,6.449999999999996,10,0.0,14,17,0,41.0,Moderate,Attendance; Assignment submission; Assessment performance,Review
STU001756,CE,Civil Engineering,School of Mining and Geosciences,4,Active,86.0,10,197,5694.0,2.160864345738295,76.0,70.82,4.6000000000000085,10,0.0,7,8,0,25.0,Low,Attendance; Assignment submission; Assessment performance,Routine monitoring
STU001757,PSIR,Political Science and International Relations,School of Sciences and Humanities,4,Active,95.0,10,152,5543.0,-6.315789473684211,87.5,76.46666666666667,7.200000000000003,0,0.0,7,0,0,7.0,Low,Assignment submission,Routine monitoring
STU001758,CS,Computer Science,School of Engineering and Digital Sciences,3,Active,77.5,10,140,4153.0,12.407407407407414,80.0,71.31666666666668,-6.650000000000006,18,0.0,7,8,6,39.0,Moderate,Attendance; Assignment submission; Assessment performance; Performance decline,Review
STU001759,EE,Electrical Engineering,School of Engineering and Digital Sciences,3,Active,96.66666666666667,10,245,8015.0,-2.584814216478195,95.0,71.0611111111111,10.600000000000001,0,0.0,0,8,0,8.0,Low,Assessment performance,Routine monitoring
STU001760,ECON,Economics,Graduate School of Business,1,Active,81.66666666666667,10,178,5562.0,-23.825136612021854,65.0,68.45555555555556,6.79999999999999,10,5.0,14,8,0,37.0,Moderate,Attendance; LMS engagement; Assignment submission; Assessment performance,Review
STU001761,EE,Electrical Engineering,School of Engineering and Digital Sciences,1,Active,86.66666666666667,10,226,5719.0,-12.579281183932336,73.33333333333333,66.62222222222222,7.250000000000014,10,0.0,14,8,0,32.0,Moderate,Attendance; Assignment submission; Assessment performance,Review
STU001762,FIN,Finance,Graduate School of Business,4,Active,95.0,10,309,8123.0,-2.2321428571428616,93.33333333333333,72.07777777777778,25.000000000000007,0,0.0,0,8,0,8.0,Low,Assessment performance,Routine monitoring
STU001763,FIN,Finance,Graduate School of Business,1,Active,92.0,10,207,5609.0,-3.676470588235307,84.0,75.93333333333334,2.0500000000000114,0,0.0,7,0,0,7.0,Low,Assignment submission,Routine monitoring
STU001764,FIN,Finance,Graduate School of Business,2,Active,85.0,10,151,3844.0,8.73694207027541,72.5,73.74166666666666,-2.1999999999999886,10,0.0,14,8,3,35.0,Moderate,Attendance; Assignment submission; Assessment performance; Performance decline,Review
STU001765,ME,Mechanical Engineering,School of Engineering and Digital Sciences,2,Active,92.5,10,152,4599.0,-13.419618528610346,82.5,70.85000000000001,-1.6500000000000057,0,0.0,7,8,3,18.0,Low,Assignment submission; Assessment performance; Performance decline,Routine monitoring
STU001766,AI,Artificial Intelligence,School of Engineering and Digital Sciences,2,Active,77.5,10,140,3382.0,-11.052631578947368,65.0,79.01666666666667,-20.35000000000001,18,0.0,14,0,10,42.0,Moderate,Attendance; Assignment submission; Performance decline,Review
STU001767,BIO,Biological Sciences,School of Sciences and Humanities,3,Active,86.66666666666667,10,203,6027.0,-4.14168937329699,73.33333333333333,71.07222222222222,3.75,10,0.0,14,8,0,32.0,Moderate,Attendance; Assignment submission; Assessment performance,Review
STU001768,AI,Artificial Intelligence,School of Engineering and Digital Sciences,1,Active,98.0,10,243,6530.0,-4.1144004014049225,92.0,89.73333333333333,-0.799999999999983,0,0.0,0,0,3,3.0,Low,Performance decline,Routine monitoring
STU001769,ME,Mechanical Engineering,School of Engineering and Digital Sciences,2,Active,90.0,10,164,4889.0,3.682310469314079,90.0,81.31666666666666,9.950000000000003,0,0.0,0,0,0,0.0,Low,No material signal,Routine monitoring
STU001770,BIO,Biological Sciences,School of Sciences and Humanities,1,Active,100.0,10,223,6643.0,13.368421052631572,94.0,82.16000000000001,13.150000000000006,0,0.0,0,0,0,0.0,Low,No material signal,Routine monitoring
STU001771,CE,Civil Engineering,School of Mining and Geosciences,4,Active,86.66666666666667,10,257,7229.0,-3.9479587258860525,91.66666666666666,67.93333333333334,9.149999999999999,10,0.0,0,8,0,18.0,Low,Attendance; Assessment performance,Routine monitoring
STU001772,CE,Civil Engineering,School of Mining and Geosciences,3,Active,78.33333333333333,10,201,5034.0,8.739255014326652,68.33333333333333,67.16111111111111,-1.0499999999999972,18,0.0,14,8,3,43.0,Moderate,Attendance; Assignment submission; Assessment performance; Performance decline,Review
STU001773,EE,Electrical Engineering,School of Engineering and Digital Sciences,3,Active,88.0,10,208,5579.0,-11.965811965811966,82.0,58.54,13.549999999999997,10,0.0,7,17,0,34.0,Moderate,Attendance; Assignment submission; Assessment performance,Review
STU001774,PSIR,Political Science and International Relations,School of Sciences and Humanities,4,Active,84.0,10,181,5000.0,-11.56228492773572,76.0,67.82666666666667,-13.79999999999999,10,0.0,7,8,10,35.0,Moderate,Attendance; Assignment submission; Assessment performance; Performance decline,Review
STU001775,ME,Mechanical Engineering,School of Engineering and Digital Sciences,4,Active,75.0,10,238,6334.0,-10.25641025641025,78.33333333333333,68.42222222222222,-11.25,18,0.0,7,8,10,43.0,Moderate,Attendance; Assignment submission; Assessment performance; Performance decline,Review
STU001776,EE,Electrical Engineering,School of Engineering and Digital Sciences,1,Active,65.0,10,81,2291.0,-17.362924281984338,57.49999999999999,60.50833333333333,-20.849999999999994,25,5.0,20,17,10,77.0,High,Attendance; LMS engagement; Assignment submission; Assessment performance; Performance decline,Priority outreach
STU001777,PSIR,Political Science and International Relations,School of Sciences and Humanities,3,Active,92.0,10,134,4318.0,-6.5345080763583,60.0,60.27333333333333,-12.349999999999994,0,0.0,14,17,10,41.0,Moderate,Assignment submission; Assessment performance; Performance decline,Review
STU001778,PSIR,Political Science and International Relations,School of Sciences and Humanities,4,Active,75.0,10,154,3918.0,-14.76761619190405,70.0,66.87777777777778,-1.1500000000000057,18,0.0,14,8,3,43.0,Moderate,Attendance; Assignment submission; Assessment performance; Performance decline,Review
STU001779,AI,Artificial Intelligence,School of Engineering and Digital Sciences,3,Active,80.0,10,110,2741.0,3.917050691244253,45.0,66.72500000000001,-28.650000000000006,10,0.0,20,8,10,48.0,Moderate,Attendance; Assignment submission; Assessment performance; Performance decline,Review
STU001780,ME,Mechanical Engineering,School of Engineering and Digital Sciences,3,Active,86.66666666666667,10,183,5047.0,-8.49056603773585,66.66666666666666,65.57777777777778,-0.7000000000000028,10,0.0,14,8,3,35.0,Moderate,Attendance; Assignment submission; Assessment performance; Performance decline,Review
STU001781,EE,Electrical Engineering,School of Engineering and Digital Sciences,3,Active,76.0,10,135,3299.0,-20.741394527802303,52.0,64.09333333333333,4.150000000000006,18,5.0,20,17,0,60.0,High,Attendance; LMS engagement; Assignment submission; Assessment performance,Priority outreach
STU001782,CE,Civil Engineering,School of Mining and Geosciences,2,Active,90.0,10,225,6911.0,-7.78138026864289,83.33333333333334,70.13888888888889,-2.299999999999997,0,0.0,7,8,3,18.0,Low,Assignment submission; Assessment performance; Performance decline,Routine monitoring
STU001783,PSIR,Political Science and International Relations,School of Sciences and Humanities,3,Active,84.0,10,187,5202.0,-6.618531889290005,78.0,73.95333333333333,-16.400000000000006,10,0.0,7,8,10,35.0,Moderate,Attendance; Assignment submission; Assessment performance; Performance decline,Review
STU001784,CHEM,Chemistry,School of Sciences and Humanities,1,Active,92.5,10,165,4472.0,-3.41818181818181,85.0,75.39166666666667,4.700000000000003,0,0.0,7,0,0,7.0,Low,Assignment submission,Routine monitoring
STU001785,PHYS,Physics,School of Sciences and Humanities,2,Active,86.0,10,140,4224.0,-12.891207153502226,52.0,59.32666666666667,9.399999999999991,10,0.0,20,17,0,47.0,Moderate,Attendance; Assignment submission; Assessment performance,Review
STU001786,ECON,Economics,Graduate School of Business,1,Active,78.0,10,169,4386.0,-1.2734082397003788,70.0,61.626666666666665,-17.549999999999997,18,0.0,14,17,10,59.0,Moderate,Attendance; Assignment submission; Assessment performance; Performance decline,Review
STU001787,CS,Computer Science,School of Engineering and Digital Sciences,1,Active,70.0,10,217,5337.0,1.9218449711723251,82.0,72.74,-0.29999999999999716,18,0.0,7,8,3,36.0,Moderate,Attendance; Assignment submission; Assessment performance; Performance decline,Review
STU001788,EE,Electrical Engineering,School of Engineering and Digital Sciences,3,Active,84.0,10,173,4841.0,-2.855200543847723,62.0,63.29333333333333,-18.049999999999997,10,0.0,14,17,10,51.0,Moderate,Attendance; Assignment submission; Assessment performance; Performance decline,Review
STU001789,AI,Artificial Intelligence,School of Engineering and Digital Sciences,4,Active,97.5,10,153,4292.0,-0.4528301886792453,77.5,69.65833333333333,0.29999999999999716,0,0.0,7,8,0,15.0,Low,Assignment submission; Assessment performance,Routine monitoring
STU001790,AI,Artificial Intelligence,School of Engineering and Digital Sciences,2,Active,90.0,10,228,6587.0,-0.24777006937561383,78.33333333333333,79.82222222222222,10.25,0,0.0,7,0,0,7.0,Low,Assignment submission,Routine monitoring
STU001791,CE,Civil Engineering,School of Mining and Geosciences,3,Active,97.5,10,209,4811.0,-2.2664835164835164,95.0,72.29166666666667,-7.549999999999997,0,0.0,0,8,6,14.0,Low,Assessment performance; Performance decline,Routine monitoring
STU001792,EE,Electrical Engineering,School of Engineering and Digital Sciences,3,Active,78.33333333333333,10,162,4687.0,-16.131064902331442,56.666666666666664,62.37777777777777,2.5,18,5.0,20,17,0,60.0,High,Attendance; LMS engagement; Assignment submission; Assessment performance,Priority outreach
STU001793,BIO,Biological Sciences,School of Sciences and Humanities,4,Active,82.5,10,164,4556.0,-3.7900874635568473,87.5,74.44166666666666,-12.600000000000023,10,0.0,7,8,10,35.0,Moderate,Attendance; Assignment submission; Assessment performance; Performance decline,Review
STU001794,ECON,Economics,Graduate School of Business,2,Active,76.0,10,110,2652.0,-20.501138952164016,50.0,57.21333333333334,4.5,18,5.0,20,17,0,60.0,High,Attendance; LMS engagement; Assignment submission; Assessment performance,Priority outreach
STU001795,CS,Computer Science,School of Engineering and Digital Sciences,4,Active,80.0,10,174,4382.0,1.2176560121765556,75.0,69.89166666666667,-3.0,10,0.0,7,8,3,28.0,Low,Attendance; Assignment submission; Assessment performance; Performance decline,Routine monitoring
STU001796,ECON,Economics,Graduate School of Business,4,Active,93.33333333333333,10,220,6943.0,13.573970513472295,75.0,78.86111111111111,-17.900000000000006,0,0.0,7,0,10,17.0,Low,Assignment submission; Performance decline,Routine monitoring
STU001797,FIN,Finance,Graduate School of Business,4,Active,90.0,10,184,4993.0,7.6719576719576645,87.5,75.875,16.45000000000001,0,0.0,7,0,0,7.0,Low,Assignment submission,Routine monitoring
STU001798,CE,Civil Engineering,School of Mining and Geosciences,2,Active,76.0,10,165,3841.0,-6.557377049180323,62.0,59.78666666666666,-1.7999999999999972,18,0.0,14,17,3,52.0,Moderate,Attendance; Assignment submission; Assessment performance; Performance decline,Review
STU001799,CE,Civil Engineering,School of Mining and Geosciences,3,Active,82.5,10,139,3805.0,-2.180094786729863,85.0,74.10833333333333,-7.650000000000006,10,0.0,7,8,6,31.0,Moderate,Attendance; Assignment submission; Assessment performance; Performance decline,Review
STU001800,ECON,Economics,Graduate School of Business,4,Active,82.5,10,129,3232.0,4.255319148936183,60.0,71.83333333333333,1.5999999999999943,10,0.0,14,8,0,32.0,Moderate,Attendance; Assignment submission; Assessment performance,Review
STU001801,ECON,Economics,Graduate School of Business,3,Active,84.0,10,146,4691.0,0.6237006237006237,80.0,69.75333333333333,-11.900000000000006,10,0.0,7,8,10,35.0,Moderate,Attendance; Assignment submission; Assessment performance; Performance decline,Review
STU001802,CE,Civil Engineering,School of Mining and Geosciences,2,Active,70.0,10,119,3253.0,-21.636363636363644,58.333333333333336,67.07222222222222,-6.1000000000000085,18,5.0,20,8,6,57.0,Moderate,Attendance; LMS engagement; Assignment submission; Assessment performance; Performance decline,Review
STU001803,PHYS,Physics,School of Sciences and Humanities,2,Active,90.0,10,152,4401.0,8.006279434850864,60.0,73.75333333333333,-5.699999999999989,0,0.0,14,8,6,28.0,Low,Assignment submission; Assessment performance; Performance decline,Routine monitoring
STU001804,ECON,Economics,Graduate School of Business,1,Active,87.5,10,116,3266.0,-29.477911646586342,50.0,62.666666666666664,16.89999999999999,10,5.0,20,17,0,52.0,Moderate,Attendance; LMS engagement; Assignment submission; Assessment performance,Review
STU001805,EE,Electrical Engineering,School of Engineering and Digital Sciences,1,Active,80.0,10,175,4848.0,-3.0821917808219177,65.0,57.611111111111114,-3.25,10,0.0,14,17,3,44.0,Moderate,Attendance; Assignment submission; Assessment performance; Performance decline,Review
STU001806,CHEM,Chemistry,School of Sciences and Humanities,4,Active,70.0,10,133,3567.0,12.673267326732663,54.0,61.46,7.0,18,0.0,20,17,0,55.0,Moderate,Attendance; Assignment submission; Assessment performance,Review
STU001807,PSIR,Political Science and International Relations,School of Sciences and Humanities,2,Active,84.0,10,165,4432.0,-11.352487736510161,66.0,73.11999999999999,8.450000000000003,10,0.0,14,8,0,32.0,Moderate,Attendance; Assignment submission; Assessment performance,Review
STU001808,CHEM,Chemistry,School of Sciences and Humanities,3,Active,92.0,10,228,5906.0,1.4380530973451453,86.0,75.72,6.3500000000000085,0,0.0,7,0,0,7.0,Low,Assignment submission,Routine monitoring
STU001809,PHYS,Physics,School of Sciences and Humanities,2,Active,74.0,10,175,4521.0,0.30234315948601237,80.0,67.65333333333334,11.0,18,0.0,7,8,0,33.0,Moderate,Attendance; Assignment submission; Assessment performance,Review
STU001810,CHEM,Chemistry,School of Sciences and Humanities,2,Active,68.0,10,184,4957.0,-4.606141522029373,74.0,66.58666666666666,12.199999999999989,25,0.0,14,8,0,47.0,Moderate,Attendance; Assignment submission; Assessment performance,Review
STU001811,ME,Mechanical Engineering,School of Engineering and Digital Sciences,4,Active,88.0,10,199,6172.0,13.469156762874936,80.0,73.21333333333334,4.099999999999994,10,0.0,7,8,0,25.0,Low,Attendance; Assignment submission; Assessment performance,Routine monitoring
STU001812,PHYS,Physics,School of Sciences and Humanities,1,Active,82.0,10,177,5012.0,-2.9119788219722076,86.0,65.0,4.250000000000007,10,0.0,7,8,0,25.0,Low,Attendance; Assignment submission; Assessment performance,Routine monitoring
STU001813,CE,Civil Engineering,School of Mining and Geosciences,4,Active,87.5,10,134,3115.0,-0.753498385360615,65.0,75.78333333333333,-3.049999999999997,10,0.0,14,0,3,27.0,Low,Attendance; Assignment submission; Performance decline,Routine monitoring
STU001814,EE,Electrical Engineering,School of Engineering and Digital Sciences,4,Active,85.0,10,162,4565.0,3.1390134529147984,87.5,69.875,-22.75,10,0.0,7,8,10,35.0,Moderate,Attendance; Assignment submission; Assessment performance; Performance decline,Review
STU001815,FIN,Finance,Graduate School of Business,2,Active,82.5,10,156,4486.0,-4.853675945753038,77.5,73.64166666666667,2.3000000000000114,10,0.0,7,8,0,25.0,Low,Attendance; Assignment submission; Assessment performance,Routine monitoring
STU001816,EE,Electrical Engineering,School of Engineering and Digital Sciences,1,Active,93.33333333333333,10,202,5574.0,-6.087936865839909,75.0,70.78888888888889,0.45000000000000284,0,0.0,7,8,0,15.0,Low,Assignment submission; Assessment performance,Routine monitoring
STU001817,EE,Electrical Engineering,School of Engineering and Digital Sciences,3,Active,86.0,10,175,5069.0,-1.673360107095043,66.0,66.12666666666667,5.799999999999997,10,0.0,14,8,0,32.0,Moderate,Attendance; Assignment submission; Assessment performance,Review
STU001818,AI,Artificial Intelligence,School of Engineering and Digital Sciences,1,Active,70.0,10,161,4906.0,-0.26525198938992794,65.0,67.4388888888889,-19.400000000000006,18,0.0,14,8,10,50.0,Moderate,Attendance; Assignment submission; Assessment performance; Performance decline,Review
STU001819,CE,Civil Engineering,School of Mining and Geosciences,2,Active,70.0,10,133,3793.0,-6.628003314001647,62.0,64.21333333333334,10.799999999999997,18,0.0,14,17,0,49.0,Moderate,Attendance; Assignment submission; Assessment performance,Review
STU001820,EE,Electrical Engineering,School of Engineering and Digital Sciences,4,Active,76.0,10,176,4273.0,-16.715116279069772,74.0,66.48,2.0,18,5.0,14,8,0,45.0,Moderate,Attendance; LMS engagement; Assignment submission; Assessment performance,Review
STU001821,PSIR,Political Science and International Relations,School of Sciences and Humanities,3,Active,75.0,10,169,4770.0,-13.601532567049809,58.333333333333336,51.94444444444444,-5.149999999999999,18,0.0,20,25,6,69.0,High,Attendance; Assignment submission; Assessment performance; Performance decline,Priority outreach
STU001822,CE,Civil Engineering,School of Mining and Geosciences,3,Active,87.5,10,123,3602.0,1.8251681075888513,60.0,58.824999999999996,3.0,10,0.0,14,17,0,41.0,Moderate,Attendance; Assignment submission; Assessment performance,Review
STU001823,BIO,Biological Sciences,School of Sciences and Humanities,2,Active,96.66666666666667,10,284,8212.0,-2.6368357970435476,95.0,78.88333333333334,-11.399999999999991,0,0.0,0,0,10,10.0,Low,Performance decline,Routine monitoring
STU001824,PHYS,Physics,School of Sciences and Humanities,1,Active,76.0,10,166,4588.0,-8.984375,78.0,62.586666666666666,-2.5,18,0.0,7,17,3,45.0,Moderate,Attendance; Assignment submission; Assessment performance; Performance decline,Review
STU001825,CS,Computer Science,School of Engineering and Digital Sciences,1,Active,70.0,10,116,3038.0,11.771995043370515,52.5,68.11666666666666,7.900000000000006,18,0.0,20,8,0,46.0,Moderate,Attendance; Assignment submission; Assessment performance,Review
STU001826,PHYS,Physics,School of Sciences and Humanities,3,Active,81.66666666666667,10,237,6129.0,-9.095554420030664,76.66666666666667,69.15555555555555,-7.3500000000000085,10,0.0,7,8,6,31.0,Moderate,Attendance; Assignment submission; Assessment performance; Performance decline,Review
STU001827,SOCI,Sociology,School of Sciences and Humanities,1,Active,96.0,10,203,5713.0,-1.06320141760189,78.0,78.83999999999999,3.8499999999999943,0,0.0,7,0,0,7.0,Low,Assignment submission,Routine monitoring
STU001828,ME,Mechanical Engineering,School of Engineering and Digital Sciences,4,Active,84.0,10,207,5479.0,3.916614024005068,84.0,72.96666666666667,9.150000000000006,10,0.0,7,8,0,25.0,Low,Attendance; Assignment submission; Assessment performance,Routine monitoring
STU001829,ECON,Economics,Graduate School of Business,3,Active,95.0,10,151,4579.0,-5.148514851485149,80.0,79.85833333333333,-7.3999999999999915,0,0.0,7,0,6,13.0,Low,Assignment submission; Performance decline,Routine monitoring
STU001830,PHYS,Physics,School of Sciences and Humanities,1,Active,91.66666666666666,10,259,7191.0,-4.428044280442805,90.0,70.69444444444444,-14.549999999999997,0,0.0,0,8,10,18.0,Low,Assessment performance; Performance decline,Routine monitoring
STU001831,PSIR,Political Science and International Relations,School of Sciences and Humanities,1,Active,78.33333333333333,10,184,5547.0,0.6049606775559657,63.33333333333333,61.61666666666666,4.100000000000001,18,0.0,14,17,0,49.0,Moderate,Attendance; Assignment submission; Assessment performance,Review
STU001832,CS,Computer Science,School of Engineering and Digital Sciences,4,Active,75.0,10,109,3281.0,1.2645914396887104,65.0,68.60833333333333,-4.650000000000006,18,0.0,14,8,3,43.0,Moderate,Attendance; Assignment submission; Assessment performance; Performance decline,Review
STU001833,CE,Civil Engineering,School of Mining and Geosciences,1,Active,74.0,10,119,3330.0,31.802525832376595,46.0,59.72666666666667,-8.150000000000006,18,0.0,20,17,6,61.0,High,Attendance; Assignment submission; Assessment performance; Performance decline,Priority outreach
STU001834,SOCI,Sociology,School of Sciences and Humanities,3,Active,90.0,10,143,4129.0,4.733218588640285,72.5,73.41666666666667,-4.049999999999997,0,0.0,14,8,3,25.0,Low,Assignment submission; Assessment performance; Performance decline,Routine monitoring
STU001835,CHEM,Chemistry,School of Sciences and Humanities,4,Active,72.5,10,102,2733.0,-4.6365914786967455,62.5,62.833333333333336,2.8000000000000114,18,0.0,14,17,0,49.0,Moderate,Attendance; Assignment submission; Assessment performance,Review
STU001836,SOCI,Sociology,School of Sciences and Humanities,1,Active,87.5,10,114,3234.0,-16.16062683643487,70.0,70.14166666666667,-26.700000000000003,10,5.0,14,8,10,47.0,Moderate,Attendance; LMS engagement; Assignment submission; Assessment performance; Performance decline,Review
STU001837,CS,Computer Science,School of Engineering and Digital Sciences,4,Active,98.33333333333333,10,269,8196.0,-8.794063079777365,93.33333333333333,63.87222222222223,-1.4000000000000057,0,0.0,0,17,3,20.0,Low,Assessment performance; Performance decline,Routine monitoring
STU001838,EE,Electrical Engineering,School of Engineering and Digital Sciences,1,Active,80.0,10,140,4000.0,4.0296052631579045,72.5,76.30833333333334,5.650000000000006,10,0.0,14,0,0,24.0,Low,Attendance; Assignment submission,Routine monitoring
STU001839,AI,Artificial Intelligence,School of Engineering and Digital Sciences,1,Active,61.66666666666667,10,127,2933.0,-26.091370558375633,50.0,52.21111111111111,-15.300000000000004,25,5.0,20,25,10,85.0,Critical,Attendance; LMS engagement; Assignment submission; Assessment performance; Performance decline,Urgent review
STU001840,CS,Computer Science,School of Engineering and Digital Sciences,3,Active,96.0,10,192,6177.0,-2.755267423014587,84.0,72.77333333333333,2.6500000000000057,0,0.0,7,8,0,15.0,Low,Assignment submission; Assessment performance,Routine monitoring
STU001841,CHEM,Chemistry,School of Sciences and Humanities,4,Active,91.66666666666666,10,255,7743.0,-2.203389830508465,90.0,72.36666666666666,-7.400000000000006,0,0.0,0,8,6,14.0,Low,Assessment performance; Performance decline,Routine monitoring
STU001842,CE,Civil Engineering,School of Mining and Geosciences,3,Active,76.66666666666666,10,146,3582.0,28.96475770925109,51.66666666666667,63.37777777777777,5.199999999999989,18,0.0,20,17,0,55.0,Moderate,Attendance; Assignment submission; Assessment performance,Review
STU001843,AI,Artificial Intelligence,School of Engineering and Digital Sciences,1,Active,85.0,10,128,4057.0,6.827643630308086,65.0,55.89166666666667,-0.05000000000000426,10,0.0,14,17,3,44.0,Moderate,Attendance; Assignment submission; Assessment performance; Performance decline,Review
STU001844,BIO,Biological Sciences,School of Sciences and Humanities,3,Active,75.0,10,93,2510.0,-18.115942028985508,57.49999999999999,56.76666666666667,5.6000000000000085,18,5.0,20,17,0,60.0,High,Attendance; LMS engagement; Assignment submission; Assessment performance,Priority outreach
STU001845,SOCI,Sociology,School of Sciences and Humanities,3,Active,84.0,10,136,4326.0,-22.580645161290324,65.3061224489796,74.02666666666667,-9.150000000000006,10,5.0,14,8,6,43.0,Moderate,Attendance; LMS engagement; Assignment submission; Assessment performance; Performance decline,Review
STU001846,CE,Civil Engineering,School of Mining and Geosciences,4,Active,75.0,10,207,4943.0,-7.9972658920027335,73.33333333333333,74.08888888888889,-2.700000000000017,18,0.0,14,8,3,43.0,Moderate,Attendance; Assignment submission; Assessment performance; Performance decline,Review
STU001847,AI,Artificial Intelligence,School of Engineering and Digital Sciences,4,Active,78.0,10,189,5404.0,-7.577497129735936,74.0,78.01333333333334,-7.200000000000003,18,0.0,14,0,6,38.0,Moderate,Attendance; Assignment submission; Performance decline,Review
STU001848,EE,Electrical Engineering,School of Engineering and Digital Sciences,4,Active,74.0,10,185,5292.0,-14.310850439882703,84.0,74.72,-14.349999999999994,18,0.0,7,8,10,43.0,Moderate,Attendance; Assignment submission; Assessment performance; Performance decline,Review
STU001849,AI,Artificial Intelligence,School of Engineering and Digital Sciences,4,Active,82.0,10,195,4739.0,-3.340149965916833,86.0,76.7,-10.500000000000014,10,0.0,7,0,10,27.0,Low,Attendance; Assignment submission; Performance decline,Routine monitoring
STU001850,AI,Artificial Intelligence,School of Engineering and Digital Sciences,2,Active,92.0,10,169,5405.0,0.9962640099626259,74.0,72.78666666666666,-10.900000000000006,0,0.0,14,8,10,32.0,Moderate,Assignment submission; Assessment performance; Performance decline,Review
STU001851,PSIR,Political Science and International Relations,School of Sciences and Humanities,3,Active,78.33333333333333,10,148,4628.0,-1.2204424103737561,66.66666666666666,60.0,-1.25,18,0.0,14,17,3,52.0,Moderate,Attendance; Assignment submission; Assessment performance; Performance decline,Review
STU001852,SOCI,Sociology,School of Sciences and Humanities,4,Active,80.0,10,157,4942.0,-10.03236245954693,58.333333333333336,67.24444444444445,-8.500000000000014,10,0.0,20,8,6,44.0,Moderate,Attendance; Assignment submission; Assessment performance; Performance decline,Review
STU001853,FIN,Finance,Graduate School of Business,2,Active,83.33333333333334,10,252,6350.0,-3.9001560062402496,81.66666666666667,68.6888888888889,-7.600000000000001,10,0.0,7,8,6,31.0,Moderate,Attendance; Assignment submission; Assessment performance; Performance decline,Review
STU001854,CHEM,Chemistry,School of Sciences and Humanities,3,Active,91.66666666666666,10,277,7991.0,-3.1196581196581246,98.33333333333333,81.55000000000001,12.25,0,0.0,0,0,0,0.0,Low,No material signal,Routine monitoring
STU001855,PSIR,Political Science and International Relations,School of Sciences and Humanities,4,Active,92.5,10,177,5010.0,-3.971354166666663,87.5,76.89166666666667,-2.250000000000014,0,0.0,7,0,3,10.0,Low,Assignment submission; Performance decline,Routine monitoring
STU001856,EE,Electrical Engineering,School of Engineering and Digital Sciences,1,Active,76.0,10,162,3840.0,-0.08643042350908502,66.0,69.96666666666667,-7.800000000000011,18,0.0,14,8,6,46.0,Moderate,Attendance; Assignment submission; Assessment performance; Performance decline,Review
STU001857,EE,Electrical Engineering,School of Engineering and Digital Sciences,1,Active,82.0,10,139,4356.0,3.3798677443056535,62.0,65.57333333333334,-21.700000000000003,10,0.0,14,8,10,42.0,Moderate,Attendance; Assignment submission; Assessment performance; Performance decline,Review
STU001858,SOCI,Sociology,School of Sciences and Humanities,1,Active,88.0,10,164,4523.0,-10.192837465564734,74.0,70.61333333333333,-14.150000000000006,10,0.0,14,8,10,42.0,Moderate,Attendance; Assignment submission; Assessment performance; Performance decline,Review
STU001859,PHYS,Physics,School of Sciences and Humanities,4,Active,80.0,10,179,4789.0,-2.496714848883041,64.0,65.34666666666666,3.25,10,0.0,14,8,0,32.0,Moderate,Attendance; Assignment submission; Assessment performance,Review
STU001860,CE,Civil Engineering,School of Mining and Geosciences,4,Active,76.66666666666666,10,156,4233.0,-14.33691756272402,56.666666666666664,71.13333333333334,-3.25,18,0.0,20,8,3,49.0,Moderate,Attendance; Assignment submission; Assessment performance; Performance decline,Review
STU001861,ECON,Economics,Graduate School of Business,2,Active,80.0,10,125,3442.0,-20.592948717948723,70.0,62.375,7.649999999999999,10,5.0,14,17,0,46.0,Moderate,Attendance; LMS engagement; Assignment submission; Assessment performance,Review
STU001862,AI,Artificial Intelligence,School of Engineering and Digital Sciences,2,Active,70.0,10,68,2259.0,-11.516853932584272,42.5,60.125,-1.3000000000000043,18,0.0,20,17,3,58.0,Moderate,Attendance; Assignment submission; Assessment performance; Performance decline,Review
STU001863,SOCI,Sociology,School of Sciences and Humanities,3,Active,86.66666666666667,10,200,6662.0,5.637982195845697,75.0,76.23333333333333,-13.349999999999994,10,0.0,7,0,10,27.0,Low,Attendance; Assignment submission; Performance decline,Routine monitoring
STU001864,FIN,Finance,Graduate School of Business,1,Active,80.0,10,109,3203.0,-20.44573643410852,60.0,69.60833333333333,-15.599999999999994,10,5.0,14,8,10,47.0,Moderate,Attendance; LMS engagement; Assignment submission; Assessment performance; Performance decline,Review
STU001865,CHEM,Chemistry,School of Sciences and Humanities,1,Active,84.0,10,183,5146.0,2.1697511167836483,74.0,75.13333333333334,10.449999999999996,10,0.0,14,0,0,24.0,Low,Attendance; Assignment submission,Routine monitoring
STU001866,FIN,Finance,Graduate School of Business,2,Active,72.0,10,147,3496.0,-11.754537597234235,62.0,73.34666666666666,-11.549999999999997,18,0.0,14,8,10,50.0,Moderate,Attendance; Assignment submission; Assessment performance; Performance decline,Review
STU001867,PHYS,Physics,School of Sciences and Humanities,2,Active,83.33333333333334,10,176,4260.0,-13.860667634252533,58.333333333333336,67.67777777777778,-4.950000000000017,10,0.0,20,8,3,41.0,Moderate,Attendance; Assignment submission; Assessment performance; Performance decline,Review
STU001868,CS,Computer Science,School of Engineering and Digital Sciences,4,Active,90.0,10,157,4588.0,-1.2435991221653298,75.0,73.95,14.849999999999994,0,0.0,7,8,0,15.0,Low,Assignment submission; Assessment performance,Routine monitoring
STU001869,ME,Mechanical Engineering,School of Engineering and Digital Sciences,2,Active,82.0,10,173,5407.0,7.6564580559254285,66.0,78.8,9.650000000000006,10,0.0,14,0,0,24.0,Low,Attendance; Assignment submission,Routine monitoring
STU001870,CE,Civil Engineering,School of Mining and Geosciences,3,Active,97.5,10,156,4800.0,-2.217741935483871,95.0,77.36666666666666,-2.3999999999999915,0,0.0,0,0,3,3.0,Low,Performance decline,Routine monitoring
STU001871,AI,Artificial Intelligence,School of Engineering and Digital Sciences,3,Active,68.33333333333333,10,156,4211.0,-7.914201183431957,48.333333333333336,65.47777777777777,-9.5,25,0.0,20,8,6,59.0,Moderate,Attendance; Assignment submission; Assessment performance; Performance decline,Review
STU001872,ECON,Economics,Graduate School of Business,4,Active,70.0,10,89,2968.0,-37.69083969465649,50.0,63.40833333333333,-20.79999999999999,18,9.0,20,17,10,74.0,High,Attendance; LMS engagement; Assignment submission; Assessment performance; Performance decline,Priority outreach
STU001873,ME,Mechanical Engineering,School of Engineering and Digital Sciences,1,Active,94.0,10,193,5711.0,-5.0925925925926,80.0,66.51333333333334,-22.35,0,0.0,7,8,10,25.0,Low,Assignment submission; Assessment performance; Performance decline,Routine monitoring
STU001874,BIO,Biological Sciences,School of Sciences and Humanities,3,Active,78.33333333333333,10,221,6276.0,5.1282051282051215,80.0,82.52222222222223,-7.300000000000011,18,0.0,7,0,6,31.0,Moderate,Attendance; Assignment submission; Performance decline,Review
STU001875,BIO,Biological Sciences,School of Sciences and Humanities,2,Active,78.0,10,92,2467.0,-3.475935828877013,44.0,54.32,-26.150000000000006,18,0.0,20,25,10,73.0,High,Attendance; Assignment submission; Assessment performance; Performance decline,Priority outreach
STU001876,ECON,Economics,Graduate School of Business,1,Active,75.0,10,141,3855.0,-9.169278996865204,70.0,53.80833333333334,-3.3500000000000014,18,0.0,14,25,3,60.0,High,Attendance; Assignment submission; Assessment performance; Performance decline,Priority outreach
STU001877,EE,Electrical Engineering,School of Engineering and Digital Sciences,2,Active,75.0,10,115,2556.0,-1.164294954721874,57.49999999999999,55.11666666666667,-4.75,18,0.0,20,17,3,58.0,Moderate,Attendance; Assignment submission; Assessment performance; Performance decline,Review
STU001878,FIN,Finance,Graduate School of Business,1,Active,82.5,10,116,3579.0,-8.22510822510823,77.5,66.71666666666667,-9.450000000000003,10,0.0,7,8,6,31.0,Moderate,Attendance; Assignment submission; Assessment performance; Performance decline,Review
STU001879,SOCI,Sociology,School of Sciences and Humanities,2,Active,95.0,10,164,5200.0,-0.3090234857849337,90.0,80.08333333333333,-14.799999999999997,0,0.0,0,0,10,10.0,Low,Performance decline,Routine monitoring
STU001880,PHYS,Physics,School of Sciences and Humanities,4,Active,90.0,10,163,5048.0,-23.67773677736777,74.0,62.126666666666665,10.250000000000014,0,5.0,14,17,0,36.0,Moderate,LMS engagement; Assignment submission; Assessment performance,Review
STU001881,BIO,Biological Sciences,School of Sciences and Humanities,4,Active,81.66666666666667,10,236,6523.0,-13.222331047992164,76.66666666666667,74.17777777777778,12.200000000000017,10,0.0,7,8,0,25.0,Low,Attendance; Assignment submission; Assessment performance,Routine monitoring
STU001882,EE,Electrical Engineering,School of Engineering and Digital Sciences,3,Active,70.0,10,134,3920.0,-2.8997514498757155,70.0,62.28,-2.549999999999997,18,0.0,14,17,3,52.0,Moderate,Attendance; Assignment submission; Assessment performance; Performance decline,Review
STU001883,EE,Electrical Engineering,School of Engineering and Digital Sciences,3,Active,68.0,10,149,3636.0,-13.321947053800171,62.0,65.54666666666667,1.0499999999999972,25,0.0,14,8,0,47.0,Moderate,Attendance; Assignment submission; Assessment performance,Review
STU001884,FIN,Finance,Graduate School of Business,1,Active,82.0,10,159,3942.0,-13.338595106550905,56.00000000000001,70.0,-5.200000000000003,10,0.0,20,8,6,44.0,Moderate,Attendance; Assignment submission; Assessment performance; Performance decline,Review
STU001885,BIO,Biological Sciences,School of Sciences and Humanities,2,Active,98.0,10,233,6486.0,-3.0132788559754795,90.0,75.9,-27.0,0,0.0,0,0,10,10.0,Low,Performance decline,Routine monitoring
STU001886,PSIR,Political Science and International Relations,School of Sciences and Humanities,2,Active,97.5,10,200,5492.0,10.741687979539641,97.5,76.14999999999999,-4.199999999999989,0,0.0,0,0,3,3.0,Low,Performance decline,Routine monitoring
STU001887,AI,Artificial Intelligence,School of Engineering and Digital Sciences,1,Active,83.33333333333334,10,190,4680.0,7.574598316755929,65.0,69.92222222222222,-8.799999999999997,10,0.0,14,8,6,38.0,Moderate,Attendance; Assignment submission; Assessment performance; Performance decline,Review
STU001888,CE,Civil Engineering,School of Mining and Geosciences,1,Active,73.33333333333334,10,197,5334.0,-3.2683846637335074,75.0,71.46111111111111,-1.9000000000000057,18,0.0,7,8,3,36.0,Moderate,Attendance; Assignment submission; Assessment performance; Performance decline,Review
STU001889,FIN,Finance,Graduate School of Business,4,Active,84.0,10,179,5010.0,-12.601372426699944,66.0,63.22,-32.19999999999999,10,0.0,14,17,10,51.0,Moderate,Attendance; Assignment submission; Assessment performance; Performance decline,Review
STU001890,AI,Artificial Intelligence,School of Engineering and Digital Sciences,2,Active,90.0,10,222,5756.0,1.446759259259266,84.0,71.73333333333333,-9.549999999999997,0,0.0,7,8,6,21.0,Low,Assignment submission; Assessment performance; Performance decline,Routine monitoring
STU001891,BIO,Biological Sciences,School of Sciences and Humanities,3,Active,87.5,10,97,3145.0,9.280742459396759,60.0,60.166666666666664,-7.3500000000000085,10,0.0,14,17,6,47.0,Moderate,Attendance; Assignment submission; Assessment performance; Performance decline,Review
STU001892,CS,Computer Science,School of Engineering and Digital Sciences,2,Active,81.66666666666667,10,233,6418.0,0.7276507276507217,71.66666666666667,76.98888888888888,-11.799999999999997,10,0.0,14,0,10,34.0,Moderate,Attendance; Assignment submission; Performance decline,Review
STU001893,CE,Civil Engineering,School of Mining and Geosciences,2,Active,71.66666666666667,10,164,5295.0,-0.7317073170731708,65.0,72.86111111111111,-15.700000000000003,18,0.0,14,8,10,50.0,Moderate,Attendance; Assignment submission; Assessment performance; Performance decline,Review
STU001894,CHEM,Chemistry,School of Sciences and Humanities,1,Active,74.0,10,166,4421.0,12.033511043412025,70.0,69.52666666666667,-0.05000000000001137,18,0.0,14,8,3,43.0,Moderate,Attendance; Assignment submission; Assessment performance; Performance decline,Review
STU001895,CE,Civil Engineering,School of Mining and Geosciences,3,Active,77.5,10,132,3747.0,-15.863787375415273,62.5,68.98333333333333,-9.649999999999991,18,5.0,14,8,6,51.0,Moderate,Attendance; LMS engagement; Assignment submission; Assessment performance; Performance decline,Review
STU001896,AI,Artificial Intelligence,School of Engineering and Digital Sciences,4,Active,83.33333333333334,10,215,5873.0,-2.998334258745141,81.66666666666667,72.69444444444444,-4.999999999999986,10,0.0,7,8,3,28.0,Low,Attendance; Assignment submission; Assessment performance; Performance decline,Routine monitoring
STU001897,CHEM,Chemistry,School of Sciences and Humanities,2,Active,76.66666666666666,10,209,5861.0,-0.05537098560355004,68.33333333333333,72.6,-15.79999999999999,18,0.0,14,8,10,50.0,Moderate,Attendance; Assignment submission; Assessment performance; Performance decline,Review
STU001898,PHYS,Physics,School of Sciences and Humanities,1,Active,67.5,10,114,3126.0,-1.35275754422476,45.0,60.67499999999999,-12.0,25,0.0,20,17,10,72.0,High,Attendance; Assignment submission; Assessment performance; Performance decline,Priority outreach
STU001899,CS,Computer Science,School of Engineering and Digital Sciences,3,Active,84.0,10,128,3655.0,18.996062992125978,70.0,59.5,-10.749999999999993,10,0.0,14,17,10,51.0,Moderate,Attendance; Assignment submission; Assessment performance; Performance decline,Review
STU001900,ECON,Economics,Graduate School of Business,1,Active,87.5,10,143,4372.0,5.072463768115942,65.0,77.40833333333333,4.700000000000003,10,0.0,14,0,0,24.0,Low,Attendance; Assignment submission,Routine monitoring
STU001901,BIO,Biological Sciences,School of Sciences and Humanities,2,Active,86.66666666666667,10,194,5724.0,-2.6765375854214253,71.66666666666667,70.61666666666666,-2.1499999999999915,10,0.0,14,8,3,35.0,Moderate,Attendance; Assignment submission; Assessment performance; Performance decline,Review
STU001902,ME,Mechanical Engineering,School of Engineering and Digital Sciences,3,Active,84.0,10,186,5700.0,-17.74960380348653,84.0,61.513333333333335,2.8499999999999943,10,5.0,7,17,0,39.0,Moderate,Attendance; LMS engagement; Assignment submission; Assessment performance,Review
STU001903,CS,Computer Science,School of Engineering and Digital Sciences,3,Active,90.0,10,154,4634.0,0.29368575624081816,82.5,76.77499999999999,2.25,0,0.0,7,0,0,7.0,Low,Assignment submission,Routine monitoring
STU001904,PHYS,Physics,School of Sciences and Humanities,1,Active,70.0,10,179,4651.0,-3.15717227179136,65.0,65.77777777777777,-5.749999999999986,18,0.0,14,8,6,46.0,Moderate,Attendance; Assignment submission; Assessment performance; Performance decline,Review
STU001905,AI,Artificial Intelligence,School of Engineering and Digital Sciences,3,Active,60.0,10,94,2732.0,-4.778554778554786,52.0,67.46,10.399999999999991,25,0.0,20,8,0,53.0,Moderate,Attendance; Assignment submission; Assessment performance,Review
STU001906,ME,Mechanical Engineering,School of Engineering and Digital Sciences,3,Active,90.0,10,158,4246.0,-16.162361623616235,85.0,61.541666666666664,21.6,0,5.0,7,17,0,29.0,Low,LMS engagement; Assignment submission; Assessment performance,Routine monitoring
STU001907,PHYS,Physics,School of Sciences and Humanities,2,Active,75.0,10,96,2184.0,-1.032448377581125,52.5,53.98333333333333,5.299999999999997,18,0.0,20,25,0,63.0,High,Attendance; Assignment submission; Assessment performance,Priority outreach
STU001908,AI,Artificial Intelligence,School of Engineering and Digital Sciences,3,Active,67.5,10,79,2399.0,-34.52914798206278,50.0,63.416666666666664,0.20000000000000284,25,9.0,20,17,0,71.0,High,Attendance; LMS engagement; Assignment submission; Assessment performance,Priority outreach
STU001909,AI,Artificial Intelligence,School of Engineering and Digital Sciences,4,Active,70.0,10,111,3595.0,-2.243902439024396,70.0,76.89166666666667,12.199999999999989,18,0.0,14,0,0,32.0,Moderate,Attendance; Assignment submission,Review
STU001910,PHYS,Physics,School of Sciences and Humanities,1,Active,70.0,10,133,3168.0,3.6687631027253724,77.5,64.18333333333334,-7.600000000000001,18,0.0,7,17,6,48.0,Moderate,Attendance; Assignment submission; Assessment performance; Performance decline,Review
STU001911,ECON,Economics,Graduate School of Business,3,Active,84.0,10,173,4298.0,-13.583815028901727,64.0,61.34666666666667,-14.100000000000001,10,0.0,14,17,10,51.0,Moderate,Attendance; Assignment submission; Assessment performance; Performance decline,Review
STU001912,SOCI,Sociology,School of Sciences and Humanities,2,Active,74.0,10,124,3251.0,-22.859922178988338,62.0,59.919999999999995,-22.25,18,5.0,14,17,10,64.0,High,Attendance; LMS engagement; Assignment submission; Assessment performance; Performance decline,Priority outreach
STU001913,PSIR,Political Science and International Relations,School of Sciences and Humanities,2,Active,70.0,10,125,3779.0,-16.013071895424833,61.66666666666667,58.92777777777778,2.5999999999999943,18,5.0,14,17,0,54.0,Moderate,Attendance; LMS engagement; Assignment submission; Assessment performance,Review
STU001914,FIN,Finance,Graduate School of Business,4,Active,74.0,10,159,4431.0,-14.436619718309856,76.0,75.78666666666666,-8.549999999999997,18,0.0,7,0,6,31.0,Moderate,Attendance; Assignment submission; Performance decline,Review
STU001915,PHYS,Physics,School of Sciences and Humanities,1,Active,86.66666666666667,10,229,5909.0,8.405296488198037,75.0,75.57777777777778,-15.750000000000014,10,0.0,7,0,10,27.0,Low,Attendance; Assignment submission; Performance decline,Routine monitoring
STU001916,AI,Artificial Intelligence,School of Engineering and Digital Sciences,3,Active,92.0,10,160,4879.0,-3.386454183266932,66.0,75.13333333333334,-17.65,0,0.0,14,0,10,24.0,Low,Assignment submission; Performance decline,Routine monitoring
STU001917,CS,Computer Science,School of Engineering and Digital Sciences,2,Active,80.0,10,137,3251.0,4.867724867724862,65.0,76.39999999999999,-15.400000000000006,10,0.0,14,0,10,34.0,Moderate,Attendance; Assignment submission; Performance decline,Review
STU001918,ECON,Economics,Graduate School of Business,3,Active,98.0,10,223,6630.0,3.3570701932858595,94.0,80.09333333333333,15.25,0,0.0,0,0,0,0.0,Low,No material signal,Routine monitoring
STU001919,SOCI,Sociology,School of Sciences and Humanities,3,Active,81.66666666666667,10,219,5560.0,-12.507106310403643,88.33333333333333,70.26111111111112,-9.200000000000003,10,0.0,7,8,6,31.0,Moderate,Attendance; Assignment submission; Assessment performance; Performance decline,Review
STU001920,SOCI,Sociology,School of Sciences and Humanities,3,Active,75.0,10,79,2064.0,-20.44728434504792,40.0,59.333333333333336,-13.899999999999991,18,5.0,20,17,10,70.0,High,Attendance; LMS engagement; Assignment submission; Assessment performance; Performance decline,Priority outreach
STU001921,PSIR,Political Science and International Relations,School of Sciences and Humanities,3,Active,84.0,10,135,4647.0,29.690048939641105,78.0,69.18,-8.450000000000003,10,0.0,7,8,6,31.0,Moderate,Attendance; Assignment submission; Assessment performance; Performance decline,Review
STU001922,AI,Artificial Intelligence,School of Engineering and Digital Sciences,3,Active,88.0,10,220,6158.0,-3.310197544046995,86.0,72.15333333333334,-23.700000000000003,10,0.0,7,8,10,35.0,Moderate,Attendance; Assignment submission; Assessment performance; Performance decline,Review
STU001923,SOCI,Sociology,School of Sciences and Humanities,1,Active,72.5,10,158,4560.0,0.07331378299119817,85.0,71.34166666666667,-2.450000000000003,18,0.0,7,8,3,36.0,Moderate,Attendance; Assignment submission; Assessment performance; Performance decline,Review
STU001924,PHYS,Physics,School of Sciences and Humanities,2,Active,75.0,10,127,3500.0,-12.571428571428573,82.5,75.47500000000001,11.049999999999997,18,0.0,7,0,0,25.0,Low,Attendance; Assignment submission,Routine monitoring
STU001925,BIO,Biological Sciences,School of Sciences and Humanities,1,Active,83.33333333333334,10,208,6123.0,13.028169014084506,83.33333333333334,80.22222222222223,4.450000000000017,10,0.0,7,0,0,17.0,Low,Attendance; Assignment submission,Routine monitoring
STU001926,CS,Computer Science,School of Engineering and Digital Sciences,4,Active,87.5,10,167,4571.0,-2.9737206085753765,75.0,73.91666666666667,-9.199999999999989,10,0.0,7,8,6,31.0,Moderate,Attendance; Assignment submission; Assessment performance; Performance decline,Review
STU001927,BIO,Biological Sciences,School of Sciences and Humanities,4,Active,65.0,10,89,2045.0,-23.31768388106416,57.49999999999999,54.833333333333336,4.600000000000001,25,5.0,20,25,0,75.0,High,Attendance; LMS engagement; Assignment submission; Assessment performance,Priority outreach
STU001928,PHYS,Physics,School of Sciences and Humanities,3,Active,93.33333333333333,10,265,7103.0,-0.8715596330275126,83.33333333333334,77.42222222222222,-4.949999999999989,0,0.0,7,0,3,10.0,Low,Assignment submission; Performance decline,Routine monitoring
STU001929,PHYS,Physics,School of Sciences and Humanities,2,Active,90.0,10,191,5231.0,-2.0446096654275094,76.0,67.62666666666667,-23.5,0,0.0,7,8,10,25.0,Low,Assignment submission; Assessment performance; Performance decline,Routine monitoring
STU001930,PHYS,Physics,School of Sciences and Humanities,1,Active,88.0,10,196,5221.0,-5.152671755725191,74.0,74.59333333333333,8.399999999999991,10,0.0,14,8,0,32.0,Moderate,Attendance; Assignment submission; Assessment performance,Review
STU001931,SOCI,Sociology,School of Sciences and Humanities,1,Active,87.5,10,169,4963.0,2.044854881266487,90.0,77.71666666666667,0.09999999999999432,10,0.0,0,0,0,10.0,Low,Attendance,Routine monitoring
STU001932,ME,Mechanical Engineering,School of Engineering and Digital Sciences,3,Active,75.0,10,112,3238.0,-6.717123935666971,75.0,63.61666666666667,-12.049999999999997,18,0.0,7,17,10,52.0,Moderate,Attendance; Assignment submission; Assessment performance; Performance decline,Review
STU001933,CHEM,Chemistry,School of Sciences and Humanities,4,Active,75.0,10,80,2572.0,12.359550561797757,45.0,54.30833333333334,6.399999999999999,18,0.0,20,25,0,63.0,High,Attendance; Assignment submission; Assessment performance,Priority outreach
STU001934,FIN,Finance,Graduate School of Business,3,Active,92.0,10,196,5801.0,14.094775212636703,86.0,74.56666666666666,13.0,0,0.0,7,8,0,15.0,Low,Assignment submission; Assessment performance,Routine monitoring
STU001935,ME,Mechanical Engineering,School of Engineering and Digital Sciences,1,Active,95.0,10,270,7379.0,1.1504832029452265,90.0,83.06666666666666,5.150000000000006,0,0.0,0,0,0,0.0,Low,No material signal,Routine monitoring
STU001936,SOCI,Sociology,School of Sciences and Humanities,2,Active,80.0,10,124,3569.0,6.966086159486704,72.5,62.15,-0.6999999999999886,10,0.0,14,17,3,44.0,Moderate,Attendance; Assignment submission; Assessment performance; Performance decline,Review
STU001937,BIO,Biological Sciences,School of Sciences and Humanities,2,Active,93.33333333333333,10,285,7706.0,-11.00244498777506,83.33333333333334,78.92222222222222,13.099999999999994,0,0.0,7,0,0,7.0,Low,Assignment submission,Routine monitoring
STU001938,PHYS,Physics,School of Sciences and Humanities,4,Active,81.66666666666667,10,173,4349.0,-12.628487518355355,53.333333333333336,71.71666666666667,-26.0,10,0.0,20,8,10,48.0,Moderate,Attendance; Assignment submission; Assessment performance; Performance decline,Review
STU001939,FIN,Finance,Graduate School of Business,1,Active,80.0,10,149,4312.0,-1.1520737327188941,77.5,68.58333333333333,20.150000000000006,10,0.0,7,8,0,25.0,Low,Attendance; Assignment submission; Assessment performance,Routine monitoring
STU001940,CHEM,Chemistry,School of Sciences and Humanities,1,Active,67.5,10,70,2041.0,-9.88200589970502,40.0,50.199999999999996,8.949999999999996,25,0.0,20,25,0,70.0,High,Attendance; Assignment submission; Assessment performance,Priority outreach
STU001941,SOCI,Sociology,School of Sciences and Humanities,2,Active,68.33333333333333,10,154,4504.0,-23.13117066290551,53.333333333333336,72.58333333333333,-2.450000000000003,25,5.0,20,8,3,61.0,High,Attendance; LMS engagement; Assignment submission; Assessment performance; Performance decline,Priority outreach
STU001942,FIN,Finance,Graduate School of Business,2,Active,82.5,10,138,3626.0,-10.135746606334838,55.00000000000001,72.24166666666666,-6.150000000000006,10,0.0,20,8,6,44.0,Moderate,Attendance; Assignment submission; Assessment performance; Performance decline,Review
STU001943,PHYS,Physics,School of Sciences and Humanities,4,Active,72.5,10,75,1900.0,25.748502994011975,45.0,47.925000000000004,-7.400000000000006,18,0.0,20,25,6,69.0,High,Attendance; Assignment submission; Assessment performance; Performance decline,Priority outreach
STU001944,ECON,Economics,Graduate School of Business,4,Active,90.0,10,183,4993.0,-1.5894955079474697,87.5,69.46666666666667,-9.799999999999997,0,0.0,7,8,6,21.0,Low,Assignment submission; Assessment performance; Performance decline,Routine monitoring
STU001945,CS,Computer Science,School of Engineering and Digital Sciences,3,Active,85.0,10,156,4806.0,6.927921623512947,87.5,81.11666666666666,8.349999999999994,10,0.0,7,0,0,17.0,Low,Attendance; Assignment submission,Routine monitoring
STU001946,EE,Electrical Engineering,School of Engineering and Digital Sciences,3,Active,78.33333333333333,10,191,5893.0,5.214723926380354,78.33333333333333,71.3111111111111,-11.149999999999991,18,0.0,7,8,10,43.0,Moderate,Attendance; Assignment submission; Assessment performance; Performance decline,Review
STU001947,ME,Mechanical Engineering,School of Engineering and Digital Sciences,4,Active,82.5,10,170,4786.0,-9.126984126984127,87.5,77.77499999999999,7.049999999999997,10,0.0,7,0,0,17.0,Low,Attendance; Assignment submission,Routine monitoring
STU001948,PSIR,Political Science and International Relations,School of Sciences and Humanities,4,Active,78.33333333333333,10,167,4745.0,0.0,73.33333333333333,60.888888888888886,2.5,18,0.0,14,17,0,49.0,Moderate,Attendance; Assignment submission; Assessment performance,Review
STU001949,CS,Computer Science,School of Engineering and Digital Sciences,4,Active,74.0,10,172,4520.0,-8.899456521739134,66.0,61.233333333333334,-7.099999999999994,18,0.0,14,17,6,55.0,Moderate,Attendance; Assignment submission; Assessment performance; Performance decline,Review
STU001950,AI,Artificial Intelligence,School of Engineering and Digital Sciences,2,Active,95.0,10,301,7785.0,-8.384964890541093,98.33333333333333,75.26666666666667,-24.35000000000001,0,0.0,0,0,10,10.0,Low,Performance decline,Routine monitoring
STU001951,ECON,Economics,Graduate School of Business,2,Active,83.33333333333334,10,216,6139.0,-9.523809523809524,81.66666666666667,66.0611111111111,-1.75,10,0.0,7,8,3,28.0,Low,Attendance; Assignment submission; Assessment performance; Performance decline,Routine monitoring
STU001952,SOCI,Sociology,School of Sciences and Humanities,1,Active,72.0,10,91,2212.0,-16.04197901049476,48.0,59.99333333333333,-2.6999999999999957,18,5.0,20,17,3,63.0,High,Attendance; LMS engagement; Assignment submission; Assessment performance; Performance decline,Priority outreach
STU001953,EE,Electrical Engineering,School of Engineering and Digital Sciences,2,Active,82.5,10,151,3816.0,5.278310940499051,75.0,68.325,6.500000000000007,10,0.0,7,8,0,25.0,Low,Attendance; Assignment submission; Assessment performance,Routine monitoring
STU001954,EE,Electrical Engineering,School of Engineering and Digital Sciences,4,Active,73.33333333333334,10,123,3561.0,-0.7312614259597857,53.333333333333336,56.26111111111111,-1.5500000000000043,18,0.0,20,17,3,58.0,Moderate,Attendance; Assignment submission; Assessment performance; Performance decline,Review
STU001955,CS,Computer Science,School of Engineering and Digital Sciences,4,Active,90.0,10,204,5933.0,18.086419753086414,88.0,78.61333333333333,8.299999999999983,0,0.0,7,0,0,7.0,Low,Assignment submission,Routine monitoring
STU001956,CE,Civil Engineering,School of Mining and Geosciences,4,Active,77.5,10,119,3622.0,-18.02274715660543,72.5,79.0,17.89999999999999,18,5.0,14,0,0,37.0,Moderate,Attendance; LMS engagement; Assignment submission,Review
STU001957,EE,Electrical Engineering,School of Engineering and Digital Sciences,4,Active,80.0,10,213,6744.0,-6.573705179282868,81.66666666666667,73.73333333333333,-13.550000000000004,10,0.0,7,8,10,35.0,Moderate,Attendance; Assignment submission; Assessment performance; Performance decline,Review
STU001958,ME,Mechanical Engineering,School of Engineering and Digital Sciences,2,Active,92.5,10,146,4317.0,-1.3168086754453825,72.5,73.04166666666667,-13.599999999999994,0,0.0,14,8,10,32.0,Moderate,Assignment submission; Assessment performance; Performance decline,Review
STU001959,AI,Artificial Intelligence,School of Engineering and Digital Sciences,4,Active,80.0,10,162,4571.0,-10.394021739130434,68.33333333333333,63.86666666666666,-4.600000000000001,10,0.0,14,17,3,44.0,Moderate,Attendance; Assignment submission; Assessment performance; Performance decline,Review
STU001960,CS,Computer Science,School of Engineering and Digital Sciences,4,Active,50.0,10,64,1860.0,-42.514124293785315,42.5,48.725,-17.35,25,9.0,20,25,10,89.0,Critical,Attendance; LMS engagement; Assignment submission; Assessment performance; Performance decline,Urgent review
STU001961,FIN,Finance,Graduate School of Business,2,Active,85.0,10,194,5502.0,-12.182140745121224,78.33333333333333,63.76111111111111,17.950000000000003,10,0.0,7,17,0,34.0,Moderate,Attendance; Assignment submission; Assessment performance,Review
STU001962,BIO,Biological Sciences,School of Sciences and Humanities,2,Active,60.0,10,137,3846.0,-9.54580446497305,53.333333333333336,58.044444444444444,-10.300000000000004,25,0.0,20,17,10,72.0,High,Attendance; Assignment submission; Assessment performance; Performance decline,Priority outreach
STU001963,AI,Artificial Intelligence,School of Engineering and Digital Sciences,2,Active,56.666666666666664,10,104,2427.0,-23.001230012300127,43.333333333333336,46.97222222222222,-2.700000000000003,25,5.0,20,25,3,78.0,High,Attendance; LMS engagement; Assignment submission; Assessment performance; Performance decline,Priority outreach
STU001964,ME,Mechanical Engineering,School of Engineering and Digital Sciences,4,Active,74.0,10,183,4403.0,-14.92204899777283,57.99999999999999,68.05333333333333,-4.949999999999996,18,0.0,20,8,3,49.0,Moderate,Attendance; Assignment submission; Assessment performance; Performance decline,Review
STU001965,CHEM,Chemistry,School of Sciences and Humanities,3,Active,75.0,10,154,3842.0,-3.3057851239669374,50.0,65.86666666666666,-15.800000000000004,18,0.0,20,8,10,56.0,Moderate,Attendance; Assignment submission; Assessment performance; Performance decline,Review
STU001966,PSIR,Political Science and International Relations,School of Sciences and Humanities,1,Active,83.33333333333334,10,245,6518.0,2.9486527707168335,88.33333333333333,76.44444444444444,-20.599999999999994,10,0.0,7,0,10,27.0,Low,Attendance; Assignment submission; Performance decline,Routine monitoring
STU001967,CS,Computer Science,School of Engineering and Digital Sciences,2,Active,68.0,10,115,3334.0,-14.856081708449393,48.0,62.65333333333333,-7.349999999999994,25,0.0,20,17,6,68.0,High,Attendance; Assignment submission; Assessment performance; Performance decline,Priority outreach
STU001968,ME,Mechanical Engineering,School of Engineering and Digital Sciences,2,Active,72.5,10,115,3132.0,-12.410256410256403,72.5,62.541666666666664,0.19999999999999574,18,0.0,14,17,0,49.0,Moderate,Attendance; Assignment submission; Assessment performance,Review
STU001969,BIO,Biological Sciences,School of Sciences and Humanities,4,Active,82.0,10,176,4971.0,7.218045112781955,60.0,71.06,3.5500000000000114,10,0.0,14,8,0,32.0,Moderate,Attendance; Assignment submission; Assessment performance,Review
STU001970,CE,Civil Engineering,School of Mining and Geosciences,1,Active,80.0,10,162,4143.0,-9.803921568627446,75.0,73.72500000000001,2.1000000000000085,10,0.0,7,8,0,25.0,Low,Attendance; Assignment submission; Assessment performance,Routine monitoring
STU001971,AI,Artificial Intelligence,School of Engineering and Digital Sciences,4,Active,82.0,10,141,4302.0,15.69664902998236,74.0,67.93333333333334,-11.050000000000011,10,0.0,14,8,10,42.0,Moderate,Attendance; Assignment submission; Assessment performance; Performance decline,Review
STU001972,SOCI,Sociology,School of Sciences and Humanities,3,Active,85.0,10,219,6454.0,-10.939759036144574,75.0,76.01666666666667,13.450000000000017,10,0.0,7,0,0,17.0,Low,Attendance; Assignment submission,Routine monitoring
STU001973,ECON,Economics,Graduate School of Business,1,Active,77.5,10,107,2893.0,-25.583756345177655,65.0,66.85833333333333,6.599999999999994,18,5.0,14,8,0,45.0,Moderate,Attendance; LMS engagement; Assignment submission; Assessment performance,Review
STU001974,AI,Artificial Intelligence,School of Engineering and Digital Sciences,4,Active,90.0,10,249,7288.0,5.4054054054054115,88.33333333333333,68.02222222222223,-7.349999999999994,0,0.0,7,8,6,21.0,Low,Assignment submission; Assessment performance; Performance decline,Routine monitoring
STU001975,CE,Civil Engineering,School of Mining and Geosciences,2,Active,88.0,10,193,5389.0,3.4650455927051667,88.0,75.94666666666667,-15.5,10,0.0,7,0,10,27.0,Low,Attendance; Assignment submission; Performance decline,Routine monitoring
STU001976,ECON,Economics,Graduate School of Business,3,Active,91.66666666666666,10,212,6889.0,-4.280510018214941,85.0,77.1,1.5500000000000114,0,0.0,7,0,0,7.0,Low,Assignment submission,Routine monitoring
STU001977,ME,Mechanical Engineering,School of Engineering and Digital Sciences,3,Active,74.0,10,120,3563.0,3.4069981583793685,48.0,60.46666666666667,-8.150000000000006,18,0.0,20,17,6,61.0,High,Attendance; Assignment submission; Assessment performance; Performance decline,Priority outreach
STU001978,PSIR,Political Science and International Relations,School of Sciences and Humanities,3,Active,80.0,10,112,3620.0,2.9750479846449247,57.49999999999999,66.75,0.5499999999999972,10,0.0,20,8,0,38.0,Moderate,Attendance; Assignment submission; Assessment performance,Review
STU001979,BIO,Biological Sciences,School of Sciences and Humanities,3,Active,86.66666666666667,10,240,6893.0,-2.437858508604206,83.33333333333334,63.14444444444444,4.400000000000006,10,0.0,7,17,0,34.0,Moderate,Attendance; Assignment submission; Assessment performance,Review
STU001980,CHEM,Chemistry,School of Sciences and Humanities,1,Active,76.66666666666666,10,195,4864.0,-5.9880239520958085,76.66666666666667,59.34444444444445,10.25,18,0.0,7,17,0,42.0,Moderate,Attendance; Assignment submission; Assessment performance,Review
STU001981,PHYS,Physics,School of Sciences and Humanities,4,Active,72.5,10,117,2735.0,7.224334600760455,52.5,48.800000000000004,-10.149999999999991,18,0.0,20,25,10,73.0,High,Attendance; Assignment submission; Assessment performance; Performance decline,Priority outreach
STU001982,SOCI,Sociology,School of Sciences and Humanities,1,Active,74.0,10,113,3105.0,19.25925925925926,56.00000000000001,64.09333333333333,-14.300000000000004,18,0.0,20,17,10,65.0,High,Attendance; Assignment submission; Assessment performance; Performance decline,Priority outreach
STU001983,PSIR,Political Science and International Relations,School of Sciences and Humanities,1,Active,86.0,10,134,4073.0,-2.1186440677966054,74.0,76.43333333333334,8.099999999999994,10,0.0,14,0,0,24.0,Low,Attendance; Assignment submission,Routine monitoring
STU001984,ME,Mechanical Engineering,School of Engineering and Digital Sciences,3,Active,85.0,10,129,4125.0,7.755775577557751,82.5,68.74166666666666,-11.600000000000001,10,0.0,7,8,10,35.0,Moderate,Attendance; Assignment submission; Assessment performance; Performance decline,Review
STU001985,SOCI,Sociology,School of Sciences and Humanities,1,Active,70.0,10,125,4122.0,-4.404567699836868,66.0,59.086666666666666,-3.25,18,0.0,14,17,3,52.0,Moderate,Attendance; Assignment submission; Assessment performance; Performance decline,Review
STU001986,BIO,Biological Sciences,School of Sciences and Humanities,2,Active,60.0,10,106,2903.0,-25.167464114832526,57.99999999999999,64.18,-12.300000000000004,25,5.0,20,17,10,77.0,High,Attendance; LMS engagement; Assignment submission; Assessment performance; Performance decline,Priority outreach
STU001987,CHEM,Chemistry,School of Sciences and Humanities,2,Active,76.0,10,144,4428.0,-4.05709992486852,62.0,63.666666666666664,-12.799999999999997,18,0.0,14,17,10,59.0,Moderate,Attendance; Assignment submission; Assessment performance; Performance decline,Review
STU001988,BIO,Biological Sciences,School of Sciences and Humanities,2,Active,84.0,10,196,5833.0,-7.232346241457865,78.0,71.89333333333335,5.0,10,0.0,7,8,0,25.0,Low,Attendance; Assignment submission; Assessment performance,Routine monitoring
STU001989,AI,Artificial Intelligence,School of Engineering and Digital Sciences,3,Active,90.0,10,148,4863.0,-12.361743656473656,72.0,60.29333333333333,-10.350000000000009,0,0.0,14,17,10,41.0,Moderate,Assignment submission; Assessment performance; Performance decline,Review
STU001990,CE,Civil Engineering,School of Mining and Geosciences,4,Active,76.0,10,123,3339.0,-8.588351431391905,68.0,73.28,8.799999999999997,18,0.0,14,8,0,40.0,Moderate,Attendance; Assignment submission; Assessment performance,Review
STU001991,EE,Electrical Engineering,School of Engineering and Digital Sciences,1,Active,82.0,10,171,5493.0,0.1791044776119403,70.0,70.82666666666667,3.25,10,0.0,14,8,0,32.0,Moderate,Attendance; Assignment submission; Assessment performance,Review
STU001992,PSIR,Political Science and International Relations,School of Sciences and Humanities,3,Active,70.0,10,88,2232.0,-20.84367245657569,57.49999999999999,49.15,1.7000000000000028,18,5.0,20,25,0,68.0,High,Attendance; LMS engagement; Assignment submission; Assessment performance,Priority outreach
STU001993,CS,Computer Science,School of Engineering and Digital Sciences,2,Active,72.5,10,106,2331.0,-10.040705563093619,40.0,53.44166666666666,-15.950000000000003,18,0.0,20,25,10,73.0,High,Attendance; Assignment submission; Assessment performance; Performance decline,Priority outreach
STU001994,PSIR,Political Science and International Relations,School of Sciences and Humanities,3,Active,72.0,10,93,2783.0,13.341346153846153,54.0,54.96666666666667,2.1499999999999986,18,0.0,20,25,0,63.0,High,Attendance; Assignment submission; Assessment performance,Priority outreach
STU001995,FIN,Finance,Graduate School of Business,2,Active,82.5,10,109,3132.0,-30.008904719501334,67.5,59.833333333333336,-8.100000000000009,10,9.0,14,17,6,56.0,Moderate,Attendance; LMS engagement; Assignment submission; Assessment performance; Performance decline,Review
STU001996,PHYS,Physics,School of Sciences and Humanities,2,Active,92.0,10,210,6186.0,-13.57900050479557,86.0,69.96666666666667,5.5,0,0.0,7,8,0,15.0,Low,Assignment submission; Assessment performance,Routine monitoring
STU001997,PHYS,Physics,School of Sciences and Humanities,3,Active,72.5,10,132,3341.0,-0.8645533141210375,72.5,72.05,2.6999999999999886,18,0.0,14,8,0,40.0,Moderate,Attendance; Assignment submission; Assessment performance,Review
STU001998,AI,Artificial Intelligence,School of Engineering and Digital Sciences,4,Active,66.66666666666667,10,162,4323.0,-20.92555331991952,60.0,66.83888888888889,-7.949999999999989,25,5.0,14,8,6,58.0,Moderate,Attendance; LMS engagement; Assignment submission; Assessment performance; Performance decline,Review
STU001999,PHYS,Physics,School of Sciences and Humanities,4,Active,98.33333333333333,10,241,7199.0,6.045589692765126,95.0,70.5611111111111,1.799999999999983,0,0.0,0,8,0,8.0,Low,Assessment performance,Routine monitoring
STU002000,PSIR,Political Science and International Relations,School of Sciences and Humanities,4,Active,67.5,10,101,3273.0,-5.5185537583254,60.0,53.73333333333333,-16.799999999999997,25,0.0,14,25,10,74.0,High,Attendance; Assignment submission; Assessment performance; Performance decline,Priority outreach
STU002001,AI,Artificial Intelligence,School of Engineering and Digital Sciences,1,Active,84.0,10,117,3424.0,7.291666666666672,57.99999999999999,59.55333333333333,10.349999999999994,10,0.0,20,17,0,47.0,Moderate,Attendance; Assignment submission; Assessment performance,Review
STU002002,ECON,Economics,Graduate School of Business,3,Active,93.33333333333333,10,251,6694.0,-7.458975634012928,71.66666666666667,65.54444444444444,-9.150000000000006,0,0.0,14,8,6,28.0,Low,Assignment submission; Assessment performance; Performance decline,Routine monitoring
STU002003,AI,Artificial Intelligence,School of Engineering and Digital Sciences,1,Active,71.66666666666667,10,176,4382.0,1.9546520719312053,53.333333333333336,58.78333333333333,-1.4000000000000057,18,0.0,20,17,3,58.0,Moderate,Attendance; Assignment submission; Assessment performance; Performance decline,Review
STU002004,AI,Artificial Intelligence,School of Engineering and Digital Sciences,2,Active,82.5,10,102,3489.0,-14.186851211072653,75.0,57.13333333333333,-1.8999999999999986,10,0.0,7,17,3,37.0,Moderate,Attendance; Assignment submission; Assessment performance; Performance decline,Review
STU002005,EE,Electrical Engineering,School of Engineering and Digital Sciences,1,Active,70.0,10,102,2544.0,-23.039215686274506,50.0,61.47333333333333,4.1499999999999915,18,5.0,20,17,0,60.0,High,Attendance; LMS engagement; Assignment submission; Assessment performance,Priority outreach
STU002006,CS,Computer Science,School of Engineering and Digital Sciences,2,Active,72.5,10,119,3368.0,-10.714285714285715,75.0,68.80833333333334,-21.950000000000003,18,0.0,7,8,10,43.0,Moderate,Attendance; Assignment submission; Assessment performance; Performance decline,Review
STU002007,SOCI,Sociology,School of Sciences and Humanities,2,Active,73.33333333333334,10,146,3659.0,-22.20472440944882,53.333333333333336,62.09444444444445,-15.149999999999991,18,5.0,20,17,10,70.0,High,Attendance; LMS engagement; Assignment submission; Assessment performance; Performance decline,Priority outreach
STU002008,FIN,Finance,Graduate School of Business,3,Active,80.0,10,193,5402.0,-15.811209439528021,76.66666666666667,59.455555555555556,8.300000000000004,10,5.0,7,17,0,39.0,Moderate,Attendance; LMS engagement; Assignment submission; Assessment performance,Review
STU002009,AI,Artificial Intelligence,School of Engineering and Digital Sciences,4,Active,96.0,10,258,6621.0,2.682563338301043,88.0,79.59333333333333,3.799999999999997,0,0.0,7,0,0,7.0,Low,Assignment submission,Routine monitoring
STU002010,ECON,Economics,Graduate School of Business,2,Active,70.0,10,175,4625.0,-7.526132404181185,64.0,77.93333333333334,-2.6500000000000057,18,0.0,14,0,3,35.0,Moderate,Attendance; Assignment submission; Performance decline,Review
STU002011,FIN,Finance,Graduate School of Business,1,Active,90.0,10,177,4661.0,-2.1505376344086025,85.0,68.44166666666666,12.899999999999991,0,0.0,7,8,0,15.0,Low,Assignment submission; Assessment performance,Routine monitoring
STU002012,SOCI,Sociology,School of Sciences and Humanities,4,Active,75.0,10,108,2938.0,-9.294117647058817,62.5,64.075,-5.5,18,0.0,14,17,6,55.0,Moderate,Attendance; Assignment submission; Assessment performance; Performance decline,Review
STU002013,CS,Computer Science,School of Engineering and Digital Sciences,3,Active,86.0,10,205,5685.0,-19.015280135823428,88.0,73.34666666666666,7.600000000000001,10,5.0,7,8,0,30.0,Moderate,Attendance; LMS engagement; Assignment submission; Assessment performance,Review
STU002014,PSIR,Political Science and International Relations,School of Sciences and Humanities,3,Active,92.0,10,191,5694.0,-4.0253018976423105,78.0,61.833333333333336,-4.800000000000011,0,0.0,7,17,3,27.0,Low,Assignment submission; Assessment performance; Performance decline,Routine monitoring
STU002015,ECON,Economics,Graduate School of Business,4,Active,95.0,10,188,4845.0,-7.023411371237459,85.0,77.00833333333334,11.450000000000003,0,0.0,7,0,0,7.0,Low,Assignment submission,Routine monitoring
STU002016,FIN,Finance,Graduate School of Business,4,Active,85.0,10,192,5222.0,-3.7247474747474785,70.0,64.82222222222222,26.85,10,0.0,14,17,0,41.0,Moderate,Attendance; Assignment submission; Assessment performance,Review
STU002017,CE,Civil Engineering,School of Mining and Geosciences,2,Active,85.0,10,158,4369.0,10.008006405124105,72.5,72.10000000000001,1.8499999999999943,10,0.0,14,8,0,32.0,Moderate,Attendance; Assignment submission; Assessment performance,Review
STU002018,PHYS,Physics,School of Sciences and Humanities,2,Active,86.0,10,197,5727.0,4.41988950276243,78.0,69.80666666666666,-2.5999999999999943,10,0.0,7,8,3,28.0,Low,Attendance; Assignment submission; Assessment performance; Performance decline,Routine monitoring
STU002019,BIO,Biological Sciences,School of Sciences and Humanities,4,Active,85.0,10,158,4527.0,18.933969769291963,87.5,62.4,-4.050000000000011,10,0.0,7,17,3,37.0,Moderate,Attendance; Assignment submission; Assessment performance; Performance decline,Review
STU002020,CE,Civil Engineering,School of Mining and Geosciences,4,Active,80.0,10,200,5612.0,-0.43209876543210574,80.0,79.29333333333334,-11.549999999999997,10,0.0,7,0,10,27.0,Low,Attendance; Assignment submission; Performance decline,Routine monitoring
STU002021,PSIR,Political Science and International Relations,School of Sciences and Humanities,1,Active,76.66666666666666,10,163,4444.0,-14.840499306518732,56.666666666666664,63.233333333333334,-11.099999999999987,18,0.0,20,17,10,65.0,High,Attendance; Assignment submission; Assessment performance; Performance decline,Priority outreach
STU002022,CHEM,Chemistry,School of Sciences and Humanities,1,Active,83.33333333333334,10,199,6017.0,-14.753218884120184,71.66666666666667,73.44444444444444,-4.5,10,0.0,14,8,3,35.0,Moderate,Attendance; Assignment submission; Assessment performance; Performance decline,Review
STU002023,CS,Computer Science,School of Engineering and Digital Sciences,4,Active,70.0,10,126,3848.0,5.942275042444817,34.0,61.693333333333335,-27.500000000000014,18,0.0,20,17,10,65.0,High,Attendance; Assignment submission; Assessment performance; Performance decline,Priority outreach
STU002024,ME,Mechanical Engineering,School of Engineering and Digital Sciences,1,Active,82.5,10,149,4099.0,-5.363036303630367,67.5,58.916666666666664,6.149999999999999,10,0.0,14,17,0,41.0,Moderate,Attendance; Assignment submission; Assessment performance,Review
STU002025,BIO,Biological Sciences,School of Sciences and Humanities,4,Active,94.0,10,195,6076.0,-13.455497382198947,88.0,77.88000000000001,-0.9500000000000028,0,0.0,7,0,3,10.0,Low,Assignment submission; Performance decline,Routine monitoring
STU002026,ECON,Economics,Graduate School of Business,3,Active,95.0,10,166,4393.0,2.0376175548589384,77.5,84.8,9.150000000000006,0,0.0,7,0,0,7.0,Low,Assignment submission,Routine monitoring
STU002027,EE,Electrical Engineering,School of Engineering and Digital Sciences,4,Active,72.0,10,136,3484.0,-12.366034624896951,62.0,61.71333333333334,-13.299999999999997,18,0.0,14,17,10,59.0,Moderate,Attendance; Assignment submission; Assessment performance; Performance decline,Review
STU002028,PSIR,Political Science and International Relations,School of Sciences and Humanities,3,Active,93.33333333333333,10,243,8171.0,1.5108207431604643,95.0,78.42222222222222,-25.14999999999999,0,0.0,0,0,10,10.0,Low,Performance decline,Routine monitoring
STU002029,FIN,Finance,Graduate School of Business,1,Active,88.0,10,183,5051.0,13.911845730027556,80.0,66.74666666666667,-1.6500000000000057,10,0.0,7,8,3,28.0,Low,Attendance; Assignment submission; Assessment performance; Performance decline,Routine monitoring
STU002030,SOCI,Sociology,School of Sciences and Humanities,3,Active,85.0,10,140,3675.0,-9.156193895870736,70.0,60.916666666666664,-6.149999999999999,10,0.0,14,17,6,47.0,Moderate,Attendance; Assignment submission; Assessment performance; Performance decline,Review
STU002031,EE,Electrical Engineering,School of Engineering and Digital Sciences,3,Active,86.0,10,143,4867.0,2.382573179033348,64.0,68.5,-7.6000000000000085,10,0.0,14,8,6,38.0,Moderate,Attendance; Assignment submission; Assessment performance; Performance decline,Review
STU002032,CHEM,Chemistry,School of Sciences and Humanities,2,Active,75.0,10,151,4633.0,-4.872727272727269,77.5,78.51666666666667,-19.5,18,0.0,7,0,10,35.0,Moderate,Attendance; Assignment submission; Performance decline,Review
STU002033,CE,Civil Engineering,School of Mining and Geosciences,3,Active,82.5,10,162,4120.0,6.172839506172834,77.5,73.63333333333334,-7.200000000000017,10,0.0,7,8,6,31.0,Moderate,Attendance; Assignment submission; Assessment performance; Performance decline,Review
STU002034,SOCI,Sociology,School of Sciences and Humanities,2,Active,77.5,10,116,2980.0,-27.510040160642575,55.00000000000001,73.19166666666666,-28.799999999999997,18,5.0,20,8,10,61.0,High,Attendance; LMS engagement; Assignment submission; Assessment performance; Performance decline,Priority outreach
STU002035,FIN,Finance,Graduate School of Business,1,Active,94.0,10,215,6057.0,-4.610318331503842,86.0,74.42666666666668,-14.299999999999997,0,0.0,7,8,10,25.0,Low,Assignment submission; Assessment performance; Performance decline,Routine monitoring
STU002036,PSIR,Political Science and International Relations,School of Sciences and Humanities,2,Active,72.5,10,102,2416.0,-3.3994334277620393,62.5,63.73333333333334,-7.75,18,0.0,14,17,6,55.0,Moderate,Attendance; Assignment submission; Assessment performance; Performance decline,Review
STU002037,CS,Computer Science,School of Engineering and Digital Sciences,2,Active,70.0,10,130,3091.0,-11.45833333333334,64.0,62.193333333333335,-12.149999999999991,18,0.0,14,17,10,59.0,Moderate,Attendance; Assignment submission; Assessment performance; Performance decline,Review
STU002038,EE,Electrical Engineering,School of Engineering and Digital Sciences,1,Active,74.0,10,92,2908.0,-19.4818652849741,62.0,65.69333333333333,-10.200000000000003,18,5.0,14,8,10,55.0,Moderate,Attendance; LMS engagement; Assignment submission; Assessment performance; Performance decline,Review
STU002039,CE,Civil Engineering,School of Mining and Geosciences,4,Active,96.0,10,239,6506.0,5.3694843168527315,94.0,76.36666666666666,3.8499999999999943,0,0.0,0,0,0,0.0,Low,No material signal,Routine monitoring
STU002040,BIO,Biological Sciences,School of Sciences and Humanities,4,Active,90.0,10,154,4523.0,7.225433526011569,68.0,63.61333333333334,-9.300000000000004,0,0.0,14,17,6,37.0,Moderate,Assignment submission; Assessment performance; Performance decline,Review
STU002041,PSIR,Political Science and International Relations,School of Sciences and Humanities,4,Active,75.0,10,92,2804.0,-1.59271899886235,62.5,70.88333333333334,-3.049999999999997,18,0.0,14,8,3,43.0,Moderate,Attendance; Assignment submission; Assessment performance; Performance decline,Review
STU002042,SOCI,Sociology,School of Sciences and Humanities,3,Active,85.0,10,221,6163.0,5.625717566016087,78.33333333333333,65.78333333333333,0.45000000000000284,10,0.0,7,8,0,25.0,Low,Attendance; Assignment submission; Assessment performance,Routine monitoring
STU002043,FIN,Finance,Graduate School of Business,4,Active,80.0,10,149,4227.0,-0.5455962587685201,72.0,68.00666666666667,-1.2999999999999972,10,0.0,14,8,3,35.0,Moderate,Attendance; Assignment submission; Assessment performance; Performance decline,Review
STU002044,ME,Mechanical Engineering,School of Engineering and Digital Sciences,3,Active,77.5,10,136,3809.0,-2.8782894736842013,77.5,76.08333333333333,4.049999999999997,18,0.0,7,0,0,25.0,Low,Attendance; Assignment submission,Routine monitoring
STU002045,BIO,Biological Sciences,School of Sciences and Humanities,3,Active,98.33333333333333,10,268,8276.0,-5.291828793774311,93.33333333333333,77.14444444444445,4.6000000000000085,0,0.0,0,0,0,0.0,Low,No material signal,Routine monitoring
STU002046,ECON,Economics,Graduate School of Business,4,Active,76.0,10,135,3941.0,-3.301476976542142,74.0,57.70666666666667,-11.950000000000003,18,0.0,14,17,10,59.0,Moderate,Attendance; Assignment submission; Assessment performance; Performance decline,Review
STU002047,ME,Mechanical Engineering,School of Engineering and Digital Sciences,4,Active,72.0,10,174,5165.0,1.786853860880649,78.0,68.68666666666667,-3.8000000000000114,18,0.0,7,8,3,36.0,Moderate,Attendance; Assignment submission; Assessment performance; Performance decline,Review
STU002048,PHYS,Physics,School of Sciences and Humanities,1,Active,85.0,10,148,3823.0,-2.751504729148758,67.5,68.63333333333334,-11.600000000000001,10,0.0,14,8,10,42.0,Moderate,Attendance; Assignment submission; Assessment performance; Performance decline,Review
STU002049,CE,Civil Engineering,School of Mining and Geosciences,1,Active,87.5,10,150,4118.0,-15.96958174904943,75.0,67.02499999999999,7.199999999999996,10,5.0,7,8,0,30.0,Moderate,Attendance; LMS engagement; Assignment submission; Assessment performance,Review
STU002050,EE,Electrical Engineering,School of Engineering and Digital Sciences,4,Active,68.33333333333333,10,127,3864.0,-15.824357912178947,60.0,61.699999999999996,-11.799999999999997,25,5.0,14,17,10,71.0,High,Attendance; LMS engagement; Assignment submission; Assessment performance; Performance decline,Priority outreach
STU002051,CHEM,Chemistry,School of Sciences and Humanities,3,Active,82.0,10,159,4977.0,-0.526315789473688,72.0,58.15333333333333,-4.049999999999997,10,0.0,14,17,3,44.0,Moderate,Attendance; Assignment submission; Assessment performance; Performance decline,Review
STU002052,ME,Mechanical Engineering,School of Engineering and Digital Sciences,4,Active,65.0,10,116,2711.0,-17.975206611570247,65.0,60.90833333333333,4.700000000000003,25,5.0,14,17,0,61.0,High,Attendance; LMS engagement; Assignment submission; Assessment performance,Priority outreach
STU002053,FIN,Finance,Graduate School of Business,3,Active,95.0,10,254,7103.0,2.35124760076776,81.66666666666667,71.71111111111111,-15.050000000000011,0,0.0,7,8,10,25.0,Low,Assignment submission; Assessment performance; Performance decline,Routine monitoring
STU002054,BIO,Biological Sciences,School of Sciences and Humanities,4,Active,73.33333333333334,10,174,4998.0,-7.25288831835687,66.66666666666666,60.92222222222222,-8.450000000000003,18,0.0,14,17,6,55.0,Moderate,Attendance; Assignment submission; Assessment performance; Performance decline,Review
STU002055,PSIR,Political Science and International Relations,School of Sciences and Humanities,1,Active,80.0,10,165,5369.0,-3.17640385706182,80.0,62.71111111111111,5.049999999999997,10,0.0,7,17,0,34.0,Moderate,Attendance; Assignment submission; Assessment performance,Review
STU002056,PSIR,Political Science and International Relations,School of Sciences and Humanities,4,Active,90.0,10,191,5740.0,12.970711297071139,78.0,75.59333333333333,13.499999999999986,0,0.0,7,0,0,7.0,Low,Assignment submission,Routine monitoring
STU002057,CE,Civil Engineering,School of Mining and Geosciences,2,Active,97.5,10,183,5370.0,-2.3142509135201115,95.0,83.63333333333334,-2.5,0,0.0,0,0,3,3.0,Low,Performance decline,Routine monitoring
STU002058,PSIR,Political Science and International Relations,School of Sciences and Humanities,3,Active,96.0,10,228,6750.0,12.816370490037702,82.0,75.74,-8.049999999999997,0,0.0,7,0,6,13.0,Low,Assignment submission; Performance decline,Routine monitoring
STU002059,CS,Computer Science,School of Engineering and Digital Sciences,2,Active,90.0,10,155,4753.0,-3.1446540880503147,82.5,80.46666666666667,-1.5,0,0.0,7,0,3,10.0,Low,Assignment submission; Performance decline,Routine monitoring
STU002060,FIN,Finance,Graduate School of Business,1,Active,80.0,10,141,4452.0,-17.894012388162412,70.0,63.373333333333335,-5.25,10,5.0,14,17,6,52.0,Moderate,Attendance; LMS engagement; Assignment submission; Assessment performance; Performance decline,Review
STU002061,PSIR,Political Science and International Relations,School of Sciences and Humanities,1,Active,83.33333333333334,10,180,5317.0,-18.171683389074698,76.66666666666667,65.07222222222222,6.25,10,5.0,7,8,0,30.0,Moderate,Attendance; LMS engagement; Assignment submission; Assessment performance,Review
STU002062,CS,Computer Science,School of Engineering and Digital Sciences,4,Active,72.5,10,108,2850.0,-8.45886442641948,57.49999999999999,55.675000000000004,11.899999999999999,18,0.0,20,17,0,55.0,Moderate,Attendance; Assignment submission; Assessment performance,Review
STU002063,PSIR,Political Science and International Relations,School of Sciences and Humanities,1,Active,74.0,10,131,3573.0,-4.770642201834857,60.0,71.04666666666667,-18.650000000000006,18,0.0,14,8,10,50.0,Moderate,Attendance; Assignment submission; Assessment performance; Performance decline,Review
STU002064,BIO,Biological Sciences,School of Sciences and Humanities,4,Active,72.5,10,101,2152.0,-5.082417582417575,57.49999999999999,65.14999999999999,-11.5,18,0.0,20,8,10,56.0,Moderate,Attendance; Assignment submission; Assessment performance; Performance decline,Review
STU002065,SOCI,Sociology,School of Sciences and Humanities,2,Active,77.5,10,137,4329.0,-11.134903640256958,85.0,69.36666666666666,-1.9999999999999858,18,0.0,7,8,3,36.0,Moderate,Attendance; Assignment submission; Assessment performance; Performance decline,Review
STU002066,BIO,Biological Sciences,School of Sciences and Humanities,1,Active,80.0,10,128,3940.0,-13.990825688073393,72.5,63.98333333333333,-11.849999999999994,10,0.0,14,17,10,51.0,Moderate,Attendance; Assignment submission; Assessment performance; Performance decline,Review
STU002067,SOCI,Sociology,School of Sciences and Humanities,3,Active,65.0,10,108,2914.0,-15.896885069817396,65.0,59.55833333333334,4.25,25,5.0,14,17,0,61.0,High,Attendance; LMS engagement; Assignment submission; Assessment performance,Priority outreach
STU002068,CHEM,Chemistry,School of Sciences and Humanities,4,Active,81.66666666666667,10,222,5981.0,6.018518518518512,70.0,75.69444444444444,-6.050000000000011,10,0.0,14,0,6,30.0,Moderate,Attendance; Assignment submission; Performance decline,Review
STU002069,FIN,Finance,Graduate School of Business,4,Active,85.0,10,191,4826.0,0.8754208754208715,61.66666666666667,62.294444444444444,1.25,10,0.0,14,17,0,41.0,Moderate,Attendance; Assignment submission; Assessment performance,Review
STU002070,EE,Electrical Engineering,School of Engineering and Digital Sciences,1,Active,78.0,10,145,4040.0,-1.9169329073482428,57.99999999999999,67.66,-15.0,18,0.0,20,8,10,56.0,Moderate,Attendance; Assignment submission; Assessment performance; Performance decline,Review
STU002071,ECON,Economics,Graduate School of Business,1,Active,67.5,10,92,2835.0,-10.79136690647482,62.5,67.05,-2.0500000000000043,25,0.0,14,8,3,50.0,Moderate,Attendance; Assignment submission; Assessment performance; Performance decline,Review
STU002072,ME,Mechanical Engineering,School of Engineering and Digital Sciences,1,Active,92.0,10,170,5876.0,15.12709237445754,88.0,72.41333333333334,9.050000000000011,0,0.0,7,8,0,15.0,Low,Assignment submission; Assessment performance,Routine monitoring
STU002073,PSIR,Political Science and International Relations,School of Sciences and Humanities,2,Active,88.0,10,148,4583.0,10.684725357411583,80.0,63.56666666666667,-3.750000000000007,10,0.0,7,17,3,37.0,Moderate,Attendance; Assignment submission; Assessment performance; Performance decline,Review
STU002074,CS,Computer Science,School of Engineering and Digital Sciences,4,Active,90.0,10,257,7168.0,-2.068345323741012,88.33333333333333,71.4388888888889,-13.700000000000003,0,0.0,7,8,10,25.0,Low,Assignment submission; Assessment performance; Performance decline,Routine monitoring
STU002075,CE,Civil Engineering,School of Mining and Geosciences,3,Active,80.0,10,157,4132.0,-0.9046052631578854,80.0,60.9,-11.5,10,0.0,7,17,10,44.0,Moderate,Attendance; Assignment submission; Assessment performance; Performance decline,Review
STU002076,ME,Mechanical Engineering,School of Engineering and Digital Sciences,2,Active,82.5,10,122,3363.0,-9.109311740890687,77.5,72.98333333333333,2.8499999999999943,10,0.0,7,8,0,25.0,Low,Attendance; Assignment submission; Assessment performance,Routine monitoring
STU002077,CE,Civil Engineering,School of Mining and Geosciences,4,Active,86.66666666666667,10,179,4332.0,-6.1068702290076375,70.0,67.30555555555556,-1.0,10,0.0,14,8,3,35.0,Moderate,Attendance; Assignment submission; Assessment performance; Performance decline,Review
STU002078,CE,Civil Engineering,School of Mining and Geosciences,3,Active,83.33333333333334,10,208,5827.0,-13.234515616728418,75.0,73.23333333333333,3.8000000000000114,10,0.0,7,8,0,25.0,Low,Attendance; Assignment submission; Assessment performance,Routine monitoring
STU002079,BIO,Biological Sciences,School of Sciences and Humanities,3,Active,88.0,10,176,5379.0,-5.347264904732636,82.0,75.78666666666666,0.29999999999999716,10,0.0,7,0,0,17.0,Low,Attendance; Assignment submission,Routine monitoring
STU002080,EE,Electrical Engineering,School of Engineering and Digital Sciences,1,Active,86.0,10,166,4918.0,-14.258434118395922,78.0,66.33333333333333,0.6999999999999886,10,0.0,7,8,0,25.0,Low,Attendance; Assignment submission; Assessment performance,Routine monitoring
STU002081,BIO,Biological Sciences,School of Sciences and Humanities,1,Active,80.0,10,106,2570.0,-13.387660069848655,75.0,73.70833333333333,-14.349999999999994,10,0.0,7,8,10,35.0,Moderate,Attendance; Assignment submission; Assessment performance; Performance decline,Review
STU002082,ME,Mechanical Engineering,School of Engineering and Digital Sciences,4,Active,91.66666666666666,10,202,6188.0,-7.184672698243746,76.66666666666667,60.638888888888886,-11.799999999999997,0,0.0,7,17,10,34.0,Moderate,Assignment submission; Assessment performance; Performance decline,Review
STU002083,PSIR,Political Science and International Relations,School of Sciences and Humanities,2,Active,67.5,10,112,2854.0,7.278835386338173,62.5,74.75833333333334,15.70000000000001,25,0.0,14,8,0,47.0,Moderate,Attendance; Assignment submission; Assessment performance,Review
STU002084,ECON,Economics,Graduate School of Business,2,Active,78.33333333333333,10,162,4364.0,-13.308823529411761,53.333333333333336,61.02777777777778,28.799999999999997,18,0.0,20,17,0,55.0,Moderate,Attendance; Assignment submission; Assessment performance,Review
STU002085,ECON,Economics,Graduate School of Business,4,Active,80.0,10,210,5422.0,4.233128834355828,63.33333333333333,69.69444444444444,-7.75,10,0.0,14,8,6,38.0,Moderate,Attendance; Assignment submission; Assessment performance; Performance decline,Review
STU002086,CS,Computer Science,School of Engineering and Digital Sciences,3,Active,92.0,10,220,5639.0,-11.936193619361942,74.0,60.96,-9.950000000000003,0,0.0,14,17,6,37.0,Moderate,Assignment submission; Assessment performance; Performance decline,Review
STU002087,ECON,Economics,Graduate School of Business,2,Active,93.33333333333333,10,252,7223.0,-13.986636971046781,83.33333333333334,84.78333333333333,-12.549999999999997,0,0.0,7,0,10,17.0,Low,Assignment submission; Performance decline,Routine monitoring
STU002088,AI,Artificial Intelligence,School of Engineering and Digital Sciences,3,Active,80.0,10,153,4503.0,7.12678169542386,70.0,77.64999999999999,4.100000000000023,10,0.0,14,0,0,24.0,Low,Attendance; Assignment submission,Routine monitoring
STU002089,PHYS,Physics,School of Sciences and Humanities,1,Active,75.0,10,126,3286.0,3.190428713858431,77.5,60.39166666666667,-6.25,18,0.0,7,17,6,48.0,Moderate,Attendance; Assignment submission; Assessment performance; Performance decline,Review
STU002090,EE,Electrical Engineering,School of Engineering and Digital Sciences,2,Active,82.0,10,158,4546.0,-20.466321243523314,64.0,60.31333333333334,-2.3500000000000014,10,5.0,14,17,3,49.0,Moderate,Attendance; LMS engagement; Assignment submission; Assessment performance; Performance decline,Review
STU002091,ME,Mechanical Engineering,School of Engineering and Digital Sciences,2,Active,90.0,10,198,5686.0,-2.812687013764206,76.66666666666667,64.53888888888889,1.5,0,0.0,7,17,0,24.0,Low,Assignment submission; Assessment performance,Routine monitoring
STU002092,SOCI,Sociology,School of Sciences and Humanities,4,Active,94.0,10,244,6727.0,6.481481481481481,96.0,79.12666666666668,-0.15000000000000568,0,0.0,0,0,3,3.0,Low,Performance decline,Routine monitoring
STU002093,FIN,Finance,Graduate School of Business,1,Active,67.5,10,68,2472.0,14.359637774902975,60.0,66.00833333333334,-13.900000000000006,25,0.0,14,8,10,57.0,Moderate,Attendance; Assignment submission; Assessment performance; Performance decline,Review
STU002094,SOCI,Sociology,School of Sciences and Humanities,1,Active,92.0,10,250,6676.0,-2.476930548810102,86.0,74.5,-0.7000000000000028,0,0.0,7,8,3,18.0,Low,Assignment submission; Assessment performance; Performance decline,Routine monitoring
STU002095,CE,Civil Engineering,School of Mining and Geosciences,4,Active,78.33333333333333,10,189,5424.0,-14.685314685314685,76.66666666666667,70.05000000000001,2.950000000000003,18,0.0,7,8,0,33.0,Moderate,Attendance; Assignment submission; Assessment performance,Review
STU002096,CS,Computer Science,School of Engineering and Digital Sciences,1,Active,90.0,10,209,5119.0,1.063829787234057,78.0,69.06666666666666,3.1999999999999886,0,0.0,7,8,0,15.0,Low,Assignment submission; Assessment performance,Routine monitoring
STU002097,CHEM,Chemistry,School of Sciences and Humanities,1,Active,72.5,10,97,2589.0,-23.340707964601766,60.0,52.925000000000004,-6.200000000000003,18,5.0,14,25,6,68.0,High,Attendance; LMS engagement; Assignment submission; Assessment performance; Performance decline,Priority outreach
STU002098,ECON,Economics,Graduate School of Business,4,Active,87.5,10,161,4338.0,-4.285714285714286,80.0,68.675,20.1,10,0.0,7,8,0,25.0,Low,Attendance; Assignment submission; Assessment performance,Routine monitoring
STU002099,BIO,Biological Sciences,School of Sciences and Humanities,4,Active,74.0,10,82,1854.0,-1.016949152542373,34.0,60.77333333333333,3.4000000000000057,18,0.0,20,17,0,55.0,Moderate,Attendance; Assignment submission; Assessment performance,Review
STU002100,ECON,Economics,Graduate School of Business,4,Active,74.0,10,124,2767.0,2.0338983050847457,46.0,52.913333333333334,-6.050000000000004,18,0.0,20,25,6,69.0,High,Attendance; Assignment submission; Assessment performance; Performance decline,Priority outreach
STU002101,EE,Electrical Engineering,School of Engineering and Digital Sciences,3,Active,86.0,10,158,4336.0,-12.362637362637363,66.0,63.53333333333333,12.800000000000011,10,0.0,14,17,0,41.0,Moderate,Attendance; Assignment submission; Assessment performance,Review
STU002102,EE,Electrical Engineering,School of Engineering and Digital Sciences,1,Active,97.5,10,196,5469.0,5.672009864364996,95.0,74.47500000000001,5.8999999999999915,0,0.0,0,8,0,8.0,Low,Assessment performance,Routine monitoring
STU002103,CHEM,Chemistry,School of Sciences and Humanities,2,Active,90.0,10,176,5939.0,-3.1531531531531467,92.0,82.39333333333335,-12.849999999999994,0,0.0,0,0,10,10.0,Low,Performance decline,Routine monitoring
STU002104,PSIR,Political Science and International Relations,School of Sciences and Humanities,4,Active,92.5,10,131,3906.0,-8.790322580645157,70.0,71.22500000000001,17.200000000000003,0,0.0,14,8,0,22.0,Low,Assignment submission; Assessment performance,Routine monitoring
STU002105,EE,Electrical Engineering,School of Engineering and Digital Sciences,2,Active,60.0,10,151,3973.0,-14.460596786534047,68.0,67.07333333333334,1.8000000000000114,25,0.0,14,8,0,47.0,Moderate,Attendance; Assignment submission; Assessment performance,Review
STU002106,PHYS,Physics,School of Sciences and Humanities,2,Active,87.5,10,157,4230.0,-1.6679904686258933,75.0,73.30833333333334,12.849999999999994,10,0.0,7,8,0,25.0,Low,Attendance; Assignment submission; Assessment performance,Routine monitoring
STU002107,EE,Electrical Engineering,School of Engineering and Digital Sciences,1,Active,78.33333333333333,10,214,5610.0,9.679408138101117,80.0,73.26666666666667,-17.949999999999996,18,0.0,7,8,10,43.0,Moderate,Attendance; Assignment submission; Assessment performance; Performance decline,Review
STU002108,CE,Civil Engineering,School of Mining and Geosciences,3,Active,78.0,10,138,3276.0,-14.57378551787351,57.99999999999999,70.68,-16.250000000000014,18,0.0,20,8,10,56.0,Moderate,Attendance; Assignment submission; Assessment performance; Performance decline,Review
STU002109,EE,Electrical Engineering,School of Engineering and Digital Sciences,4,Active,92.5,10,197,4926.0,-1.406563965170797,87.5,69.58333333333333,12.0,0,0.0,7,8,0,15.0,Low,Assignment submission; Assessment performance,Routine monitoring
STU002110,ME,Mechanical Engineering,School of Engineering and Digital Sciences,2,Active,96.66666666666667,10,241,6692.0,-8.321775312066574,86.66666666666667,89.26111111111112,-6.5,0,0.0,7,0,6,13.0,Low,Assignment submission; Performance decline,Routine monitoring
STU002111,CHEM,Chemistry,School of Sciences and Humanities,2,Active,71.66666666666667,10,198,4806.0,-6.76589986468201,66.66666666666666,60.733333333333334,-8.600000000000009,18,0.0,14,17,6,55.0,Moderate,Attendance; Assignment submission; Assessment performance; Performance decline,Review
STU002112,CHEM,Chemistry,School of Sciences and Humanities,2,Active,92.5,10,190,5403.0,-12.062256809338509,95.0,66.55,16.75,0,0.0,0,8,0,8.0,Low,Assessment performance,Routine monitoring
STU002113,ME,Mechanical Engineering,School of Engineering and Digital Sciences,2,Active,82.0,10,148,4320.0,-20.117044623262622,57.99999999999999,63.833333333333336,-7.350000000000001,10,5.0,20,17,6,58.0,Moderate,Attendance; LMS engagement; Assignment submission; Assessment performance; Performance decline,Review
STU002114,ME,Mechanical Engineering,School of Engineering and Digital Sciences,3,Active,96.0,10,234,6811.0,1.5873015873015872,86.0,75.38000000000001,-23.449999999999996,0,0.0,7,0,10,17.0,Low,Assignment submission; Performance decline,Routine monitoring
STU002115,AI,Artificial Intelligence,School of Engineering and Digital Sciences,1,Active,96.66666666666667,10,262,7751.0,-13.522537562604342,91.66666666666666,75.72777777777777,-4.549999999999997,0,0.0,0,0,3,3.0,Low,Performance decline,Routine monitoring
STU002116,BIO,Biological Sciences,School of Sciences and Humanities,3,Active,68.33333333333333,10,128,3711.0,-7.558644656820156,55.00000000000001,57.477777777777774,-12.149999999999991,25,0.0,20,17,10,72.0,High,Attendance; Assignment submission; Assessment performance; Performance decline,Priority outreach
STU002117,BIO,Biological Sciences,School of Sciences and Humanities,1,Active,80.0,10,89,3063.0,-0.11025358324144909,57.49999999999999,54.791666666666664,-17.55000000000001,10,0.0,20,25,10,65.0,High,Attendance; Assignment submission; Assessment performance; Performance decline,Priority outreach
STU002118,ECON,Economics,Graduate School of Business,3,Active,90.0,10,186,5748.0,-6.085430076067869,88.0,76.28,23.849999999999994,0,0.0,7,0,0,7.0,Low,Assignment submission,Routine monitoring
STU002119,PHYS,Physics,School of Sciences and Humanities,2,Active,76.0,10,138,3967.0,1.2027491408934756,56.00000000000001,56.980000000000004,-4.949999999999996,18,0.0,20,17,3,58.0,Moderate,Attendance; Assignment submission; Assessment performance; Performance decline,Review
STU002120,EE,Electrical Engineering,School of Engineering and Digital Sciences,3,Active,86.66666666666667,10,268,6946.0,-3.0316949931097845,90.0,70.1,8.799999999999997,10,0.0,0,8,0,18.0,Low,Attendance; Assessment performance,Routine monitoring
STU002121,ECON,Economics,Graduate School of Business,2,Active,78.33333333333333,10,136,4657.0,2.749638205499268,61.66666666666667,63.266666666666666,-9.449999999999996,18,0.0,14,17,6,55.0,Moderate,Attendance; Assignment submission; Assessment performance; Performance decline,Review
STU002122,PSIR,Political Science and International Relations,School of Sciences and Humanities,2,Active,92.0,10,234,6395.0,-10.004786979415998,84.0,73.05333333333333,-20.650000000000006,0,0.0,7,8,10,25.0,Low,Assignment submission; Assessment performance; Performance decline,Routine monitoring
STU002123,CHEM,Chemistry,School of Sciences and Humanities,1,Active,82.0,10,129,3624.0,10.480769230769225,57.99999999999999,66.32666666666667,-9.700000000000003,10,0.0,20,8,6,44.0,Moderate,Attendance; Assignment submission; Assessment performance; Performance decline,Review
STU002124,EE,Electrical Engineering,School of Engineering and Digital Sciences,1,Active,66.66666666666667,10,134,3480.0,-29.0088638195004,48.333333333333336,70.87222222222222,-1.5999999999999943,25,5.0,20,8,3,61.0,High,Attendance; LMS engagement; Assignment submission; Assessment performance; Performance decline,Priority outreach
STU002125,ME,Mechanical Engineering,School of Engineering and Digital Sciences,3,Active,87.5,10,149,3639.0,-15.206185567010309,60.0,64.73333333333333,-11.75,10,5.0,14,17,10,56.0,Moderate,Attendance; LMS engagement; Assignment submission; Assessment performance; Performance decline,Review
STU002126,PSIR,Political Science and International Relations,School of Sciences and Humanities,1,Active,61.66666666666667,10,142,3566.0,-14.808510638297873,55.00000000000001,66.6888888888889,-21.849999999999994,25,0.0,20,8,10,63.0,High,Attendance; Assignment submission; Assessment performance; Performance decline,Priority outreach
STU002127,CHEM,Chemistry,School of Sciences and Humanities,4,Active,92.5,10,165,4622.0,-2.7445460942997886,75.0,64.11666666666666,-6.25,0,0.0,7,17,6,30.0,Moderate,Assignment submission; Assessment performance; Performance decline,Review
STU002128,ME,Mechanical Engineering,School of Engineering and Digital Sciences,1,Active,77.5,10,139,3360.0,3.3648790746582606,52.5,54.89166666666667,7.105427357601002e-15,18,0.0,20,25,0,63.0,High,Attendance; Assignment submission; Assessment performance,Priority outreach
STU002129,BIO,Biological Sciences,School of Sciences and Humanities,1,Active,82.5,10,143,4044.0,5.877192982456135,82.5,79.73333333333333,-10.449999999999989,10,0.0,7,0,10,27.0,Low,Attendance; Assignment submission; Performance decline,Routine monitoring
STU002130,PSIR,Political Science and International Relations,School of Sciences and Humanities,1,Active,74.0,10,113,3109.0,-28.786359077231694,57.99999999999999,67.10666666666667,8.049999999999997,18,5.0,20,8,0,51.0,Moderate,Attendance; LMS engagement; Assignment submission; Assessment performance,Review
STU002131,ME,Mechanical Engineering,School of Engineering and Digital Sciences,3,Active,62.0,10,84,2102.0,-4.625199362041463,44.0,52.42666666666666,-1.0,25,0.0,20,25,3,73.0,High,Attendance; Assignment submission; Assessment performance; Performance decline,Priority outreach
STU002132,CHEM,Chemistry,School of Sciences and Humanities,4,Active,82.0,10,191,5149.0,-0.797872340425532,74.0,66.15333333333334,-2.250000000000014,10,0.0,14,8,3,35.0,Moderate,Attendance; Assignment submission; Assessment performance; Performance decline,Review
STU002133,PHYS,Physics,School of Sciences and Humanities,4,Active,75.0,10,56,1480.0,45.87912087912088,37.5,48.525,-7.100000000000001,18,0.0,20,25,6,69.0,High,Attendance; Assignment submission; Assessment performance; Performance decline,Priority outreach
STU002134,BIO,Biological Sciences,School of Sciences and Humanities,2,Active,82.5,10,158,4540.0,-1.7921146953404978,77.5,65.925,-2.8499999999999943,10,0.0,7,8,3,28.0,Low,Attendance; Assignment submission; Assessment performance; Performance decline,Routine monitoring
STU002135,AI,Artificial Intelligence,School of Engineering and Digital Sciences,2,Active,98.0,10,225,5630.0,-11.705685618729097,78.0,84.61999999999999,-4.299999999999997,0,0.0,7,0,3,10.0,Low,Assignment submission; Performance decline,Routine monitoring
STU002136,BIO,Biological Sciences,School of Sciences and Humanities,2,Active,75.0,10,215,4990.0,-7.821590174531348,73.33333333333333,69.33333333333333,-10.950000000000003,18,0.0,14,8,10,50.0,Moderate,Attendance; Assignment submission; Assessment performance; Performance decline,Review
STU002137,PSIR,Political Science and International Relations,School of Sciences and Humanities,2,Active,92.5,10,119,4002.0,16.961789375582466,75.0,68.68333333333334,-10.299999999999997,0,0.0,7,8,10,25.0,Low,Assignment submission; Assessment performance; Performance decline,Routine monitoring
STU002138,FIN,Finance,Graduate School of Business,1,Active,88.0,10,221,5839.0,7.010428736964065,84.0,74.1,0.29999999999999716,10,0.0,7,8,0,25.0,Low,Attendance; Assignment submission; Assessment performance,Routine monitoring
STU002139,CE,Civil Engineering,School of Mining and Geosciences,1,Active,75.0,10,99,2786.0,3.768506056527595,70.0,62.333333333333336,0.30000000000001137,18,0.0,14,17,0,49.0,Moderate,Attendance; Assignment submission; Assessment performance,Review
STU002140,CS,Computer Science,School of Engineering and Digital Sciences,4,Active,82.0,10,156,4380.0,-11.61578555472822,60.0,65.8,1.7999999999999972,10,0.0,14,8,0,32.0,Moderate,Attendance; Assignment submission; Assessment performance,Review
STU002141,PHYS,Physics,School of Sciences and Humanities,1,Active,78.33333333333333,10,118,3510.0,-16.10859728506787,61.66666666666667,60.388888888888886,-18.25,18,5.0,14,17,10,64.0,High,Attendance; LMS engagement; Assignment submission; Assessment performance; Performance decline,Priority outreach
STU002142,CE,Civil Engineering,School of Mining and Geosciences,3,Active,67.5,10,37,1044.0,-13.2716049382716,52.5,46.49166666666667,-1.4000000000000057,25,0.0,20,25,3,73.0,High,Attendance; Assignment submission; Assessment performance; Performance decline,Priority outreach
STU002143,ECON,Economics,Graduate School of Business,2,Active,98.33333333333333,10,289,7798.0,-5.592105263157886,93.33333333333333,80.82222222222222,2.4499999999999886,0,0.0,0,0,0,0.0,Low,No material signal,Routine monitoring
STU002144,FIN,Finance,Graduate School of Business,3,Active,82.5,10,151,4218.0,5.371900826446286,90.0,73.35833333333333,-0.30000000000001137,10,0.0,0,8,3,21.0,Low,Attendance; Assessment performance; Performance decline,Routine monitoring
STU002145,SOCI,Sociology,School of Sciences and Humanities,2,Active,82.5,10,125,3893.0,-13.419563459983827,77.5,60.574999999999996,-10.899999999999999,10,0.0,7,17,10,44.0,Moderate,Attendance; Assignment submission; Assessment performance; Performance decline,Review
STU002146,EE,Electrical Engineering,School of Engineering and Digital Sciences,1,Active,92.0,10,172,5087.0,5.4,88.0,72.92666666666668,-9.0,0,0.0,7,8,6,21.0,Low,Assignment submission; Assessment performance; Performance decline,Routine monitoring
STU002147,CS,Computer Science,School of Engineering and Digital Sciences,3,Active,83.33333333333334,10,192,5476.0,-12.162162162162163,68.33333333333333,64.5,-22.60000000000001,10,0.0,14,17,10,51.0,Moderate,Attendance; Assignment submission; Assessment performance; Performance decline,Review
STU002148,AI,Artificial Intelligence,School of Engineering and Digital Sciences,4,Active,82.0,10,199,5597.0,0.8269344359125744,86.0,73.32,9.25,10,0.0,7,8,0,25.0,Low,Attendance; Assignment submission; Assessment performance,Routine monitoring
STU002149,PHYS,Physics,School of Sciences and Humanities,2,Active,90.0,10,245,6030.0,-8.673469387755112,80.0,66.4,7.700000000000003,0,0.0,7,8,0,15.0,Low,Assignment submission; Assessment performance,Routine monitoring
STU002150,AI,Artificial Intelligence,School of Engineering and Digital Sciences,1,Active,85.0,10,220,5892.0,-0.4640371229698311,75.0,73.14444444444445,-12.150000000000006,10,0.0,7,8,10,35.0,Moderate,Attendance; Assignment submission; Assessment performance; Performance decline,Review
STU002151,ECON,Economics,Graduate School of Business,4,Active,82.5,10,139,4274.0,-1.9394879751745628,72.5,61.74166666666667,-6.700000000000003,10,0.0,14,17,6,47.0,Moderate,Attendance; Assignment submission; Assessment performance; Performance decline,Review
STU002152,PHYS,Physics,School of Sciences and Humanities,2,Active,82.5,10,115,3321.0,-6.666666666666672,70.0,67.27499999999999,-9.299999999999997,10,0.0,14,8,6,38.0,Moderate,Attendance; Assignment submission; Assessment performance; Performance decline,Review
STU002153,ECON,Economics,Graduate School of Business,2,Active,80.0,10,115,3871.0,-6.754385964912285,77.5,72.11666666666666,3.799999999999997,10,0.0,7,8,0,25.0,Low,Attendance; Assignment submission; Assessment performance,Routine monitoring
STU002154,FIN,Finance,Graduate School of Business,3,Active,88.33333333333333,10,200,6433.0,0.6749740394600268,81.66666666666667,59.916666666666664,3.8500000000000014,10,0.0,7,17,0,34.0,Moderate,Attendance; Assignment submission; Assessment performance,Review
STU002155,FIN,Finance,Graduate School of Business,3,Active,90.0,10,231,6285.0,8.16901408450705,86.66666666666667,79.39444444444445,-8.500000000000014,0,0.0,7,0,6,13.0,Low,Assignment submission; Performance decline,Routine monitoring
STU002156,PSIR,Political Science and International Relations,School of Sciences and Humanities,4,Active,76.0,10,126,3724.0,1.2152777777777826,66.0,68.23333333333333,-29.75,18,0.0,14,8,10,50.0,Moderate,Attendance; Assignment submission; Assessment performance; Performance decline,Review
STU002157,ECON,Economics,Graduate School of Business,3,Active,90.0,10,148,3851.0,1.1690647482014336,72.5,71.21666666666665,12.150000000000006,0,0.0,14,8,0,22.0,Low,Assignment submission; Assessment performance,Routine monitoring
STU002158,SOCI,Sociology,School of Sciences and Humanities,1,Active,98.0,10,228,6910.0,9.392265193370172,98.0,82.4,-1.700000000000017,0,0.0,0,0,3,3.0,Low,Performance decline,Routine monitoring
STU002159,ME,Mechanical Engineering,School of Engineering and Digital Sciences,4,Active,76.0,10,146,3763.0,-7.743547044129892,70.0,58.666666666666664,-9.049999999999997,18,0.0,14,17,6,55.0,Moderate,Attendance; Assignment submission; Assessment performance; Performance decline,Review
STU002160,AI,Artificial Intelligence,School of Engineering and Digital Sciences,2,Active,82.0,10,170,5015.0,10.600706713780907,82.0,74.52666666666667,12.049999999999997,10,0.0,7,8,0,25.0,Low,Attendance; Assignment submission; Assessment performance,Routine monitoring
STU002161,FIN,Finance,Graduate School of Business,2,Active,100.0,10,273,7677.0,-8.035714285714286,95.0,78.32222222222222,-21.94999999999999,0,0.0,0,0,10,10.0,Low,Performance decline,Routine monitoring
STU002162,PHYS,Physics,School of Sciences and Humanities,4,Active,76.0,10,136,3180.0,-30.536912751677846,62.0,56.50666666666667,3.1999999999999957,18,9.0,14,17,0,58.0,Moderate,Attendance; LMS engagement; Assignment submission; Assessment performance,Review
STU002163,CHEM,Chemistry,School of Sciences and Humanities,2,Active,80.0,10,180,4877.0,-23.425692695214114,68.33333333333333,60.38333333333334,6.3999999999999915,10,5.0,14,17,0,46.0,Moderate,Attendance; LMS engagement; Assignment submission; Assessment performance,Review
STU002164,FIN,Finance,Graduate School of Business,1,Active,77.5,10,128,3959.0,-14.991896272285244,72.5,66.05,-10.699999999999989,18,0.0,14,8,10,50.0,Moderate,Attendance; Assignment submission; Assessment performance; Performance decline,Review
STU002165,CHEM,Chemistry,School of Sciences and Humanities,4,Active,66.66666666666667,10,135,2910.0,-9.022556390977444,56.666666666666664,48.71111111111111,-15.899999999999999,25,0.0,20,25,10,80.0,Critical,Attendance; Assignment submission; Assessment performance; Performance decline,Urgent review
STU002166,AI,Artificial Intelligence,School of Engineering and Digital Sciences,4,Active,85.0,10,134,3926.0,-4.462151394422302,90.0,60.03333333333333,-2.9000000000000057,10,0.0,0,17,3,30.0,Moderate,Attendance; Assessment performance; Performance decline,Review
STU002167,FIN,Finance,Graduate School of Business,3,Active,70.0,10,216,5827.0,-4.736562001064408,75.0,61.522222222222226,5.549999999999997,18,0.0,7,17,0,42.0,Moderate,Attendance; Assignment submission; Assessment performance,Review
STU002168,BIO,Biological Sciences,School of Sciences and Humanities,1,Active,94.0,10,236,6861.0,-1.965484180249292,100.0,87.9,7.5,0,0.0,0,0,0,0.0,Low,No material signal,Routine monitoring
STU002169,FIN,Finance,Graduate School of Business,3,Active,84.0,10,203,4818.0,2.624495289367429,72.0,68.56,-10.850000000000009,10,0.0,14,8,10,42.0,Moderate,Attendance; Assignment submission; Assessment performance; Performance decline,Review
STU002170,PSIR,Political Science and International Relations,School of Sciences and Humanities,2,Active,97.5,10,168,5116.0,6.896551724137923,85.0,71.84166666666667,-2.0999999999999943,0,0.0,7,8,3,18.0,Low,Assignment submission; Assessment performance; Performance decline,Routine monitoring
STU002171,BIO,Biological Sciences,School of Sciences and Humanities,2,Active,82.0,10,161,4927.0,-11.852776044915789,70.0,71.11999999999999,-9.899999999999991,10,0.0,14,8,6,38.0,Moderate,Attendance; Assignment submission; Assessment performance; Performance decline,Review
STU002172,SOCI,Sociology,School of Sciences and Humanities,1,Active,88.33333333333333,10,202,6376.0,-2.3759239704329462,73.33333333333333,75.3,-6.800000000000011,10,0.0,14,0,6,30.0,Moderate,Attendance; Assignment submission; Performance decline,Review
STU002173,CHEM,Chemistry,School of Sciences and Humanities,2,Active,56.00000000000001,10,112,3150.0,0.6263048016701461,57.99999999999999,59.78666666666666,-21.249999999999986,25,0.0,20,17,10,72.0,High,Attendance; Assignment submission; Assessment performance; Performance decline,Priority outreach
STU002174,PHYS,Physics,School of Sciences and Humanities,2,Active,73.33333333333334,10,196,5372.0,-15.019115237575106,76.66666666666667,69.27777777777777,-5.650000000000006,18,5.0,7,8,6,44.0,Moderate,Attendance; LMS engagement; Assignment submission; Assessment performance; Performance decline,Review
STU002175,SOCI,Sociology,School of Sciences and Humanities,4,Active,81.66666666666667,10,192,5937.0,-15.845824411134899,85.0,65.47777777777777,-10.899999999999991,10,5.0,7,8,10,40.0,Moderate,Attendance; LMS engagement; Assignment submission; Assessment performance; Performance decline,Review
STU002176,AI,Artificial Intelligence,School of Engineering and Digital Sciences,4,Active,80.0,10,228,6470.0,1.5825914935707164,73.33333333333333,75.27222222222223,13.700000000000003,10,0.0,14,0,0,24.0,Low,Attendance; Assignment submission,Routine monitoring
STU002177,EE,Electrical Engineering,School of Engineering and Digital Sciences,1,Active,90.0,10,134,4251.0,-3.65296803652968,72.5,64.33333333333333,0.75,0,0.0,14,17,0,31.0,Moderate,Assignment submission; Assessment performance,Review
STU002178,PSIR,Political Science and International Relations,School of Sciences and Humanities,3,Active,72.5,10,107,3566.0,6.841046277666002,70.0,70.94166666666666,2.299999999999997,18,0.0,14,8,0,40.0,Moderate,Attendance; Assignment submission; Assessment performance,Review
STU002179,PSIR,Political Science and International Relations,School of Sciences and Humanities,4,Active,75.0,10,122,3045.0,-8.120649651972151,82.5,66.55,-9.199999999999989,18,0.0,7,8,6,39.0,Moderate,Attendance; Assignment submission; Assessment performance; Performance decline,Review
STU002180,BIO,Biological Sciences,School of Sciences and Humanities,1,Active,82.5,10,143,4512.0,1.948051948051948,90.0,64.95833333333333,-22.500000000000007,10,0.0,0,17,10,37.0,Moderate,Attendance; Assessment performance; Performance decline,Review
STU002181,AI,Artificial Intelligence,School of Engineering and Digital Sciences,4,Active,94.0,10,177,5837.0,-11.431805319750996,84.0,66.66,2.6499999999999915,0,0.0,7,8,0,15.0,Low,Assignment submission; Assessment performance,Routine monitoring
STU002182,PHYS,Physics,School of Sciences and Humanities,4,Active,90.0,10,130,4122.0,-4.3681747269890705,72.5,67.73333333333333,-15.100000000000009,0,0.0,14,8,10,32.0,Moderate,Assignment submission; Assessment performance; Performance decline,Review
STU002183,AI,Artificial Intelligence,School of Engineering and Digital Sciences,4,Active,78.0,10,150,4566.0,-1.9780219780219779,60.0,68.61333333333333,6.700000000000003,18,0.0,14,8,0,40.0,Moderate,Attendance; Assignment submission; Assessment performance,Review
STU002184,BIO,Biological Sciences,School of Sciences and Humanities,4,Active,80.0,10,173,4129.0,-14.523449319213313,64.0,47.08666666666667,-6.799999999999997,10,0.0,14,25,6,55.0,Moderate,Attendance; Assignment submission; Assessment performance; Performance decline,Review
STU002185,ECON,Economics,Graduate School of Business,3,Active,96.66666666666667,10,283,8109.0,-7.800862406899259,93.33333333333333,68.77222222222221,3.6999999999999886,0,0.0,0,8,0,8.0,Low,Assessment performance,Routine monitoring
STU002186,CS,Computer Science,School of Engineering and Digital Sciences,2,Active,86.66666666666667,10,230,6274.0,-7.021166752710366,78.33333333333333,65.76666666666667,1.8999999999999915,10,0.0,7,8,0,25.0,Low,Attendance; Assignment submission; Assessment performance,Routine monitoring
STU002187,CS,Computer Science,School of Engineering and Digital Sciences,3,Active,80.0,10,111,3644.0,2.662993572084486,65.0,72.21666666666667,-5.400000000000006,10,0.0,14,8,6,38.0,Moderate,Attendance; Assignment submission; Assessment performance; Performance decline,Review
STU002188,CS,Computer Science,School of Engineering and Digital Sciences,1,Active,70.0,10,138,3674.0,-26.295133437990586,55.00000000000001,69.74444444444445,12.749999999999986,18,5.0,20,8,0,51.0,Moderate,Attendance; LMS engagement; Assignment submission; Assessment performance,Review
STU002189,AI,Artificial Intelligence,School of Engineering and Digital Sciences,3,Active,82.0,10,159,4874.0,-4.592901878914405,78.0,63.7,3.4499999999999886,10,0.0,7,17,0,34.0,Moderate,Attendance; Assignment submission; Assessment performance,Review
STU002190,CS,Computer Science,School of Engineering and Digital Sciences,3,Active,80.0,10,201,5012.0,-1.7379679144385065,68.0,77.21333333333334,-2.6999999999999886,10,0.0,14,0,3,27.0,Low,Attendance; Assignment submission; Performance decline,Routine monitoring
STU002191,ME,Mechanical Engineering,School of Engineering and Digital Sciences,4,Active,86.0,10,201,5653.0,2.380952380952381,88.0,68.72666666666667,18.049999999999983,10,0.0,7,8,0,25.0,Low,Attendance; Assignment submission; Assessment performance,Routine monitoring
STU002192,AI,Artificial Intelligence,School of Engineering and Digital Sciences,4,Active,78.0,10,134,3348.0,-15.79448144624167,60.0,71.45333333333333,7.25,18,5.0,14,8,0,45.0,Moderate,Attendance; LMS engagement; Assignment submission; Assessment performance,Review
STU002193,SOCI,Sociology,School of Sciences and Humanities,2,Active,68.0,10,130,3229.0,-26.654898499558698,54.0,63.04,-15.949999999999996,25,5.0,20,17,10,77.0,High,Attendance; LMS engagement; Assignment submission; Assessment performance; Performance decline,Priority outreach
STU002194,PSIR,Political Science and International Relations,School of Sciences and Humanities,2,Active,96.66666666666667,10,277,7919.0,-5.687777329568374,90.0,72.07777777777778,-5.050000000000004,0,0.0,0,8,6,14.0,Low,Assessment performance; Performance decline,Routine monitoring
STU002195,PSIR,Political Science and International Relations,School of Sciences and Humanities,3,Active,68.33333333333333,10,111,3290.0,-29.519650655021838,40.0,56.72222222222222,15.100000000000009,25,5.0,20,17,0,67.0,High,Attendance; LMS engagement; Assignment submission; Assessment performance,Priority outreach
STU002196,EE,Electrical Engineering,School of Engineering and Digital Sciences,2,Active,93.33333333333333,10,238,6250.0,-13.776846516500797,78.33333333333333,73.78333333333333,2.5,0,0.0,7,8,0,15.0,Low,Assignment submission; Assessment performance,Routine monitoring
STU002197,EE,Electrical Engineering,School of Engineering and Digital Sciences,3,Active,77.5,10,135,4053.0,9.94809688581316,80.0,75.06666666666666,0.2499999999999858,18,0.0,7,0,0,25.0,Low,Attendance; Assignment submission,Routine monitoring
STU002198,PSIR,Political Science and International Relations,School of Sciences and Humanities,1,Active,80.0,10,110,3196.0,12.160694896851243,55.00000000000001,70.61666666666666,-10.649999999999991,10,0.0,20,8,10,48.0,Moderate,Attendance; Assignment submission; Assessment performance; Performance decline,Review
STU002199,CE,Civil Engineering,School of Mining and Geosciences,1,Active,68.33333333333333,10,136,2984.0,-18.429661941112325,45.0,59.08888888888888,-0.10000000000000853,25,5.0,20,17,3,70.0,High,Attendance; LMS engagement; Assignment submission; Assessment performance; Performance decline,Priority outreach
STU002200,CE,Civil Engineering,School of Mining and Geosciences,4,Active,63.33333333333333,10,130,2624.0,-10.90269636576787,45.0,51.12222222222223,-5.549999999999997,25,0.0,20,25,6,76.0,High,Attendance; Assignment submission; Assessment performance; Performance decline,Priority outreach
STU002201,FIN,Finance,Graduate School of Business,2,Active,75.0,10,135,4457.0,-7.153614457831329,77.5,64.46666666666667,7.0,18,0.0,7,17,0,42.0,Moderate,Attendance; Assignment submission; Assessment performance,Review
STU002202,EE,Electrical Engineering,School of Engineering and Digital Sciences,1,Active,66.66666666666667,10,157,4088.0,-4.68497576736673,53.333333333333336,65.81666666666666,-2.6999999999999886,25,0.0,20,8,3,56.0,Moderate,Attendance; Assignment submission; Assessment performance; Performance decline,Review
STU002203,CE,Civil Engineering,School of Mining and Geosciences,2,Active,65.99999999999999,10,86,2974.0,-15.360824742268031,46.0,55.16,14.149999999999999,25,5.0,20,17,0,67.0,High,Attendance; LMS engagement; Assignment submission; Assessment performance,Priority outreach
STU002204,PSIR,Political Science and International Relations,School of Sciences and Humanities,2,Active,83.33333333333334,10,206,5507.0,8.604206500956023,60.0,66.05000000000001,6.400000000000006,10,0.0,14,8,0,32.0,Moderate,Attendance; Assignment submission; Assessment performance,Review
STU002205,AI,Artificial Intelligence,School of Engineering and Digital Sciences,2,Active,83.33333333333334,10,224,6248.0,10.616438356164384,75.0,73.69999999999999,-8.800000000000011,10,0.0,7,8,6,31.0,Moderate,Attendance; Assignment submission; Assessment performance; Performance decline,Review
STU002206,CE,Civil Engineering,School of Mining and Geosciences,4,Active,73.33333333333334,10,162,4618.0,9.401709401709402,75.0,65.92777777777778,4.950000000000003,18,0.0,7,8,0,33.0,Moderate,Attendance; Assignment submission; Assessment performance,Review
STU002207,AI,Artificial Intelligence,School of Engineering and Digital Sciences,4,Active,74.0,10,163,4912.0,15.495086923658347,80.0,60.11333333333334,-21.0,18,0.0,7,17,10,52.0,Moderate,Attendance; Assignment submission; Assessment performance; Performance decline,Review
STU002208,SOCI,Sociology,School of Sciences and Humanities,4,Active,100.0,10,181,4784.0,0.6788866259334653,87.5,79.25,-7.6499999999999915,0,0.0,7,0,6,13.0,Low,Assignment submission; Performance decline,Routine monitoring
STU002209,CHEM,Chemistry,School of Sciences and Humanities,1,Active,73.33333333333334,10,85,2238.0,-42.33576642335766,45.0,56.605555555555554,-7.5,18,9.0,20,17,6,70.0,High,Attendance; LMS engagement; Assignment submission; Assessment performance; Performance decline,Priority outreach
STU002210,PSIR,Political Science and International Relations,School of Sciences and Humanities,3,Active,86.0,10,197,5716.0,6.160287081339699,74.0,73.8,4.849999999999994,10,0.0,14,8,0,32.0,Moderate,Attendance; Assignment submission; Assessment performance,Review
STU002211,PHYS,Physics,School of Sciences and Humanities,4,Active,83.33333333333334,10,232,6479.0,4.238197424892691,81.66666666666667,74.86111111111111,6.700000000000003,10,0.0,7,8,0,25.0,Low,Attendance; Assignment submission; Assessment performance,Routine monitoring
STU002212,PSIR,Political Science and International Relations,School of Sciences and Humanities,3,Active,84.0,10,160,4935.0,-9.079754601227,72.0,68.56666666666666,-2.950000000000003,10,0.0,14,8,3,35.0,Moderate,Attendance; Assignment submission; Assessment performance; Performance decline,Review
STU002213,ME,Mechanical Engineering,School of Engineering and Digital Sciences,1,Active,86.66666666666667,10,259,6678.0,3.9460020768432047,81.66666666666667,68.8111111111111,-12.25,10,0.0,7,8,10,35.0,Moderate,Attendance; Assignment submission; Assessment performance; Performance decline,Review
STU002214,PHYS,Physics,School of Sciences and Humanities,2,Active,65.0,10,123,3207.0,8.555555555555562,52.5,75.25,-14.349999999999994,25,0.0,20,0,10,55.0,Moderate,Attendance; Assignment submission; Performance decline,Review
STU002215,ME,Mechanical Engineering,School of Engineering and Digital Sciences,3,Active,91.66666666666666,10,230,6404.0,-13.297083539298082,93.33333333333333,82.03333333333333,11.0,0,0.0,0,0,0,0.0,Low,No material signal,Routine monitoring
STU002216,CE,Civil Engineering,School of Mining and Geosciences,1,Active,88.33333333333333,10,229,6983.0,13.773681515616994,80.0,69.69444444444444,22.30000000000001,10,0.0,7,8,0,25.0,Low,Attendance; Assignment submission; Assessment performance,Routine monitoring
STU002217,CS,Computer Science,School of Engineering and Digital Sciences,2,Active,90.0,10,207,6056.0,-9.61945031712473,86.0,78.46666666666667,-0.8499999999999943,0,0.0,7,0,3,10.0,Low,Assignment submission; Performance decline,Routine monitoring
STU002218,AI,Artificial Intelligence,School of Engineering and Digital Sciences,2,Active,85.0,10,186,5250.0,-5.217391304347826,66.66666666666666,71.53333333333333,-1.2000000000000028,10,0.0,14,8,3,35.0,Moderate,Attendance; Assignment submission; Assessment performance; Performance decline,Review
STU002219,SOCI,Sociology,School of Sciences and Humanities,4,Active,83.33333333333334,10,237,6150.0,4.943820224719088,75.0,72.09444444444445,-10.25,10,0.0,7,8,10,35.0,Moderate,Attendance; Assignment submission; Assessment performance; Performance decline,Review
STU002220,ME,Mechanical Engineering,School of Engineering and Digital Sciences,2,Active,87.5,10,131,3147.0,-9.67741935483871,70.0,58.03333333333333,-22.30000000000001,10,0.0,14,17,10,51.0,Moderate,Attendance; Assignment submission; Assessment performance; Performance decline,Review
STU002221,FIN,Finance,Graduate School of Business,1,Active,90.0,10,177,4782.0,15.274642588412343,92.5,77.65833333333333,2.8000000000000114,0,0.0,0,0,0,0.0,Low,No material signal,Routine monitoring
STU002222,BIO,Biological Sciences,School of Sciences and Humanities,4,Active,75.0,10,123,3236.0,-18.112488083889428,67.5,64.675,-13.799999999999997,18,5.0,14,17,10,64.0,High,Attendance; LMS engagement; Assignment submission; Assessment performance; Performance decline,Priority outreach
STU002223,CE,Civil Engineering,School of Mining and Geosciences,2,Active,87.5,10,162,4871.0,-12.435567010309285,87.5,77.30833333333334,0.3499999999999943,10,0.0,7,0,0,17.0,Low,Attendance; Assignment submission,Routine monitoring
STU002224,PHYS,Physics,School of Sciences and Humanities,1,Active,91.66666666666666,10,213,6796.0,-5.125815470643067,81.66666666666667,79.04444444444444,-10.950000000000003,0,0.0,7,0,10,17.0,Low,Assignment submission; Performance decline,Routine monitoring
STU002225,ME,Mechanical Engineering,School of Engineering and Digital Sciences,4,Active,90.0,10,150,4790.0,17.378048780487816,87.5,68.79166666666667,-11.449999999999996,0,0.0,7,8,10,25.0,Low,Assignment submission; Assessment performance; Performance decline,Routine monitoring
STU002226,ECON,Economics,Graduate School of Business,3,Active,85.0,10,106,3056.0,0.9564293304994685,65.0,60.125,0.6000000000000014,10,0.0,14,17,0,41.0,Moderate,Attendance; Assignment submission; Assessment performance,Review
STU002227,EE,Electrical Engineering,School of Engineering and Digital Sciences,3,Active,75.0,10,128,4192.0,6.8849706129303065,48.333333333333336,64.71666666666667,-3.5999999999999943,18,0.0,20,17,3,58.0,Moderate,Attendance; Assignment submission; Assessment performance; Performance decline,Review
STU002228,BIO,Biological Sciences,School of Sciences and Humanities,1,Active,60.0,10,113,2634.0,-11.962224554039873,65.0,57.43333333333334,-15.79999999999999,25,0.0,14,17,10,66.0,High,Attendance; Assignment submission; Assessment performance; Performance decline,Priority outreach
STU002229,CHEM,Chemistry,School of Sciences and Humanities,4,Active,80.0,10,186,5058.0,2.2818791946308687,58.333333333333336,73.13888888888889,-3.8500000000000085,10,0.0,20,8,3,41.0,Moderate,Attendance; Assignment submission; Assessment performance; Performance decline,Review
STU002230,ECON,Economics,Graduate School of Business,4,Active,75.0,10,147,3466.0,15.578947368421044,67.5,59.30833333333334,-2.25,18,0.0,14,17,3,52.0,Moderate,Attendance; Assignment submission; Assessment performance; Performance decline,Review
STU002231,EE,Electrical Engineering,School of Engineering and Digital Sciences,1,Active,76.0,10,133,3948.0,-7.823960880195599,68.0,73.85333333333332,-4.549999999999997,18,0.0,14,8,3,43.0,Moderate,Attendance; Assignment submission; Assessment performance; Performance decline,Review
STU002232,CS,Computer Science,School of Engineering and Digital Sciences,1,Active,88.33333333333333,10,206,5996.0,-9.615384615384617,75.0,65.37222222222222,-9.5,10,0.0,7,8,6,31.0,Moderate,Attendance; Assignment submission; Assessment performance; Performance decline,Review
STU002233,EE,Electrical Engineering,School of Engineering and Digital Sciences,1,Active,80.0,10,118,3108.0,-19.307832422586525,57.49999999999999,55.666666666666664,-12.450000000000003,10,5.0,20,17,10,62.0,High,Attendance; LMS engagement; Assignment submission; Assessment performance; Performance decline,Priority outreach
STU002234,ME,Mechanical Engineering,School of Engineering and Digital Sciences,2,Active,85.0,10,170,4644.0,1.4726507713884995,75.0,69.77499999999999,-11.649999999999991,10,0.0,7,8,10,35.0,Moderate,Attendance; Assignment submission; Assessment performance; Performance decline,Review
STU002235,CE,Civil Engineering,School of Mining and Geosciences,3,Active,88.0,10,189,5199.0,3.516624040920701,78.0,77.98666666666666,-8.299999999999997,10,0.0,7,0,6,23.0,Low,Attendance; Assignment submission; Performance decline,Routine monitoring
STU002236,CS,Computer Science,School of Engineering and Digital Sciences,2,Active,96.0,10,215,6385.0,-1.5962924819773487,94.0,78.96000000000001,-1.2499999999999858,0,0.0,0,0,3,3.0,Low,Performance decline,Routine monitoring
STU002237,ECON,Economics,Graduate School of Business,3,Active,96.0,10,226,6282.0,-11.116883116883105,90.0,76.7,-13.450000000000003,0,0.0,0,0,10,10.0,Low,Performance decline,Routine monitoring
STU002238,ME,Mechanical Engineering,School of Engineering and Digital Sciences,4,Active,95.0,10,143,4853.0,4.129387474191328,77.5,75.01666666666667,-13.5,0,0.0,7,0,10,17.0,Low,Assignment submission; Performance decline,Routine monitoring
STU002239,EE,Electrical Engineering,School of Engineering and Digital Sciences,4,Active,84.0,10,193,5366.0,-13.56635071090047,70.0,72.07333333333332,-6.049999999999983,10,0.0,14,8,6,38.0,Moderate,Attendance; Assignment submission; Assessment performance; Performance decline,Review
STU002240,ME,Mechanical Engineering,School of Engineering and Digital Sciences,4,Active,84.0,10,147,4999.0,3.2907991940899897,76.0,64.04,-20.999999999999993,10,0.0,7,17,10,44.0,Moderate,Attendance; Assignment submission; Assessment performance; Performance decline,Review
STU002241,CHEM,Chemistry,School of Sciences and Humanities,1,Active,85.0,10,139,4086.0,0.9482758620689556,72.5,61.03333333333333,-5.200000000000003,10,0.0,14,17,6,47.0,Moderate,Attendance; Assignment submission; Assessment performance; Performance decline,Review
STU002242,PHYS,Physics,School of Sciences and Humanities,3,Active,72.0,10,167,4361.0,-9.538461538461535,72.0,61.28,0.6000000000000014,18,0.0,14,17,0,49.0,Moderate,Attendance; Assignment submission; Assessment performance,Review
STU002243,EE,Electrical Engineering,School of Engineering and Digital Sciences,3,Active,77.5,10,130,3753.0,-4.887820512820508,87.5,63.449999999999996,-1.0499999999999972,18,0.0,7,17,3,45.0,Moderate,Attendance; Assignment submission; Assessment performance; Performance decline,Review
STU002244,ME,Mechanical Engineering,School of Engineering and Digital Sciences,1,Active,71.66666666666667,10,189,5294.0,-5.431309904153352,53.333333333333336,74.97777777777777,-1.1500000000000057,18,0.0,20,8,3,49.0,Moderate,Attendance; Assignment submission; Assessment performance; Performance decline,Review
STU002245,ME,Mechanical Engineering,School of Engineering and Digital Sciences,3,Active,85.0,10,137,4146.0,-2.5368248772504045,85.0,72.05833333333334,2.299999999999997,10,0.0,7,8,0,25.0,Low,Attendance; Assignment submission; Assessment performance,Routine monitoring
STU002246,ECON,Economics,Graduate School of Business,4,Active,75.0,10,84,2469.0,8.11965811965812,55.00000000000001,59.666666666666664,-6.199999999999996,18,0.0,20,17,6,61.0,High,Attendance; Assignment submission; Assessment performance; Performance decline,Priority outreach
STU002247,CHEM,Chemistry,School of Sciences and Humanities,3,Active,82.0,10,121,3883.0,-8.612040133779274,52.0,61.28666666666666,-2.0500000000000043,10,0.0,20,17,3,50.0,Moderate,Attendance; Assignment submission; Assessment performance; Performance decline,Review
STU002248,FIN,Finance,Graduate School of Business,1,Active,87.5,10,182,5046.0,-3.7589112119248287,90.0,70.97500000000001,-8.5,10,0.0,0,8,6,24.0,Low,Attendance; Assessment performance; Performance decline,Routine monitoring
STU002249,EE,Electrical Engineering,School of Engineering and Digital Sciences,2,Active,78.0,10,170,4834.0,-1.2987012987012987,64.0,68.78666666666666,12.049999999999997,18,0.0,14,8,0,40.0,Moderate,Attendance; Assignment submission; Assessment performance,Review
STU002250,CHEM,Chemistry,School of Sciences and Humanities,4,Active,65.99999999999999,10,107,2842.0,-15.555555555555554,52.0,63.7,4.899999999999999,25,5.0,20,17,0,67.0,High,Attendance; LMS engagement; Assignment submission; Assessment performance,Priority outreach
STU002251,BIO,Biological Sciences,School of Sciences and Humanities,1,Active,85.0,10,131,4243.0,-5.8176100628930865,80.0,65.01666666666667,11.399999999999991,10,0.0,7,8,0,25.0,Low,Attendance; Assignment submission; Assessment performance,Routine monitoring
STU002252,PHYS,Physics,School of Sciences and Humanities,3,Active,95.0,10,164,4496.0,1.1235955056179776,85.0,77.99166666666666,-4.6499999999999915,0,0.0,7,0,3,10.0,Low,Assignment submission; Performance decline,Routine monitoring
STU002253,BIO,Biological Sciences,School of Sciences and Humanities,2,Active,77.5,10,120,3927.0,-1.6835016835016883,75.0,75.93333333333332,-26.750000000000007,18,0.0,7,0,10,35.0,Moderate,Attendance; Assignment submission; Performance decline,Review
STU002254,AI,Artificial Intelligence,School of Engineering and Digital Sciences,4,Active,51.66666666666666,10,75,1863.0,25.800376647834273,36.666666666666664,46.02777777777778,-1.5500000000000043,25,0.0,20,25,3,73.0,High,Attendance; Assignment submission; Assessment performance; Performance decline,Priority outreach
STU002255,PSIR,Political Science and International Relations,School of Sciences and Humanities,4,Active,80.0,10,151,4721.0,-3.5446489434219455,82.5,75.78333333333333,-13.849999999999994,10,0.0,7,0,10,27.0,Low,Attendance; Assignment submission; Performance decline,Routine monitoring
STU002256,CS,Computer Science,School of Engineering and Digital Sciences,4,Active,70.0,10,97,2687.0,-14.725274725274714,54.0,68.93333333333334,-6.599999999999994,18,0.0,20,8,6,52.0,Moderate,Attendance; Assignment submission; Assessment performance; Performance decline,Review
STU002257,PSIR,Political Science and International Relations,School of Sciences and Humanities,2,Active,80.0,10,116,3790.0,-15.943312666076173,57.99999999999999,68.96666666666667,-20.200000000000003,10,5.0,20,8,10,53.0,Moderate,Attendance; LMS engagement; Assignment submission; Assessment performance; Performance decline,Review
STU002258,SOCI,Sociology,School of Sciences and Humanities,3,Active,81.66666666666667,10,131,3466.0,-34.414556962025316,58.333333333333336,59.00555555555555,1.9500000000000028,10,9.0,20,17,0,56.0,Moderate,Attendance; LMS engagement; Assignment submission; Assessment performance,Review
STU002259,ECON,Economics,Graduate School of Business,2,Active,87.5,10,114,3327.0,10.822060353798134,55.00000000000001,66.00833333333334,-4.75,10,0.0,20,8,3,41.0,Moderate,Attendance; Assignment submission; Assessment performance; Performance decline,Review
STU002260,CE,Civil Engineering,School of Mining and Geosciences,3,Active,91.66666666666666,10,234,7369.0,6.909607193563648,85.0,66.66111111111111,2.299999999999997,0,0.0,7,8,0,15.0,Low,Assignment submission; Assessment performance,Routine monitoring
STU002261,FIN,Finance,Graduate School of Business,3,Active,80.0,10,176,5017.0,-3.9647577092510913,66.0,64.9,-8.25,10,0.0,14,17,6,47.0,Moderate,Attendance; Assignment submission; Assessment performance; Performance decline,Review
STU002262,PSIR,Political Science and International Relations,School of Sciences and Humanities,4,Active,91.66666666666666,10,273,7571.0,1.590186278964118,78.33333333333333,73.08888888888889,-6.299999999999997,0,0.0,7,8,6,21.0,Low,Assignment submission; Assessment performance; Performance decline,Routine monitoring
STU002263,BIO,Biological Sciences,School of Sciences and Humanities,4,Active,78.33333333333333,10,178,4853.0,3.542234332425076,60.0,71.18333333333334,-10.100000000000009,18,0.0,14,8,10,50.0,Moderate,Attendance; Assignment submission; Assessment performance; Performance decline,Review
STU002264,CS,Computer Science,School of Engineering and Digital Sciences,2,Active,86.66666666666667,10,233,6281.0,14.017094017094017,78.33333333333333,66.37777777777778,-11.699999999999996,10,0.0,7,8,10,35.0,Moderate,Attendance; Assignment submission; Assessment performance; Performance decline,Review
STU002265,ME,Mechanical Engineering,School of Engineering and Digital Sciences,3,Active,80.0,10,153,4436.0,-9.217264081931235,80.0,73.45,3.3999999999999986,10,0.0,7,8,0,25.0,Low,Attendance; Assignment submission; Assessment performance,Routine monitoring
STU002266,CHEM,Chemistry,School of Sciences and Humanities,2,Active,70.0,10,157,4280.0,-31.653349723417335,55.00000000000001,73.77222222222223,-7.349999999999994,18,9.0,20,8,6,61.0,High,Attendance; LMS engagement; Assignment submission; Assessment performance; Performance decline,Priority outreach
STU002267,PSIR,Political Science and International Relations,School of Sciences and Humanities,1,Active,91.66666666666666,10,253,7401.0,13.73679154658982,83.33333333333334,77.76666666666667,-4.75,0,0.0,7,0,3,10.0,Low,Assignment submission; Performance decline,Routine monitoring
STU002268,EE,Electrical Engineering,School of Engineering and Digital Sciences,3,Active,86.0,10,199,5888.0,3.180011357183412,88.0,77.26666666666667,5.150000000000006,10,0.0,7,0,0,17.0,Low,Attendance; Assignment submission,Routine monitoring
STU002269,FIN,Finance,Graduate School of Business,2,Active,92.5,10,160,4569.0,0.14419610670512306,85.0,64.13333333333334,-35.400000000000006,0,0.0,7,17,10,34.0,Moderate,Assignment submission; Assessment performance; Performance decline,Review
STU002270,EE,Electrical Engineering,School of Engineering and Digital Sciences,2,Active,77.5,10,99,3071.0,-9.528688524590164,60.0,66.83333333333333,-7.5,18,0.0,14,8,6,46.0,Moderate,Attendance; Assignment submission; Assessment performance; Performance decline,Review
STU002271,AI,Artificial Intelligence,School of Engineering and Digital Sciences,1,Active,75.0,10,108,3013.0,-8.494623655913973,57.49999999999999,59.00833333333333,12.150000000000006,18,0.0,20,17,0,55.0,Moderate,Attendance; Assignment submission; Assessment performance,Review
STU002272,PSIR,Political Science and International Relations,School of Sciences and Humanities,4,Active,65.0,10,110,3649.0,-9.857978279030906,60.0,68.39166666666667,-2.5999999999999943,25,0.0,14,8,3,50.0,Moderate,Attendance; Assignment submission; Assessment performance; Performance decline,Review
STU002273,PSIR,Political Science and International Relations,School of Sciences and Humanities,2,Active,90.0,10,199,4918.0,-17.388613861386133,64.0,72.47333333333333,-5.5,0,5.0,14,8,6,33.0,Moderate,LMS engagement; Assignment submission; Assessment performance; Performance decline,Review
STU002274,BIO,Biological Sciences,School of Sciences and Humanities,3,Active,76.0,10,161,4782.0,-11.118378024852849,68.0,67.76,-8.900000000000006,18,0.0,14,8,6,46.0,Moderate,Attendance; Assignment submission; Assessment performance; Performance decline,Review
STU002275,FIN,Finance,Graduate School of Business,1,Active,75.0,10,88,2497.0,-19.15167095115681,57.49999999999999,50.84166666666667,-12.850000000000009,18,5.0,20,25,10,78.0,High,Attendance; LMS engagement; Assignment submission; Assessment performance; Performance decline,Priority outreach
STU002276,CS,Computer Science,School of Engineering and Digital Sciences,2,Active,80.0,10,203,4923.0,4.512276045122764,61.66666666666667,75.56666666666666,2.000000000000014,10,0.0,14,0,0,24.0,Low,Attendance; Assignment submission,Routine monitoring
STU002277,EE,Electrical Engineering,School of Engineering and Digital Sciences,3,Active,75.0,10,150,4493.0,-14.060446780551903,46.666666666666664,63.699999999999996,-15.25,18,0.0,20,17,10,65.0,High,Attendance; Assignment submission; Assessment performance; Performance decline,Priority outreach
STU002278,AI,Artificial Intelligence,School of Engineering and Digital Sciences,4,Active,70.0,10,150,3745.0,-7.351712614870505,80.0,62.291666666666664,-1.4499999999999886,18,0.0,7,17,3,45.0,Moderate,Attendance; Assignment submission; Assessment performance; Performance decline,Review
STU002279,AI,Artificial Intelligence,School of Engineering and Digital Sciences,2,Active,95.0,10,177,4828.0,8.953068592057758,87.5,74.29166666666667,1.0499999999999972,0,0.0,7,8,0,15.0,Low,Assignment submission; Assessment performance,Routine monitoring
STU002280,ECON,Economics,Graduate School of Business,1,Active,88.0,10,186,5354.0,-3.6363636363636362,82.0,79.78,1.1500000000000057,10,0.0,7,0,0,17.0,Low,Attendance; Assignment submission,Routine monitoring
STU002281,ME,Mechanical Engineering,School of Engineering and Digital Sciences,1,Active,96.66666666666667,10,262,7979.0,-6.05680868838764,95.0,69.3111111111111,0.45000000000000284,0,0.0,0,8,0,8.0,Low,Assessment performance,Routine monitoring
STU002282,AI,Artificial Intelligence,School of Engineering and Digital Sciences,4,Active,97.5,10,186,5351.0,1.74672489082968,85.0,73.19166666666666,3.8499999999999943,0,0.0,7,8,0,15.0,Low,Assignment submission; Assessment performance,Routine monitoring
STU002283,CHEM,Chemistry,School of Sciences and Humanities,3,Active,93.33333333333333,10,225,6966.0,3.303747534516771,81.66666666666667,66.6888888888889,-16.10000000000001,0,0.0,7,8,10,25.0,Low,Assignment submission; Assessment performance; Performance decline,Routine monitoring
STU002284,FIN,Finance,Graduate School of Business,4,Active,98.0,10,240,6883.0,6.332842415316642,92.0,77.86,5.200000000000003,0,0.0,0,0,0,0.0,Low,No material signal,Routine monitoring
STU002285,PSIR,Political Science and International Relations,School of Sciences and Humanities,3,Active,76.0,10,100,3124.0,2.9535864978902895,56.00000000000001,61.60666666666667,-10.45000000000001,18,0.0,20,17,10,65.0,High,Attendance; Assignment submission; Assessment performance; Performance decline,Priority outreach
STU002286,SOCI,Sociology,School of Sciences and Humanities,3,Active,67.5,10,137,4075.0,9.527687296416937,75.0,65.95833333333333,14.049999999999997,25,0.0,7,8,0,40.0,Moderate,Attendance; Assignment submission; Assessment performance,Review
STU002287,SOCI,Sociology,School of Sciences and Humanities,3,Active,65.99999999999999,10,112,3392.0,-6.4581231079717405,52.0,65.64666666666668,-9.79999999999999,25,0.0,20,8,6,59.0,Moderate,Attendance; Assignment submission; Assessment performance; Performance decline,Review
STU002288,CS,Computer Science,School of Engineering and Digital Sciences,2,Active,65.0,10,122,2495.0,-26.255707762557073,52.5,64.23333333333333,-11.650000000000006,25,5.0,20,17,10,77.0,High,Attendance; LMS engagement; Assignment submission; Assessment performance; Performance decline,Priority outreach
STU002289,PSIR,Political Science and International Relations,School of Sciences and Humanities,1,Active,65.0,10,159,4479.0,-17.268041237113408,68.33333333333333,73.83333333333333,-1.75,25,5.0,14,8,3,55.0,Moderate,Attendance; LMS engagement; Assignment submission; Assessment performance; Performance decline,Review
STU002290,AI,Artificial Intelligence,School of Engineering and Digital Sciences,4,Active,67.5,10,87,2225.0,-29.491945477075593,45.0,58.80833333333334,-6.0,25,5.0,20,17,6,73.0,High,Attendance; LMS engagement; Assignment submission; Assessment performance; Performance decline,Priority outreach
STU002291,FIN,Finance,Graduate School of Business,1,Active,72.5,10,71,1961.0,-10.349854227405245,50.0,70.94166666666668,-17.9,18,0.0,20,8,10,56.0,Moderate,Attendance; Assignment submission; Assessment performance; Performance decline,Review
STU002292,FIN,Finance,Graduate School of Business,1,Active,83.33333333333334,10,166,4667.0,-7.810320781032074,60.0,67.21666666666667,9.5,10,0.0,14,8,0,32.0,Moderate,Attendance; Assignment submission; Assessment performance,Review
STU002293,PSIR,Political Science and International Relations,School of Sciences and Humanities,3,Active,92.5,10,132,3692.0,13.815090329436764,65.0,69.2,5.8500000000000085,0,0.0,14,8,0,22.0,Low,Assignment submission; Assessment performance,Routine monitoring
STU002294,CS,Computer Science,School of Engineering and Digital Sciences,4,Active,88.0,10,214,5890.0,13.23170731707318,90.0,68.00666666666667,-10.600000000000009,10,0.0,0,8,10,28.0,Low,Attendance; Assessment performance; Performance decline,Routine monitoring
STU002295,BIO,Biological Sciences,School of Sciences and Humanities,3,Active,86.66666666666667,10,191,5272.0,-1.9442644199611256,71.66666666666667,65.41111111111111,-0.09999999999999432,10,0.0,14,8,3,35.0,Moderate,Attendance; Assignment submission; Assessment performance; Performance decline,Review
STU002296,PSIR,Political Science and International Relations,School of Sciences and Humanities,1,Active,78.33333333333333,10,203,5327.0,-22.605965463108323,76.66666666666667,65.65,-1.8499999999999943,18,5.0,7,8,3,41.0,Moderate,Attendance; LMS engagement; Assignment submission; Assessment performance; Performance decline,Review
STU002297,ECON,Economics,Graduate School of Business,2,Active,90.0,10,163,4703.0,-11.096690460739769,77.5,74.35000000000001,9.099999999999994,0,0.0,7,8,0,15.0,Low,Assignment submission; Assessment performance,Routine monitoring
STU002298,SOCI,Sociology,School of Sciences and Humanities,4,Active,83.33333333333334,10,194,5872.0,9.870740305522913,78.33333333333333,83.26111111111112,1.1999999999999886,10,0.0,7,0,0,17.0,Low,Attendance; Assignment submission,Routine monitoring
STU002299,AI,Artificial Intelligence,School of Engineering and Digital Sciences,1,Active,78.33333333333333,10,134,4177.0,0.08598452278589365,48.333333333333336,53.78333333333333,-6.8500000000000085,18,0.0,20,25,6,69.0,High,Attendance; Assignment submission; Assessment performance; Performance decline,Priority outreach
STU002300,CE,Civil Engineering,School of Mining and Geosciences,3,Active,85.0,10,143,4318.0,-7.240853658536577,60.0,76.875,-17.849999999999994,10,0.0,14,0,10,34.0,Moderate,Attendance; Assignment submission; Performance decline,Review
STU002301,PSIR,Political Science and International Relations,School of Sciences and Humanities,2,Active,90.0,10,153,4475.0,-19.021364576154376,68.0,64.67333333333333,0.7000000000000028,0,5.0,14,17,0,36.0,Moderate,LMS engagement; Assignment submission; Assessment performance,Review
STU002302,CE,Civil Engineering,School of Mining and Geosciences,2,Active,85.0,10,178,4194.0,9.813874788494083,77.5,70.35833333333333,-8.25,10,0.0,7,8,6,31.0,Moderate,Attendance; Assignment submission; Assessment performance; Performance decline,Review
STU002303,CE,Civil Engineering,School of Mining and Geosciences,2,Active,87.5,10,137,3652.0,-25.34775888717156,60.0,62.30833333333334,3.3999999999999915,10,5.0,14,17,0,46.0,Moderate,Attendance; LMS engagement; Assignment submission; Assessment performance,Review
STU002304,CE,Civil Engineering,School of Mining and Geosciences,3,Active,82.0,10,132,3447.0,10.892116182572614,64.0,76.56,-0.9499999999999886,10,0.0,14,0,3,27.0,Low,Attendance; Assignment submission; Performance decline,Routine monitoring
STU002305,PHYS,Physics,School of Sciences and Humanities,4,Active,86.0,10,139,3395.0,-9.500959692898272,56.00000000000001,65.68666666666667,-2.8499999999999943,10,0.0,20,8,3,41.0,Moderate,Attendance; Assignment submission; Assessment performance; Performance decline,Review
STU002306,PHYS,Physics,School of Sciences and Humanities,2,Active,70.0,10,115,3591.0,-1.528013582342954,52.0,64.07333333333334,11.399999999999999,18,0.0,20,17,0,55.0,Moderate,Attendance; Assignment submission; Assessment performance,Review
STU002307,AI,Artificial Intelligence,School of Engineering and Digital Sciences,1,Active,85.0,10,217,6436.0,-14.756446991404012,78.33333333333333,71.91666666666667,0.6500000000000057,10,0.0,7,8,0,25.0,Low,Attendance; Assignment submission; Assessment performance,Routine monitoring
STU002308,ME,Mechanical Engineering,School of Engineering and Digital Sciences,3,Active,85.0,10,98,3253.0,-2.9556650246305423,70.0,65.00833333333334,-4.199999999999989,10,0.0,14,8,3,35.0,Moderate,Attendance; Assignment submission; Assessment performance; Performance decline,Review
STU002309,SOCI,Sociology,School of Sciences and Humanities,4,Active,65.0,10,63,1549.0,-47.157190635451514,45.0,52.96666666666667,-18.300000000000004,25,9.0,20,25,10,89.0,Critical,Attendance; LMS engagement; Assignment submission; Assessment performance; Performance decline,Urgent review
STU002310,PHYS,Physics,School of Sciences and Humanities,2,Active,81.66666666666667,10,171,5074.0,-10.18867924528302,76.66666666666667,65.30555555555556,-19.599999999999994,10,0.0,7,8,10,35.0,Moderate,Attendance; Assignment submission; Assessment performance; Performance decline,Review
STU002311,SOCI,Sociology,School of Sciences and Humanities,4,Active,76.0,10,146,4177.0,-17.85714285714285,72.0,71.63333333333334,-18.450000000000003,18,5.0,14,8,10,55.0,Moderate,Attendance; LMS engagement; Assignment submission; Assessment performance; Performance decline,Review
STU002312,ME,Mechanical Engineering,School of Engineering and Digital Sciences,2,Active,67.5,10,136,3019.0,0.0,55.00000000000001,67.09166666666667,-4.249999999999993,25,0.0,20,8,3,56.0,Moderate,Attendance; Assignment submission; Assessment performance; Performance decline,Review
STU002313,AI,Artificial Intelligence,School of Engineering and Digital Sciences,4,Active,81.66666666666667,10,202,5080.0,6.062581486310311,75.0,64.02222222222223,-3.70000000000001,10,0.0,7,17,3,37.0,Moderate,Attendance; Assignment submission; Assessment performance; Performance decline,Review
STU002314,AI,Artificial Intelligence,School of Engineering and Digital Sciences,2,Active,92.5,10,164,5150.0,0.6605019815059407,85.0,79.33333333333333,3.8000000000000114,0,0.0,7,0,0,7.0,Low,Assignment submission,Routine monitoring
STU002315,CE,Civil Engineering,School of Mining and Geosciences,4,Active,86.66666666666667,10,221,6370.0,0.37695207323640895,75.0,64.5611111111111,-6.300000000000004,10,0.0,7,17,6,40.0,Moderate,Attendance; Assignment submission; Assessment performance; Performance decline,Review
STU002316,CS,Computer Science,School of Engineering and Digital Sciences,3,Active,73.33333333333334,10,178,3932.0,-7.4074074074074066,61.66666666666667,59.03333333333333,-6.049999999999997,18,0.0,14,17,6,55.0,Moderate,Attendance; Assignment submission; Assessment performance; Performance decline,Review
STU002317,ME,Mechanical Engineering,School of Engineering and Digital Sciences,4,Active,92.0,10,254,6630.0,1.5938303341902196,94.0,67.74,-0.8999999999999915,0,0.0,0,8,3,11.0,Low,Assessment performance; Performance decline,Routine monitoring
STU002318,ME,Mechanical Engineering,School of Engineering and Digital Sciences,1,Active,87.5,10,147,4015.0,-22.418879056047196,70.0,69.98333333333333,3.5999999999999943,10,5.0,14,8,0,37.0,Moderate,Attendance; LMS engagement; Assignment submission; Assessment performance,Review
STU002319,AI,Artificial Intelligence,School of Engineering and Digital Sciences,2,Active,68.33333333333333,10,157,3895.0,-13.819875776397511,55.00000000000001,66.66111111111111,-3.250000000000007,25,0.0,20,8,3,56.0,Moderate,Attendance; Assignment submission; Assessment performance; Performance decline,Review
STU002320,EE,Electrical Engineering,School of Engineering and Digital Sciences,1,Active,78.0,10,146,3647.0,-10.536044362292053,64.0,59.766666666666666,-17.150000000000006,18,0.0,14,17,10,59.0,Moderate,Attendance; Assignment submission; Assessment performance; Performance decline,Review
STU002321,PHYS,Physics,School of Sciences and Humanities,3,Active,90.0,10,239,6999.0,-4.768270944741528,90.0,70.05555555555556,6.75,0,0.0,0,8,0,8.0,Low,Assessment performance,Routine monitoring
STU002322,BIO,Biological Sciences,School of Sciences and Humanities,2,Active,65.0,10,103,2826.0,-21.392532795156395,65.0,64.64999999999999,11.949999999999989,25,5.0,14,17,0,61.0,High,Attendance; LMS engagement; Assignment submission; Assessment performance,Priority outreach
STU002323,BIO,Biological Sciences,School of Sciences and Humanities,1,Active,90.0,10,257,7780.0,0.8936170212765958,91.66666666666666,68.59444444444445,-5.25,0,0.0,0,8,6,14.0,Low,Assessment performance; Performance decline,Routine monitoring
STU002324,ECON,Economics,Graduate School of Business,1,Active,84.0,10,164,5362.0,4.438964241676943,74.0,73.24666666666667,11.950000000000017,10,0.0,14,8,0,32.0,Moderate,Attendance; Assignment submission; Assessment performance,Review
STU002325,PHYS,Physics,School of Sciences and Humanities,3,Active,68.0,10,113,3336.0,21.149144254278713,56.00000000000001,66.24666666666667,-14.799999999999997,25,0.0,20,8,10,63.0,High,Attendance; Assignment submission; Assessment performance; Performance decline,Priority outreach
STU002326,ME,Mechanical Engineering,School of Engineering and Digital Sciences,3,Active,60.0,10,158,4245.0,21.841155234657045,68.0,70.20666666666666,4.0,25,0.0,14,8,0,47.0,Moderate,Attendance; Assignment submission; Assessment performance,Review
STU002327,ME,Mechanical Engineering,School of Engineering and Digital Sciences,3,Active,77.5,10,131,3291.0,-13.089509143407119,55.00000000000001,75.51666666666667,-22.25,18,0.0,20,0,10,48.0,Moderate,Attendance; Assignment submission; Performance decline,Review
STU002328,EE,Electrical Engineering,School of Engineering and Digital Sciences,2,Active,82.0,10,117,3233.0,-27.456382001836555,50.0,52.0,-13.499999999999993,10,5.0,20,25,10,70.0,High,Attendance; LMS engagement; Assignment submission; Assessment performance; Performance decline,Priority outreach
STU002329,CE,Civil Engineering,School of Mining and Geosciences,1,Active,96.0,10,200,6505.0,-0.9737098344693227,86.0,85.79333333333334,7.049999999999997,0,0.0,7,0,0,7.0,Low,Assignment submission,Routine monitoring
STU002330,CHEM,Chemistry,School of Sciences and Humanities,3,Active,96.66666666666667,10,254,7961.0,-1.0799999999999998,86.66666666666667,86.59444444444445,5.099999999999994,0,0.0,7,0,0,7.0,Low,Assignment submission,Routine monitoring
STU002331,PSIR,Political Science and International Relations,School of Sciences and Humanities,3,Active,76.0,10,142,4248.0,-2.768987341772143,56.00000000000001,76.44666666666667,-1.3499999999999943,18,0.0,20,0,3,41.0,Moderate,Attendance; Assignment submission; Performance decline,Review
STU002332,CS,Computer Science,School of Engineering and Digital Sciences,2,Active,70.0,10,125,2911.0,0.6795016987542469,60.0,69.175,6.3500000000000085,18,0.0,14,8,0,40.0,Moderate,Attendance; Assignment submission; Assessment performance,Review
STU002333,PSIR,Political Science and International Relations,School of Sciences and Humanities,3,Active,92.5,10,152,4357.0,10.885458976441923,77.5,60.375,14.350000000000009,0,0.0,7,17,0,24.0,Low,Assignment submission; Assessment performance,Routine monitoring
STU002334,AI,Artificial Intelligence,School of Engineering and Digital Sciences,3,Active,70.0,10,99,2506.0,-21.856639247943605,65.0,64.58333333333333,2.6500000000000057,18,5.0,14,17,0,54.0,Moderate,Attendance; LMS engagement; Assignment submission; Assessment performance,Review
STU002335,CHEM,Chemistry,School of Sciences and Humanities,2,Active,70.0,10,124,3059.0,-3.952569169960469,67.5,67.78333333333333,3.700000000000003,18,0.0,14,8,0,40.0,Moderate,Attendance; Assignment submission; Assessment performance,Review
STU002336,FIN,Finance,Graduate School of Business,1,Active,95.0,10,149,4423.0,-10.63197026022304,80.0,75.68333333333334,0.7500000000000142,0,0.0,7,0,0,7.0,Low,Assignment submission,Routine monitoring
STU002337,CHEM,Chemistry,School of Sciences and Humanities,4,Active,96.0,10,268,6755.0,11.848601206801975,98.0,73.38666666666667,-10.100000000000009,0,0.0,0,8,10,18.0,Low,Assessment performance; Performance decline,Routine monitoring
STU002338,CHEM,Chemistry,School of Sciences and Humanities,1,Active,80.0,10,125,4008.0,-18.754688672168037,56.00000000000001,64.74666666666667,-13.950000000000003,10,5.0,20,17,10,62.0,High,Attendance; LMS engagement; Assignment submission; Assessment performance; Performance decline,Priority outreach
STU002339,FIN,Finance,Graduate School of Business,4,Active,80.0,10,136,4171.0,-12.660256410256416,77.5,65.94166666666666,-4.25,10,0.0,7,8,3,28.0,Low,Attendance; Assignment submission; Assessment performance; Performance decline,Routine monitoring
STU002340,PSIR,Political Science and International Relations,School of Sciences and Humanities,2,Active,85.0,10,112,2891.0,-16.090712742980568,55.00000000000001,59.74166666666667,-15.250000000000007,10,5.0,20,17,10,62.0,High,Attendance; LMS engagement; Assignment submission; Assessment performance; Performance decline,Priority outreach
STU002341,CE,Civil Engineering,School of Mining and Geosciences,2,Active,73.33333333333334,10,199,5253.0,-9.453032104637327,70.0,57.89444444444444,3.4000000000000057,18,0.0,14,17,0,49.0,Moderate,Attendance; Assignment submission; Assessment performance,Review
STU002342,ME,Mechanical Engineering,School of Engineering and Digital Sciences,4,Active,91.66666666666666,10,240,6818.0,4.305484366991286,80.0,67.41666666666667,-7.299999999999997,0,0.0,7,8,6,21.0,Low,Assignment submission; Assessment performance; Performance decline,Routine monitoring
STU002343,CHEM,Chemistry,School of Sciences and Humanities,4,Active,100.0,10,176,5367.0,-5.649038461538448,85.0,72.54166666666667,1.7000000000000028,0,0.0,7,8,0,15.0,Low,Assignment submission; Assessment performance,Routine monitoring
STU002344,FIN,Finance,Graduate School of Business,2,Active,85.0,10,136,4199.0,-13.750954927425516,75.0,65.16666666666667,-2.9499999999999957,10,0.0,7,8,3,28.0,Low,Attendance; Assignment submission; Assessment performance; Performance decline,Routine monitoring
STU002345,FIN,Finance,Graduate School of Business,2,Active,76.66666666666666,10,156,4882.0,15.894039735099339,68.33333333333333,64.38888888888889,-0.75,18,0.0,14,17,3,52.0,Moderate,Attendance; Assignment submission; Assessment performance; Performance decline,Review
STU002346,SOCI,Sociology,School of Sciences and Humanities,4,Active,88.33333333333333,10,229,6162.0,0.8883953359244736,68.33333333333333,77.80555555555556,-13.450000000000017,10,0.0,14,0,10,34.0,Moderate,Attendance; Assignment submission; Performance decline,Review
STU002347,CE,Civil Engineering,School of Mining and Geosciences,1,Active,86.0,10,151,4086.0,16.169154228855724,70.0,59.1,-15.349999999999994,10,0.0,14,17,10,51.0,Moderate,Attendance; Assignment submission; Assessment performance; Performance decline,Review
STU002348,CE,Civil Engineering,School of Mining and Geosciences,3,Active,70.0,10,123,4108.0,-7.0588235294117645,85.0,66.64999999999999,-2.8500000000000085,18,0.0,7,8,3,36.0,Moderate,Attendance; Assignment submission; Assessment performance; Performance decline,Review
STU002349,ME,Mechanical Engineering,School of Engineering and Digital Sciences,3,Active,73.33333333333334,10,145,4207.0,-4.030418250950562,63.33333333333333,64.79444444444444,-10.349999999999994,18,0.0,14,17,10,59.0,Moderate,Attendance; Assignment submission; Assessment performance; Performance decline,Review
STU002350,EE,Electrical Engineering,School of Engineering and Digital Sciences,4,Active,88.33333333333333,10,239,6405.0,21.00403923831507,75.0,68.61111111111111,-6.3500000000000085,10,0.0,7,8,6,31.0,Moderate,Attendance; Assignment submission; Assessment performance; Performance decline,Review
STU002351,PHYS,Physics,School of Sciences and Humanities,2,Active,95.0,10,245,7195.0,7.973102785782907,80.0,83.9388888888889,-0.75,0,0.0,7,0,3,10.0,Low,Assignment submission; Performance decline,Routine monitoring
STU002352,PSIR,Political Science and International Relations,School of Sciences and Humanities,4,Active,86.0,10,203,5723.0,-5.338691159586682,80.0,69.37333333333332,2.1500000000000057,10,0.0,7,8,0,25.0,Low,Attendance; Assignment submission; Assessment performance,Routine monitoring
STU002353,PSIR,Political Science and International Relations,School of Sciences and Humanities,4,Active,88.0,10,204,5965.0,8.143712574850307,80.0,77.89333333333335,-4.849999999999994,10,0.0,7,0,3,20.0,Low,Attendance; Assignment submission; Performance decline,Routine monitoring
STU002354,AI,Artificial Intelligence,School of Engineering and Digital Sciences,3,Active,80.0,10,160,4203.0,-6.349206349206349,61.66666666666667,67.31666666666666,-14.599999999999994,10,0.0,14,8,10,42.0,Moderate,Attendance; Assignment submission; Assessment performance; Performance decline,Review
STU002355,SOCI,Sociology,School of Sciences and Humanities,2,Active,78.33333333333333,10,215,5797.0,-5.440696409140358,68.33333333333333,74.44999999999999,3.3000000000000114,18,0.0,14,8,0,40.0,Moderate,Attendance; Assignment submission; Assessment performance,Review
STU002356,AI,Artificial Intelligence,School of Engineering and Digital Sciences,2,Active,66.66666666666667,10,125,3281.0,-29.949238578680205,40.67796610169492,64.66111111111111,4.75,25,5.0,20,17,0,67.0,High,Attendance; LMS engagement; Assignment submission; Assessment performance,Priority outreach
STU002357,CHEM,Chemistry,School of Sciences and Humanities,4,Active,85.0,10,206,4960.0,-5.650102110279105,71.66666666666667,64.08333333333333,2.700000000000003,10,0.0,14,17,0,41.0,Moderate,Attendance; Assignment submission; Assessment performance,Review
STU002358,ECON,Economics,Graduate School of Business,4,Active,73.33333333333334,10,144,4184.0,16.569037656903767,58.333333333333336,62.85555555555556,-8.799999999999983,18,0.0,20,17,6,61.0,High,Attendance; Assignment submission; Assessment performance; Performance decline,Priority outreach
STU002359,BIO,Biological Sciences,School of Sciences and Humanities,3,Active,100.0,10,231,6729.0,4.110275689223063,92.0,84.56,5.25,0,0.0,0,0,0,0.0,Low,No material signal,Routine monitoring
STU002360,BIO,Biological Sciences,School of Sciences and Humanities,1,Active,76.0,10,94,2413.0,-29.24187725631769,32.0,55.46666666666667,-25.39999999999999,18,5.0,20,17,10,70.0,High,Attendance; LMS engagement; Assignment submission; Assessment performance; Performance decline,Priority outreach
STU002361,EE,Electrical Engineering,School of Engineering and Digital Sciences,1,Active,90.0,10,148,3918.0,-6.961506961506957,77.5,60.89166666666667,-0.9499999999999957,0,0.0,7,17,3,27.0,Low,Assignment submission; Assessment performance; Performance decline,Routine monitoring
STU002362,BIO,Biological Sciences,School of Sciences and Humanities,1,Active,86.66666666666667,10,232,7896.0,-1.4208106978687745,86.66666666666667,78.66666666666667,9.900000000000006,10,0.0,7,0,0,17.0,Low,Attendance; Assignment submission,Routine monitoring
STU002363,CE,Civil Engineering,School of Mining and Geosciences,3,Active,80.0,10,182,5356.0,-11.167227833894506,82.0,64.84666666666666,-1.1499999999999986,10,0.0,7,17,3,37.0,Moderate,Attendance; Assignment submission; Assessment performance; Performance decline,Review
STU002364,EE,Electrical Engineering,School of Engineering and Digital Sciences,3,Active,95.0,10,244,7044.0,2.998065764023205,78.33333333333333,73.19444444444444,20.65,0,0.0,7,8,0,15.0,Low,Assignment submission; Assessment performance,Routine monitoring
STU002365,PSIR,Political Science and International Relations,School of Sciences and Humanities,1,Active,90.0,10,236,6835.0,7.1071071071071135,86.66666666666667,72.05555555555556,0.5,0,0.0,7,8,0,15.0,Low,Assignment submission; Assessment performance,Routine monitoring
STU002366,CE,Civil Engineering,School of Mining and Geosciences,1,Active,80.0,10,154,4409.0,-22.262247838616712,61.66666666666667,68.97777777777777,1.6000000000000085,10,5.0,14,8,0,37.0,Moderate,Attendance; LMS engagement; Assignment submission; Assessment performance,Review
STU002367,ECON,Economics,Graduate School of Business,4,Active,65.0,10,76,1882.0,-45.76043068640646,26.666666666666668,48.75,-7.950000000000003,25,9.0,20,25,6,85.0,Critical,Attendance; LMS engagement; Assignment submission; Assessment performance; Performance decline,Urgent review
STU002368,ECON,Economics,Graduate School of Business,1,Active,76.66666666666666,10,229,5231.0,-11.54822335025381,85.0,70.43333333333334,13.899999999999991,18,0.0,7,8,0,33.0,Moderate,Attendance; Assignment submission; Assessment performance,Review
STU002369,ECON,Economics,Graduate School of Business,3,Active,82.5,10,174,4503.0,-12.019230769230765,80.0,77.50833333333334,7.6499999999999915,10,0.0,7,0,0,17.0,Low,Attendance; Assignment submission,Routine monitoring
STU002370,AI,Artificial Intelligence,School of Engineering and Digital Sciences,1,Active,70.0,10,69,2333.0,17.931034482758616,45.0,63.76666666666667,-8.649999999999999,18,0.0,20,17,6,61.0,High,Attendance; Assignment submission; Assessment performance; Performance decline,Priority outreach
STU002371,PSIR,Political Science and International Relations,School of Sciences and Humanities,2,Active,86.66666666666667,10,236,6590.0,-8.947885939036377,80.0,77.15555555555555,-7.699999999999989,10,0.0,7,0,6,23.0,Low,Attendance; Assignment submission; Performance decline,Routine monitoring
STU002372,AI,Artificial Intelligence,School of Engineering and Digital Sciences,3,Active,90.0,10,196,5514.0,-22.89870689655172,78.33333333333333,71.57222222222222,-10.399999999999991,0,5.0,7,8,10,30.0,Moderate,LMS engagement; Assignment submission; Assessment performance; Performance decline,Review
STU002373,ECON,Economics,Graduate School of Business,2,Active,82.0,10,203,4947.0,-8.49242922975642,86.0,62.266666666666666,5.199999999999996,10,0.0,7,17,0,34.0,Moderate,Attendance; Assignment submission; Assessment performance,Review
STU002374,SOCI,Sociology,School of Sciences and Humanities,3,Active,85.0,10,178,4557.0,-12.781408859840237,58.333333333333336,57.52777777777778,-1.2999999999999972,10,0.0,20,17,3,50.0,Moderate,Attendance; Assignment submission; Assessment performance; Performance decline,Review
STU002375,CS,Computer Science,School of Engineering and Digital Sciences,4,Active,85.0,10,127,4155.0,-5.506783719074222,77.5,71.98333333333333,-8.0,10,0.0,7,8,6,31.0,Moderate,Attendance; Assignment submission; Assessment performance; Performance decline,Review
STU002376,FIN,Finance,Graduate School of Business,3,Active,94.0,10,200,6240.0,-3.565891472868217,84.0,77.32666666666667,11.799999999999997,0,0.0,7,0,0,7.0,Low,Assignment submission,Routine monitoring
STU002377,BIO,Biological Sciences,School of Sciences and Humanities,1,Active,57.49999999999999,10,89,2590.0,-20.920502092050214,55.00000000000001,64.875,11.949999999999989,25,5.0,20,17,0,67.0,High,Attendance; LMS engagement; Assignment submission; Assessment performance,Priority outreach
STU002378,ME,Mechanical Engineering,School of Engineering and Digital Sciences,1,Active,92.5,10,141,4435.0,7.521773555027717,87.5,68.09166666666665,-10.100000000000001,0,0.0,7,8,10,25.0,Low,Assignment submission; Assessment performance; Performance decline,Routine monitoring
STU002379,CS,Computer Science,School of Engineering and Digital Sciences,2,Active,88.0,10,182,5071.0,-16.08040201005025,74.0,66.98666666666666,-7.199999999999989,10,5.0,14,8,6,43.0,Moderate,Attendance; LMS engagement; Assignment submission; Assessment performance; Performance decline,Review
STU002380,CE,Civil Engineering,School of Mining and Geosciences,2,Active,56.00000000000001,10,128,3812.0,-24.66765140324963,56.00000000000001,63.91333333333333,-6.25,25,5.0,20,17,6,73.0,High,Attendance; LMS engagement; Assignment submission; Assessment performance; Performance decline,Priority outreach
STU002381,BIO,Biological Sciences,School of Sciences and Humanities,3,Active,83.33333333333334,10,241,7367.0,-5.107881990312633,88.33333333333333,61.66111111111112,-8.200000000000003,10,0.0,7,17,6,40.0,Moderate,Attendance; Assignment submission; Assessment performance; Performance decline,Review
STU002382,CHEM,Chemistry,School of Sciences and Humanities,4,Active,88.0,10,246,6451.0,6.169527896995695,86.0,71.02666666666667,-5.950000000000003,10,0.0,7,8,6,31.0,Moderate,Attendance; Assignment submission; Assessment performance; Performance decline,Review
STU002383,BIO,Biological Sciences,School of Sciences and Humanities,1,Active,73.33333333333334,10,159,4497.0,-2.147458840372226,75.0,65.01666666666667,-1.250000000000007,18,0.0,7,8,3,36.0,Moderate,Attendance; Assignment submission; Assessment performance; Performance decline,Review
STU002384,CS,Computer Science,School of Engineering and Digital Sciences,2,Active,68.0,10,59,1598.0,-77.55376344086022,32.0,57.29333333333333,-17.14999999999999,25,12.0,20,17,10,84.0,Critical,Attendance; LMS engagement; Assignment submission; Assessment performance; Performance decline,Urgent review
STU002385,EE,Electrical Engineering,School of Engineering and Digital Sciences,4,Active,72.0,10,144,3661.0,27.841501564129302,74.0,60.56666666666667,13.050000000000011,18,0.0,14,17,0,49.0,Moderate,Attendance; Assignment submission; Assessment performance,Review
STU002386,PSIR,Political Science and International Relations,School of Sciences and Humanities,2,Active,56.666666666666664,10,111,3322.0,1.9007391763463568,60.0,56.294444444444444,8.700000000000003,25,0.0,14,17,0,56.0,Moderate,Attendance; Assignment submission; Assessment performance,Review
STU002387,CHEM,Chemistry,School of Sciences and Humanities,1,Active,82.0,10,135,3660.0,-13.74367622259696,68.0,63.68,-14.450000000000003,10,0.0,14,17,10,51.0,Moderate,Attendance; Assignment submission; Assessment performance; Performance decline,Review
STU002388,ECON,Economics,Graduate School of Business,1,Active,47.5,10,89,2303.0,-3.7249283667621738,52.5,59.46666666666667,5.850000000000001,25,0.0,20,17,0,62.0,High,Attendance; Assignment submission; Assessment performance,Priority outreach
STU002389,PSIR,Political Science and International Relations,School of Sciences and Humanities,3,Active,82.0,10,137,4094.0,-10.583657587548634,62.0,67.88666666666667,8.0,10,0.0,14,8,0,32.0,Moderate,Attendance; Assignment submission; Assessment performance,Review
STU002390,CS,Computer Science,School of Engineering and Digital Sciences,1,Active,86.0,10,202,5880.0,-8.914728682170537,90.0,70.24666666666667,0.8999999999999915,10,0.0,0,8,0,18.0,Low,Attendance; Assessment performance,Routine monitoring
STU002391,BIO,Biological Sciences,School of Sciences and Humanities,4,Active,100.0,10,242,6491.0,5.706806282722519,88.0,85.28,15.049999999999997,0,0.0,7,0,0,7.0,Low,Assignment submission,Routine monitoring
STU002392,CHEM,Chemistry,School of Sciences and Humanities,3,Active,73.33333333333334,10,118,3264.0,13.865546218487395,51.66666666666667,58.34444444444445,-7.150000000000006,18,0.0,20,17,6,61.0,High,Attendance; Assignment submission; Assessment performance; Performance decline,Priority outreach
STU002393,CE,Civil Engineering,School of Mining and Geosciences,2,Active,88.33333333333333,10,274,7388.0,-4.07793384685093,86.66666666666667,74.27222222222223,-6.3500000000000085,10,0.0,7,8,6,31.0,Moderate,Attendance; Assignment submission; Assessment performance; Performance decline,Review
STU002394,CS,Computer Science,School of Engineering and Digital Sciences,3,Active,87.5,10,160,4751.0,11.20879120879121,72.5,81.91666666666667,-8.150000000000006,10,0.0,14,0,6,30.0,Moderate,Attendance; Assignment submission; Performance decline,Review
STU002395,PSIR,Political Science and International Relations,School of Sciences and Humanities,3,Active,92.0,10,176,5064.0,-21.18591723285979,70.0,80.02,-0.4000000000000057,0,5.0,14,0,3,22.0,Low,LMS engagement; Assignment submission; Performance decline,Routine monitoring
STU002396,EE,Electrical Engineering,School of Engineering and Digital Sciences,1,Active,80.0,10,119,3192.0,-30.102040816326532,56.00000000000001,68.38000000000001,-0.799999999999983,10,9.0,20,8,3,50.0,Moderate,Attendance; LMS engagement; Assignment submission; Assessment performance; Performance decline,Review
STU002397,PSIR,Political Science and International Relations,School of Sciences and Humanities,4,Active,88.33333333333333,10,186,5481.0,3.615235635894118,76.66666666666667,66.19444444444444,3.0999999999999943,10,0.0,7,8,0,25.0,Low,Attendance; Assignment submission; Assessment performance,Routine monitoring
STU002398,CHEM,Chemistry,School of Sciences and Humanities,2,Active,92.5,10,177,5408.0,-2.4818401937045937,90.0,74.41666666666667,10.549999999999997,0,0.0,0,8,0,8.0,Low,Assessment performance,Routine monitoring
STU002399,SOCI,Sociology,School of Sciences and Humanities,2,Active,85.0,10,189,4935.0,-10.80227416298167,68.33333333333333,62.06666666666667,-14.75,10,0.0,14,17,10,51.0,Moderate,Attendance; Assignment submission; Assessment performance; Performance decline,Review
STU002400,CHEM,Chemistry,School of Sciences and Humanities,2,Active,90.0,10,154,4025.0,2.682313495389764,67.5,73.11666666666666,-8.75,0,0.0,14,8,6,28.0,Low,Assignment submission; Assessment performance; Performance decline,Routine monitoring
STU002401,EE,Electrical Engineering,School of Engineering and Digital Sciences,4,Active,88.33333333333333,10,242,6340.0,-7.191601049868761,76.66666666666667,64.37222222222222,-9.299999999999997,10,0.0,7,17,6,40.0,Moderate,Attendance; Assignment submission; Assessment performance; Performance decline,Review
STU002402,CS,Computer Science,School of Engineering and Digital Sciences,1,Active,72.5,10,38,1053.0,-18.047337278106518,32.5,55.208333333333336,-17.300000000000004,18,5.0,20,17,10,70.0,High,Attendance; LMS engagement; Assignment submission; Assessment performance; Performance decline,Priority outreach
STU002403,CHEM,Chemistry,School of Sciences and Humanities,4,Active,78.33333333333333,10,218,6063.0,7.33838089691322,78.33333333333333,68.25,-0.10000000000000853,18,0.0,7,8,3,36.0,Moderate,Attendance; Assignment submission; Assessment performance; Performance decline,Review
STU002404,ECON,Economics,Graduate School of Business,2,Active,78.33333333333333,10,237,6178.0,2.8602860286028666,76.66666666666667,62.12777777777777,-6.0,18,0.0,7,17,6,48.0,Moderate,Attendance; Assignment submission; Assessment performance; Performance decline,Review
STU002405,CHEM,Chemistry,School of Sciences and Humanities,1,Active,95.0,10,167,5130.0,-7.554179566563471,80.0,71.70833333333333,-24.150000000000006,0,0.0,7,8,10,25.0,Low,Assignment submission; Assessment performance; Performance decline,Routine monitoring
STU002406,FIN,Finance,Graduate School of Business,1,Active,78.33333333333333,10,176,4514.0,-1.1980267794221324,60.0,66.98333333333333,-1.1500000000000057,18,0.0,14,8,3,43.0,Moderate,Attendance; Assignment submission; Assessment performance; Performance decline,Review
STU002407,ME,Mechanical Engineering,School of Engineering and Digital Sciences,3,Active,85.0,10,214,5738.0,9.716354858177422,80.0,62.916666666666664,-20.950000000000003,10,0.0,7,17,10,44.0,Moderate,Attendance; Assignment submission; Assessment performance; Performance decline,Review
STU002408,ME,Mechanical Engineering,School of Engineering and Digital Sciences,2,Active,70.0,10,139,3419.0,-0.5268703898840765,75.0,52.083333333333336,-0.8500000000000085,18,0.0,7,25,3,53.0,Moderate,Attendance; Assignment submission; Assessment performance; Performance decline,Review
STU002409,AI,Artificial Intelligence,School of Engineering and Digital Sciences,3,Active,94.0,10,222,6451.0,2.4024024024024024,92.0,72.53999999999999,-1.5499999999999972,0,0.0,0,8,3,11.0,Low,Assessment performance; Performance decline,Routine monitoring
STU002410,AI,Artificial Intelligence,School of Engineering and Digital Sciences,1,Active,98.0,10,190,5305.0,-4.2735042735042805,76.0,68.60666666666665,7.600000000000001,0,0.0,7,8,0,15.0,Low,Assignment submission; Assessment performance,Routine monitoring
STU002411,CE,Civil Engineering,School of Mining and Geosciences,2,Active,75.0,10,199,5142.0,-3.6363636363636225,56.666666666666664,64.1888888888889,11.850000000000009,18,0.0,20,17,0,55.0,Moderate,Attendance; Assignment submission; Assessment performance,Review
STU002412,EE,Electrical Engineering,School of Engineering and Digital Sciences,4,Active,87.5,10,145,3982.0,-19.029275808936834,72.5,66.10833333333333,12.500000000000014,10,5.0,14,8,0,37.0,Moderate,Attendance; LMS engagement; Assignment submission; Assessment performance,Review
STU002413,ME,Mechanical Engineering,School of Engineering and Digital Sciences,3,Active,71.66666666666667,10,211,6338.0,-12.78796426892336,63.33333333333333,73.89444444444445,9.150000000000006,18,0.0,14,8,0,40.0,Moderate,Attendance; Assignment submission; Assessment performance,Review
STU002414,EE,Electrical Engineering,School of Engineering and Digital Sciences,3,Active,75.0,10,134,3443.0,-5.5004508566276025,46.666666666666664,64.35,-2.549999999999997,18,0.0,20,17,3,58.0,Moderate,Attendance; Assignment submission; Assessment performance; Performance decline,Review
STU002415,AI,Artificial Intelligence,School of Engineering and Digital Sciences,1,Active,92.5,10,176,4852.0,-0.20297699594046006,70.0,82.85833333333333,0.29999999999999716,0,0.0,14,0,0,14.0,Low,Assignment submission,Routine monitoring
STU002416,AI,Artificial Intelligence,School of Engineering and Digital Sciences,3,Active,95.0,10,265,7764.0,1.9119608714984488,90.0,76.10555555555555,-0.8999999999999915,0,0.0,0,0,3,3.0,Low,Performance decline,Routine monitoring
STU002417,ME,Mechanical Engineering,School of Engineering and Digital Sciences,1,Active,88.0,10,184,5037.0,-19.44106925880923,86.0,58.873333333333335,0.3999999999999986,10,5.0,7,17,0,39.0,Moderate,Attendance; LMS engagement; Assignment submission; Assessment performance,Review
STU002418,FIN,Finance,Graduate School of Business,2,Active,78.0,10,164,4270.0,3.0546623794212127,66.0,50.10666666666667,6.5,18,0.0,14,25,0,57.0,Moderate,Attendance; Assignment submission; Assessment performance,Review
STU002419,CE,Civil Engineering,School of Mining and Geosciences,2,Active,72.0,10,123,3121.0,14.994096812278645,50.0,57.919999999999995,6.1499999999999915,18,0.0,20,17,0,55.0,Moderate,Attendance; Assignment submission; Assessment performance,Review
STU002420,ECON,Economics,Graduate School of Business,2,Active,78.0,10,143,3696.0,-19.670846394984316,54.0,66.08,11.600000000000009,18,5.0,20,8,0,51.0,Moderate,Attendance; LMS engagement; Assignment submission; Assessment performance,Review
STU002421,ECON,Economics,Graduate School of Business,3,Active,77.5,10,90,2304.0,8.73362445414847,52.5,67.24166666666666,-5.700000000000003,18,0.0,20,8,6,52.0,Moderate,Attendance; Assignment submission; Assessment performance; Performance decline,Review
STU002422,EE,Electrical Engineering,School of Engineering and Digital Sciences,2,Active,95.0,10,186,4751.0,-1.027146001467343,80.0,73.71666666666667,8.0,0,0.0,7,8,0,15.0,Low,Assignment submission; Assessment performance,Routine monitoring
STU002423,AI,Artificial Intelligence,School of Engineering and Digital Sciences,4,Active,76.0,10,154,4712.0,4.974765681326605,70.0,68.87333333333332,-8.850000000000009,18,0.0,14,8,6,46.0,Moderate,Attendance; Assignment submission; Assessment performance; Performance decline,Review
STU002424,ME,Mechanical Engineering,School of Engineering and Digital Sciences,1,Active,81.66666666666667,10,204,5868.0,-2.729805013927583,66.66666666666666,66.30555555555556,-11.549999999999997,10,0.0,14,8,10,42.0,Moderate,Attendance; Assignment submission; Assessment performance; Performance decline,Review
STU002425,ECON,Economics,Graduate School of Business,3,Active,88.0,10,193,5291.0,12.508316699933458,74.0,66.28666666666666,-1.3999999999999915,10,0.0,14,8,3,35.0,Moderate,Attendance; Assignment submission; Assessment performance; Performance decline,Review
STU002426,ECON,Economics,Graduate School of Business,1,Active,82.0,10,201,5330.0,-0.47421458209841294,82.0,78.81333333333333,-10.649999999999991,10,0.0,7,0,10,27.0,Low,Attendance; Assignment submission; Performance decline,Routine monitoring
STU002427,ECON,Economics,Graduate School of Business,2,Active,96.66666666666667,10,282,7879.0,-4.934626739772248,91.66666666666666,80.0611111111111,-2.6000000000000085,0,0.0,0,0,3,3.0,Low,Performance decline,Routine monitoring
STU002428,CHEM,Chemistry,School of Sciences and Humanities,4,Active,80.0,10,139,3914.0,-16.60261337432744,72.5,59.63333333333333,9.350000000000001,10,5.0,14,17,0,46.0,Moderate,Attendance; LMS engagement; Assignment submission; Assessment performance,Review
STU002429,ECON,Economics,Graduate School of Business,1,Active,85.0,10,270,7279.0,-11.329833770778658,93.33333333333333,70.68333333333334,5.400000000000006,10,0.0,0,8,0,18.0,Low,Attendance; Assessment performance,Routine monitoring
STU002430,ECON,Economics,Graduate School of Business,2,Active,76.66666666666666,10,205,5045.0,-9.27109974424553,70.0,64.12777777777778,-1.249999999999993,18,0.0,14,17,3,52.0,Moderate,Attendance; Assignment submission; Assessment performance; Performance decline,Review
STU002431,ME,Mechanical Engineering,School of Engineering and Digital Sciences,4,Active,76.66666666666666,10,146,3939.0,4.006677796327212,71.66666666666667,64.06666666666666,-12.550000000000011,18,0.0,14,17,10,59.0,Moderate,Attendance; Assignment submission; Assessment performance; Performance decline,Review
STU002432,BIO,Biological Sciences,School of Sciences and Humanities,2,Active,86.0,10,185,5087.0,-11.000000000000004,74.0,71.17333333333333,-4.25,10,0.0,14,8,3,35.0,Moderate,Attendance; Assignment submission; Assessment performance; Performance decline,Review
STU002433,PSIR,Political Science and International Relations,School of Sciences and Humanities,3,Active,90.0,10,176,5230.0,-13.722312263641268,76.0,73.33333333333333,4.75,0,0.0,7,8,0,15.0,Low,Assignment submission; Assessment performance,Routine monitoring
STU002434,PHYS,Physics,School of Sciences and Humanities,1,Active,100.0,10,230,6790.0,9.173387096774187,90.0,83.62666666666668,-15.5,0,0.0,0,0,10,10.0,Low,Performance decline,Routine monitoring
STU002435,PHYS,Physics,School of Sciences and Humanities,1,Active,68.33333333333333,10,138,3735.0,-26.452119309262173,48.333333333333336,57.81666666666667,2.5,25,5.0,20,17,0,67.0,High,Attendance; LMS engagement; Assignment submission; Assessment performance,Priority outreach
STU002436,EE,Electrical Engineering,School of Engineering and Digital Sciences,2,Active,80.0,10,117,3431.0,-10.19855595667869,55.00000000000001,58.30833333333334,-3.3500000000000085,10,0.0,20,17,3,50.0,Moderate,Attendance; Assignment submission; Assessment performance; Performance decline,Review
STU002437,CHEM,Chemistry,School of Sciences and Humanities,3,Active,70.0,10,153,4373.0,-19.943422913719942,43.333333333333336,65.04444444444444,-3.9000000000000057,18,5.0,20,8,3,54.0,Moderate,Attendance; LMS engagement; Assignment submission; Assessment performance; Performance decline,Review
STU002438,FIN,Finance,Graduate School of Business,1,Active,93.33333333333333,10,278,8125.0,-9.188973232121462,98.33333333333333,67.13888888888889,24.6,0,0.0,0,8,0,8.0,Low,Assessment performance,Routine monitoring
STU002439,PHYS,Physics,School of Sciences and Humanities,4,Active,70.0,10,174,4608.0,-5.955678670360103,60.0,62.516666666666666,-16.6,18,0.0,14,17,10,59.0,Moderate,Attendance; Assignment submission; Assessment performance; Performance decline,Review
STU002440,CE,Civil Engineering,School of Mining and Geosciences,3,Active,78.0,10,165,4220.0,18.466898954703822,68.0,72.45333333333333,-9.299999999999997,18,0.0,14,8,6,46.0,Moderate,Attendance; Assignment submission; Assessment performance; Performance decline,Review
STU002441,CHEM,Chemistry,School of Sciences and Humanities,2,Active,78.33333333333333,10,131,3157.0,-28.947368421052634,50.0,58.81666666666667,-14.450000000000003,18,5.0,20,17,10,70.0,High,Attendance; LMS engagement; Assignment submission; Assessment performance; Performance decline,Priority outreach
STU002442,PSIR,Political Science and International Relations,School of Sciences and Humanities,4,Active,85.0,10,209,6330.0,-7.09999999999999,78.33333333333333,65.05000000000001,-1.75,10,0.0,7,8,3,28.0,Low,Attendance; Assignment submission; Assessment performance; Performance decline,Routine monitoring
STU002443,CS,Computer Science,School of Engineering and Digital Sciences,1,Active,88.0,10,171,5515.0,-14.734437464306103,92.0,74.28,-7.75,10,0.0,0,8,6,24.0,Low,Attendance; Assessment performance; Performance decline,Routine monitoring
STU002444,PHYS,Physics,School of Sciences and Humanities,4,Active,82.0,10,161,5240.0,-8.928571428571429,74.0,66.45333333333333,7.750000000000007,10,0.0,14,8,0,32.0,Moderate,Attendance; Assignment submission; Assessment performance,Review
STU002445,PSIR,Political Science and International Relations,School of Sciences and Humanities,1,Active,72.0,10,128,4147.0,-13.163972286374134,54.0,77.66000000000001,4.6499999999999915,18,0.0,20,0,0,38.0,Moderate,Attendance; Assignment submission,Review
STU002446,BIO,Biological Sciences,School of Sciences and Humanities,2,Active,70.0,10,105,2975.0,18.249999999999986,60.0,48.96666666666667,-12.5,18,0.0,14,25,10,67.0,High,Attendance; Assignment submission; Assessment performance; Performance decline,Priority outreach
STU002447,CE,Civil Engineering,School of Mining and Geosciences,1,Active,80.0,10,210,6854.0,0.15113350125944586,80.0,75.30000000000001,-5.800000000000011,10,0.0,7,0,6,23.0,Low,Attendance; Assignment submission; Performance decline,Routine monitoring
STU002448,BIO,Biological Sciences,School of Sciences and Humanities,2,Active,87.5,10,146,4412.0,3.7808641975308594,82.5,75.04166666666667,-15.650000000000006,10,0.0,7,0,10,27.0,Low,Attendance; Assignment submission; Performance decline,Routine monitoring
STU002449,CE,Civil Engineering,School of Mining and Geosciences,1,Active,90.0,10,167,4872.0,3.922918100481762,75.0,75.75833333333334,5.049999999999997,0,0.0,7,0,0,7.0,Low,Assignment submission,Routine monitoring
STU002450,ME,Mechanical Engineering,School of Engineering and Digital Sciences,4,Active,86.66666666666667,10,229,7069.0,-1.7502365184484285,83.33333333333334,71.36666666666666,-15.199999999999989,10,0.0,7,8,10,35.0,Moderate,Attendance; Assignment submission; Assessment performance; Performance decline,Review
STU002451,CHEM,Chemistry,School of Sciences and Humanities,3,Active,70.0,10,187,4433.0,-0.5181347150259026,50.0,69.38888888888889,-5.450000000000003,18,0.0,20,8,6,52.0,Moderate,Attendance; Assignment submission; Assessment performance; Performance decline,Review
STU002452,EE,Electrical Engineering,School of Engineering and Digital Sciences,4,Active,82.5,10,151,4471.0,3.3898305084745846,85.0,67.5,-12.700000000000003,10,0.0,7,8,10,35.0,Moderate,Attendance; Assignment submission; Assessment performance; Performance decline,Review
STU002453,CS,Computer Science,School of Engineering and Digital Sciences,2,Active,90.0,10,151,4221.0,-9.439754412893324,80.0,66.425,-18.05000000000001,0,0.0,7,8,10,25.0,Low,Assignment submission; Assessment performance; Performance decline,Routine monitoring
STU002454,PSIR,Political Science and International Relations,School of Sciences and Humanities,2,Active,81.66666666666667,10,218,6926.0,-13.030035335689035,80.0,69.9388888888889,-0.09999999999999432,10,0.0,7,8,3,28.0,Low,Attendance; Assignment submission; Assessment performance; Performance decline,Routine monitoring
STU002455,CS,Computer Science,School of Engineering and Digital Sciences,3,Active,78.33333333333333,10,184,5316.0,0.2525252525252597,58.333333333333336,73.22777777777777,-7.200000000000003,18,0.0,20,8,6,52.0,Moderate,Attendance; Assignment submission; Assessment performance; Performance decline,Review
STU002456,FIN,Finance,Graduate School of Business,1,Active,85.0,10,154,3907.0,-11.610793131643508,75.0,71.09166666666667,8.400000000000006,10,0.0,7,8,0,25.0,Low,Attendance; Assignment submission; Assessment performance,Routine monitoring
STU002457,ME,Mechanical Engineering,School of Engineering and Digital Sciences,2,Active,90.0,10,193,5349.0,-6.712243629583603,70.0,64.12666666666667,7.350000000000001,0,0.0,14,17,0,31.0,Moderate,Assignment submission; Assessment performance,Review
STU002458,PHYS,Physics,School of Sciences and Humanities,2,Active,70.0,10,121,3743.0,3.7340619307832474,57.99999999999999,70.58666666666666,-0.25,18,0.0,20,8,3,49.0,Moderate,Attendance; Assignment submission; Assessment performance; Performance decline,Review
STU002459,PSIR,Political Science and International Relations,School of Sciences and Humanities,3,Active,88.33333333333333,10,234,7160.0,-14.845814977973559,83.33333333333334,73.32777777777778,21.950000000000003,10,0.0,7,8,0,25.0,Low,Attendance; Assignment submission; Assessment performance,Routine monitoring
STU002460,CHEM,Chemistry,School of Sciences and Humanities,3,Active,80.0,10,147,3609.0,26.873126873126864,48.0,58.026666666666664,-12.350000000000009,10,0.0,20,17,10,57.0,Moderate,Attendance; Assignment submission; Assessment performance; Performance decline,Review
STU002461,FIN,Finance,Graduate School of Business,2,Active,82.5,10,148,4671.0,-5.055401662049857,77.5,69.03333333333333,-9.899999999999999,10,0.0,7,8,6,31.0,Moderate,Attendance; Assignment submission; Assessment performance; Performance decline,Review
STU002462,FIN,Finance,Graduate School of Business,4,Active,85.0,10,186,4869.0,-10.564784053156146,77.5,75.925,6.400000000000006,10,0.0,7,0,0,17.0,Low,Attendance; Assignment submission,Routine monitoring
STU002463,BIO,Biological Sciences,School of Sciences and Humanities,4,Active,70.0,10,109,2582.0,-23.058252427184467,52.5,59.85,-13.550000000000004,18,5.0,20,17,10,70.0,High,Attendance; LMS engagement; Assignment submission; Assessment performance; Performance decline,Priority outreach
STU002464,ME,Mechanical Engineering,School of Engineering and Digital Sciences,2,Active,80.0,10,187,4967.0,9.270620313565106,65.0,74.48888888888888,-15.299999999999997,10,0.0,14,8,10,42.0,Moderate,Attendance; Assignment submission; Assessment performance; Performance decline,Review
STU002465,PHYS,Physics,School of Sciences and Humanities,4,Active,85.0,10,148,3878.0,-16.810683424980358,55.00000000000001,57.550000000000004,1.0,10,5.0,20,17,0,52.0,Moderate,Attendance; LMS engagement; Assignment submission; Assessment performance,Review
STU002466,EE,Electrical Engineering,School of Engineering and Digital Sciences,3,Active,85.0,10,192,5908.0,1.2804878048780488,68.33333333333333,64.53888888888889,-0.5999999999999943,10,0.0,14,17,3,44.0,Moderate,Attendance; Assignment submission; Assessment performance; Performance decline,Review
STU002467,CHEM,Chemistry,School of Sciences and Humanities,2,Active,87.5,10,146,4188.0,-3.565768621236133,85.0,63.50833333333333,1.6500000000000057,10,0.0,7,17,0,34.0,Moderate,Attendance; Assignment submission; Assessment performance,Review
STU002468,ME,Mechanical Engineering,School of Engineering and Digital Sciences,3,Active,94.0,10,213,5998.0,-4.199328107502799,86.0,72.88000000000001,-1.3000000000000114,0,0.0,7,8,3,18.0,Low,Assignment submission; Assessment performance; Performance decline,Routine monitoring
STU002469,CS,Computer Science,School of Engineering and Digital Sciences,2,Active,82.0,10,174,4875.0,1.541695865451993,72.0,79.22,8.200000000000003,10,0.0,14,0,0,24.0,Low,Attendance; Assignment submission,Routine monitoring
STU002470,ECON,Economics,Graduate School of Business,4,Active,70.0,10,136,3838.0,5.021645021645017,64.0,64.01333333333334,-7.5,18,0.0,14,17,6,55.0,Moderate,Attendance; Assignment submission; Assessment performance; Performance decline,Review
STU002471,ECON,Economics,Graduate School of Business,1,Active,62.5,10,92,2629.0,26.37681159420291,52.5,65.71666666666667,4.550000000000011,25,0.0,20,8,0,53.0,Moderate,Attendance; Assignment submission; Assessment performance,Review
STU002472,CE,Civil Engineering,School of Mining and Geosciences,3,Active,86.66666666666667,10,223,5514.0,0.0,70.0,68.99444444444445,-17.950000000000003,10,0.0,14,8,10,42.0,Moderate,Attendance; Assignment submission; Assessment performance; Performance decline,Review
STU002473,FIN,Finance,Graduate School of Business,2,Active,76.66666666666666,10,159,5015.0,-19.731215638362855,68.33333333333333,71.24444444444445,-20.65,18,5.0,14,8,10,55.0,Moderate,Attendance; LMS engagement; Assignment submission; Assessment performance; Performance decline,Review
STU002474,FIN,Finance,Graduate School of Business,2,Active,91.66666666666666,10,227,6833.0,-9.5452498874381,83.33333333333334,68.82777777777778,0.5499999999999972,0,0.0,7,8,0,15.0,Low,Assignment submission; Assessment performance,Routine monitoring
STU002475,EE,Electrical Engineering,School of Engineering and Digital Sciences,2,Active,90.0,10,294,8151.0,9.168808911739507,96.66666666666667,81.53333333333333,-7.050000000000011,0,0.0,0,0,6,6.0,Low,Performance decline,Routine monitoring
STU002476,SOCI,Sociology,School of Sciences and Humanities,2,Active,88.0,10,183,4951.0,-2.864756828780809,78.0,61.85333333333333,-10.75,10,0.0,7,17,10,44.0,Moderate,Attendance; Assignment submission; Assessment performance; Performance decline,Review
STU002477,PSIR,Political Science and International Relations,School of Sciences and Humanities,1,Active,72.5,10,132,3952.0,-5.657237936772051,72.5,74.7,1.5,18,0.0,14,8,0,40.0,Moderate,Attendance; Assignment submission; Assessment performance,Review
STU002478,PHYS,Physics,School of Sciences and Humanities,3,Active,88.0,10,186,5247.0,-4.059962523422854,82.0,67.74666666666667,11.849999999999994,10,0.0,7,8,0,25.0,Low,Attendance; Assignment submission; Assessment performance,Routine monitoring
STU002479,SOCI,Sociology,School of Sciences and Humanities,1,Active,72.0,10,114,3628.0,-15.274261603375521,57.99999999999999,56.78666666666666,7.800000000000004,18,5.0,20,17,0,60.0,High,Attendance; LMS engagement; Assignment submission; Assessment performance,Priority outreach
STU002480,CHEM,Chemistry,School of Sciences and Humanities,2,Active,93.33333333333333,10,257,7578.0,-0.47867711053089146,86.66666666666667,69.74444444444445,6.799999999999997,0,0.0,7,8,0,15.0,Low,Assignment submission; Assessment performance,Routine monitoring
STU002481,BIO,Biological Sciences,School of Sciences and Humanities,2,Active,90.0,10,225,7030.0,6.0373742213703885,88.33333333333333,74.09444444444445,-16.450000000000003,0,0.0,7,8,10,25.0,Low,Assignment submission; Assessment performance; Performance decline,Routine monitoring
STU002482,SOCI,Sociology,School of Sciences and Humanities,2,Active,77.5,10,108,3075.0,-9.17822838847384,55.00000000000001,62.416666666666664,-9.300000000000004,18,0.0,20,17,6,61.0,High,Attendance; Assignment submission; Assessment performance; Performance decline,Priority outreach
STU002483,PSIR,Political Science and International Relations,School of Sciences and Humanities,1,Active,86.0,10,127,3522.0,-20.710571923743505,54.0,63.3,-24.199999999999996,10,5.0,20,17,10,62.0,High,Attendance; LMS engagement; Assignment submission; Assessment performance; Performance decline,Priority outreach
STU002484,BIO,Biological Sciences,School of Sciences and Humanities,1,Active,75.0,10,72,2210.0,-22.537313432835823,42.5,47.76666666666666,-20.5,18,5.0,20,25,10,78.0,High,Attendance; LMS engagement; Assignment submission; Assessment performance; Performance decline,Priority outreach
STU002485,CE,Civil Engineering,School of Mining and Geosciences,2,Active,90.0,10,142,4125.0,-8.662613981762918,82.5,78.64166666666667,-0.20000000000000284,0,0.0,7,0,3,10.0,Low,Assignment submission; Performance decline,Routine monitoring
STU002486,CHEM,Chemistry,School of Sciences and Humanities,2,Active,68.33333333333333,10,154,4273.0,-9.89010989010989,70.0,62.43333333333333,-12.200000000000003,25,0.0,14,17,10,66.0,High,Attendance; Assignment submission; Assessment performance; Performance decline,Priority outreach
STU002487,EE,Electrical Engineering,School of Engineering and Digital Sciences,2,Active,85.0,10,164,3937.0,-7.5440067057837386,72.5,63.88333333333333,-9.749999999999986,10,0.0,14,17,6,47.0,Moderate,Attendance; Assignment submission; Assessment performance; Performance decline,Review
STU002488,PSIR,Political Science and International Relations,School of Sciences and Humanities,1,Active,58.00000000000001,10,83,1956.0,-26.1637239165329,32.0,53.82,-21.550000000000004,25,5.0,20,25,10,85.0,Critical,Attendance; LMS engagement; Assignment submission; Assessment performance; Performance decline,Urgent review
STU002489,PHYS,Physics,School of Sciences and Humanities,1,Active,87.5,10,150,3899.0,5.975103734439833,75.0,69.76666666666667,8.549999999999997,10,0.0,7,8,0,25.0,Low,Attendance; Assignment submission; Assessment performance,Routine monitoring
STU002490,AI,Artificial Intelligence,School of Engineering and Digital Sciences,3,Active,90.0,10,172,5098.0,-3.6112934996717074,92.5,72.41666666666667,3.3999999999999915,0,0.0,0,8,0,8.0,Low,Assessment performance,Routine monitoring
STU002491,SOCI,Sociology,School of Sciences and Humanities,3,Active,75.0,10,172,4306.0,-11.60778658976207,61.66666666666667,63.31666666666667,-1.6499999999999986,18,0.0,14,17,3,52.0,Moderate,Attendance; Assignment submission; Assessment performance; Performance decline,Review
STU002492,EE,Electrical Engineering,School of Engineering and Digital Sciences,3,Active,78.0,10,214,5494.0,6.380368098159502,74.0,68.79333333333334,-6.049999999999997,18,0.0,14,8,6,46.0,Moderate,Attendance; Assignment submission; Assessment performance; Performance decline,Review
STU002493,ME,Mechanical Engineering,School of Engineering and Digital Sciences,1,Active,80.0,10,164,4492.0,-0.22471910112359553,82.5,82.14999999999999,-0.09999999999999432,10,0.0,7,0,3,20.0,Low,Attendance; Assignment submission; Performance decline,Routine monitoring
STU002494,ME,Mechanical Engineering,School of Engineering and Digital Sciences,1,Active,88.0,10,204,5550.0,-5.423522242535032,80.0,79.42666666666668,-7.699999999999989,10,0.0,7,0,6,23.0,Low,Attendance; Assignment submission; Performance decline,Routine monitoring
STU002495,EE,Electrical Engineering,School of Engineering and Digital Sciences,1,Active,82.5,10,133,4241.0,-14.609929078014188,55.00000000000001,67.8,-1.0,10,0.0,20,8,3,41.0,Moderate,Attendance; Assignment submission; Assessment performance; Performance decline,Review
STU002496,BIO,Biological Sciences,School of Sciences and Humanities,3,Active,83.33333333333334,10,232,5881.0,26.775244299674256,81.66666666666667,67.71666666666667,2.3499999999999943,10,0.0,7,8,0,25.0,Low,Attendance; Assignment submission; Assessment performance,Routine monitoring
STU002497,CHEM,Chemistry,School of Sciences and Humanities,4,Active,72.5,10,118,3096.0,1.2035010940918913,62.5,61.19166666666666,-12.749999999999993,18,0.0,14,17,10,59.0,Moderate,Attendance; Assignment submission; Assessment performance; Performance decline,Review
STU002498,SOCI,Sociology,School of Sciences and Humanities,2,Active,96.0,10,198,6596.0,-2.09245742092458,94.0,85.22666666666667,-9.25,0,0.0,0,0,6,6.0,Low,Performance decline,Routine monitoring
STU002499,PSIR,Political Science and International Relations,School of Sciences and Humanities,1,Active,90.0,10,240,6719.0,-4.20650095602295,75.0,70.82777777777778,-7.299999999999997,0,0.0,7,8,6,21.0,Low,Assignment submission; Assessment performance; Performance decline,Routine monitoring
STU002500,ECON,Economics,Graduate School of Business,1,Active,78.0,10,165,4657.0,1.1854951185495157,72.0,62.913333333333334,8.5,18,0.0,14,17,0,49.0,Moderate,Attendance; Assignment submission; Assessment performance,Review
